¦C¼Æ,pin_package,bd_id,product,da_out,da_act,wb_out,wb_act,cure_out,cure_act,
1,	SMT         ,	AZA0086A1001B       ,	000SZA038                ,	0.00,	0.00,	0.00,	0.00,	0.00,	0.00,
2,	MAT         ,	,	0008WLF001               ,	0.00,	0.00,	0.00,	0.00,	0.00,	0.00,
3,	FCQFN-08OK2D,	ANI008OK2001A       ,	008OKNI019               ,	0.00,	0.00,	0.00,	0.00,	0.00,	0.00,
4,	FCQFN-08OK2D,	ANI008OK2001A       ,	008OKNI044               ,	0.00,	0.00,	0.00,	0.00,	0.00,	0.00,
5,	FCQFN-08OK2D,	ANI008OK2001A       ,	008OKNI057               ,	0.00,	0.00,	0.00,	0.00,	0.00,	0.00,
6,	FCQFN-08OK2D,	ANI008OK2001A       ,	008OKNI061               ,	0.00,	0.00,	0.00,	0.00,	0.00,	0.00,
7,	FCQFN-08OK2D,	ANI008OK2001A       ,	008OKNI093               ,	0.00,	0.00,	0.00,	0.00,	0.00,	0.00,
8,	FCDFN-08YZ2A,	ANI008YZ1001D       ,	008YZNI035               ,	0.00,	0.00,	0.00,	0.00,	0.00,	0.00,
9,	DFN-12Y12A  ,	ANI012Y11002C       ,	012Y1NI049               ,	0.00,	0.00,	0.00,	0.00,	0.00,	0.00,
10,	FCQFN-12Y32D,	ANI012Y32001B       ,	012Y3NI106               ,	0.00,	0.00,	0.00,	0.00,	0.00,	0.00,
11,	FCQFN-12Y32D,	ANI012Y32001B       ,	012Y3NI128               ,	0.00,	0.00,	0.00,	0.00,	0.00,	0.00,
12,	FCQFN-12Y32D,	ANI012Y32002D       ,	012Y3NI140               ,	0.00,	0.00,	0.00,	0.00,	0.00,	0.00,
13,	FCQFN-12Y32D,	ANI012Y32002D       ,	012Y3NI175               ,	0.00,	0.00,	0.00,	0.00,	0.00,	0.00,
14,	FCQFN-14OA2D,	ANI014OA1001C       ,	014OANI049               ,	0.00,	0.00,	0.00,	0.00,	0.00,	0.00,
15,	QFN-20YU2D  ,	ANI020YU1001M       ,	020YUNI117               ,	0.00,	0.00,	0.00,	0.00,	0.00,	0.00,
16,	QFN-20YU2D  ,	ANI020YU1002B       ,	020YUNI136               ,	0.00,	0.00,	0.00,	0.00,	0.00,	0.00,
17,	QFN-20YU2D  ,	ANI020YU1002B       ,	020YUNI185               ,	0.00,	0.00,	0.00,	0.00,	0.00,	0.00,
18,	QFN-20YU2D  ,	ANI020YU1001M       ,	020YUNI265               ,	0.00,	0.00,	0.00,	0.00,	0.00,	0.00,
19,	QFN-20YU2D  ,	ANI020YU1001M       ,	020YUNI271               ,	0.00,	0.00,	0.00,	0.00,	0.00,	0.00,
20,	QFN-20YU2D  ,	ANI020YU1005C       ,	020YUNI289               ,	0.00,	0.00,	0.00,	0.00,	0.00,	0.00,
21,	QFN-20YU2D  ,	ANI020YU1002B       ,	020YUNI307               ,	0.00,	0.00,	0.00,	0.00,	0.00,	0.00,
22,	QFN-20YU2D  ,	ANI020YU1001M       ,	020YUNI314               ,	0.00,	0.00,	0.00,	0.00,	0.00,	0.00,
23,	QFN-20YU2D  ,	ANI020YU1001M       ,	020YUNI319               ,	0.00,	0.00,	0.00,	0.00,	0.00,	0.00,
24,	FPSSLGA28N6V,	AHQ0282J2006B       ,	0282JHQ034               ,	0.00,	0.00,	0.00,	0.00,	0.00,	0.00,
25,	FPSTLGA44YBV,	AHQ0442J3005A       ,	0442JCM009ENG            ,	0.00,	0.00,	0.00,	0.00,	0.00,	0.00,
26,	FPSTLGA44tBV,	AHQ0442J3003A       ,	0442JCM010ENG            ,	0.00,	0.00,	0.00,	0.00,	0.00,	0.00,
27,	FPSTLGA44r6V,	AHQ0445T2004B       ,	0445TCM008ENG            ,	0.00,	0.00,	0.00,	0.00,	0.00,	0.00,
28,	FBGAS-78LEA ,	ABU078EA3001A       ,	078EACM003ENG            ,	0.00,	0.00,	0.00,	0.00,	0.00,	0.00,
29,	FBGA-96UEL-3,	AAS096EL1002A       ,	096ELCM010ENG            ,	0.00,	0.00,	0.00,	0.00,	0.00,	0.00,
30,	STBGA132G4U ,	ANV132X25002B       ,	132X2CME51ENG            ,	0.00,	0.00,	0.00,	0.00,	0.00,	0.00,
31,	TSOP2-54ME  ,	ACD054TN1001A       ,	054TNCD017               ,	0.00,	0.00,	0.00,	0.00,	0.00,	0.00,
32,	VFBGA90B4L  ,	AGA090NC4003A       ,	090NCGA037               ,	0.00,	0.00,	0.00,	0.00,	0.00,	0.00,
33,	TSOP1-48/48 ,	ABU048TG1002A       ,	048TGBU008               ,	0.00,	0.00,	0.00,	0.00,	0.00,	0.00,
34,	STBGA168DEU ,	ABU168XI2001A       ,	168XIBU001               ,	0.00,	0.00,	0.00,	0.00,	0.00,	0.00,
35,	MBGA36Q3L   ,	AOK036RP1001A       ,	036RPOK001               ,	0.00,	0.00,	8.36,	0.00,	0.00,	0.00,
36,	TSOP1-48/48A,	AOK048TV1012A       ,	048TVOK008               ,	0.00,	0.00,	0.00,	0.00,	0.00,	0.00,
37,	MINIBGA24A3L,	AAW024MA6013C       ,	024MAAW023               ,	0.00,	0.00,	0.00,	0.00,	0.00,	0.00,
38,	TSOP1-48/M2 ,	AAW048TP1008B       ,	048TPAW103               ,	90.00,	13.39,	34.15,	9.36,	0.00,	0.00,
39,	MBGA64J4U   ,	AAW064MR1007A       ,	064MRAW028               ,	0.00,	0.00,	9.67,	5.72,	0.00,	0.00,
40,	MAT         ,	                    ,	0008WNV430               ,	0.00,	0.00,	0.00,	0.00,	0.00,	0.00,
41,	uSD08AQV-C  ,	ANV0086A1075A       ,	0086ANV172               ,	0.00,	0.00,	0.00,	0.00,	0.00,	0.00,
42,	uSD08AQV-C  ,	ANV0086A1069A       ,	0086ANV179               ,	0.00,	0.00,	0.00,	0.00,	0.00,	0.00,
43,	uSD08AQV-C  ,	ANV0086A1075A       ,	0086ANV202               ,	0.00,	0.00,	0.00,	0.00,	0.00,	0.00,
44,	STBGA132C4V ,	ANV132X2B002A       ,	132X2NV188               ,	0.00,	0.00,	0.00,	0.00,	0.00,	0.00,
45,	STBGA132G4VT,	ANV132X2C097A       ,	132X2NV195               ,	0.00,	0.00,	0.00,	0.00,	0.00,	0.00,
46,	STBGA169D4U ,	ANV169XN8001A       ,	169XNNV011               ,	0.00,	0.00,	27.59,	0.00,	0.00,	0.00,
47,	FCCSP319A3G ,	ANV319UK1001A       ,	319UKNV002               ,	0.00,	0.00,	0.00,	0.00,	0.00,	0.00,
48,	STBGA345SBC ,	ANV345XTB024A       ,	345XTNV081               ,	0.00,	0.00,	0.00,	0.00,	0.00,	0.00,
49,	FBGA60LCD(2),	ADY060CD4001A       ,	060CDDY027               ,	0.00,	0.00,	0.00,	0.00,	0.00,	0.00,
50,	WLCSP       ,	                    ,	000IAVT006               ,	0.00,	0.00,	0.00,	0.00,	0.00,	0.00,
51,	MAT         ,	ENG                 ,	0008WAB034               ,	0.00,	0.00,	0.00,	0.00,	0.00,	0.00,
52,	MAT         ,	ENG                 ,	0008WAB043               ,	0.00,	0.00,	0.00,	0.00,	0.00,	0.00,
53,	DFN-08YB2G  ,	AAB008YB2003A       ,	008YBAB012               ,	0.00,	0.00,	0.00,	0.00,	0.00,	0.00,
54,	MBGA24D6U   ,	AAB024MA6020A       ,	024MAAB053               ,	0.00,	0.00,	0.00,	0.00,	0.00,	0.00,
55,	TSOP1-48AM  ,	AAB048TW2010A       ,	048TWAB028               ,	0.00,	0.00,	0.00,	0.00,	0.00,	0.00,
56,	VFBGA54B4   ,	AAB054NB2001A       ,	054NBAB002               ,	0.00,	0.00,	13.61,	5.67,	0.00,	0.00,
57,	TSOP2-54ME  ,	AAB054TN1005A       ,	054TNAB036               ,	0.00,	0.00,	116.95,	25.86,	0.00,	0.00,
58,	MBGA84J3U   ,	AAB084RB2001A       ,	084RBAB004               ,	30.00,	0.00,	0.00,	0.00,	0.00,	0.00,
59,	FBGA-84UC(2),	AAB084CC2007A       ,	084UCAB022               ,	0.00,	0.00,	0.00,	0.00,	0.00,	0.00,
60,	WLCSP       ,	ENG                 ,	000IABW052               ,	0.00,	0.00,	0.00,	0.00,	0.00,	0.00,
61,	WLCSP       ,	                    ,	000IABW064               ,	0.00,	0.00,	0.00,	0.00,	0.00,	0.00,
62,	WLCSP       ,	                    ,	000IABW074               ,	0.00,	0.00,	0.00,	0.00,	0.00,	0.00,
63,	WLCSP       ,	                    ,	000IABW143               ,	0.00,	0.00,	0.00,	0.00,	0.00,	0.00,
64,	TSOP2-54ME  ,	ACS054TN1006A       ,	054TNCS002               ,	0.00,	0.00,	0.00,	0.00,	0.00,	0.00,
65,	MAT         ,	,	0008WPRT001              ,	0.00,	0.00,	0.00,	0.00,	0.00,	0.00,
66,	FCQFN-08OK2D,	ANI008OK2001A       ,	008OKNI040               ,	0.00,	0.00,	0.00,	0.00,	0.00,	0.00,
67,	FCQFN-08OK2D,	ANI008OK2001A       ,	008OKNI067               ,	0.00,	0.00,	0.00,	0.00,	0.00,	0.00,
68,	FCQFN-08OK2D,	ANI008OK2001A       ,	008OKNI079               ,	0.00,	0.00,	0.00,	0.00,	0.00,	0.00,
69,	FCDFN-08Y72D,	ANI008Y71001C       ,	008Y7NI030               ,	0.00,	0.00,	0.00,	0.00,	0.00,	0.00,
70,	FCDFN-08YZ2A,	ANI008YZ1001D       ,	008YZNI044               ,	0.00,	0.00,	0.00,	0.00,	0.00,	0.00,
71,	FCDFN-08YZ2A,	ANI008YZ1001D       ,	008YZNI048               ,	0.00,	0.00,	0.00,	0.00,	0.00,	0.00,
72,	DFN-12Y12A  ,	ANI012Y11002C       ,	012Y1NI048               ,	0.00,	0.00,	0.00,	0.00,	0.00,	0.00,
73,	DFN-12Y12A  ,	ANI012Y11002C       ,	012Y1NI053               ,	0.00,	0.00,	0.00,	0.00,	0.00,	0.00,
74,	FCQFN-12Y32D,	ANI012Y32002D       ,	012Y3NI060               ,	0.00,	0.00,	0.00,	0.00,	0.00,	0.00,
75,	FCQFN-12Y32D,	ANI012Y32001B       ,	012Y3NI120               ,	0.00,	0.00,	0.00,	0.00,	0.00,	0.00,
76,	FCQFN-12Y32D,	ANI012Y32002D       ,	012Y3NI139               ,	0.00,	0.00,	0.00,	0.00,	0.00,	0.00,
77,	FCQFN-12Y32D,	ANI012Y32001B       ,	012Y3NI143               ,	0.00,	0.00,	0.00,	0.00,	0.00,	0.00,
78,	FCQFN-12Y32D,	ANI012Y32002D       ,	012Y3NI190               ,	0.00,	0.00,	0.00,	0.00,	0.00,	0.00,
79,	FCQFN-14OA2D,	ANI014OA1001C       ,	014OANI054               ,	0.00,	0.00,	0.00,	0.00,	0.00,	0.00,
80,	QFN-20YU2D  ,	ANI020YU1005C       ,	020YUNI085               ,	0.00,	0.00,	0.00,	0.00,	0.00,	0.00,
81,	QFN-20YU2D  ,	ANI020YU1005C       ,	020YUNI133               ,	0.00,	0.00,	0.00,	0.00,	0.00,	0.00,
82,	QFN-20YU2D  ,	ANI020YU1001M       ,	020YUNI135               ,	0.00,	0.00,	0.00,	0.00,	0.00,	0.00,
83,	QFN-20YU2D  ,	ANI020YU1002B       ,	020YUNI145               ,	0.00,	0.00,	0.00,	0.00,	0.00,	0.00,
84,	QFN-20YU2D  ,	ANI020YU1002B       ,	020YUNI148               ,	0.00,	0.00,	0.00,	0.00,	0.00,	0.00,
85,	QFN-20YU2D  ,	ANI020YU1001M       ,	020YUNI151               ,	0.00,	0.00,	0.00,	0.00,	0.00,	0.00,
86,	QFN-20YU2D  ,	ANI020YU1002B       ,	020YUNI187               ,	0.00,	0.00,	0.00,	0.00,	0.00,	0.00,
87,	QFN-20YU2D  ,	ANI020YU1002B       ,	020YUNI211               ,	0.00,	0.00,	0.00,	0.00,	0.00,	0.00,
88,	QFN-20YU2D  ,	ANI020YU1002B       ,	020YUNI219               ,	0.00,	0.00,	0.00,	0.00,	0.00,	0.00,
89,	QFN-20YU2D  ,	ANI020YU1002B       ,	020YUNI244               ,	0.00,	0.00,	0.00,	0.00,	0.00,	0.00,
90,	QFN-20YU2D  ,	ANI020YU1002B       ,	020YUNI247               ,	0.00,	0.00,	0.00,	0.00,	0.00,	0.00,
91,	QFN-20YU2D  ,	ANI020YU1001M       ,	020YUNI267               ,	0.00,	0.00,	0.00,	0.00,	0.00,	0.00,
92,	QFN-20YU2D  ,	ANI020YU1002B       ,	020YUNI280               ,	0.00,	0.00,	0.00,	0.00,	0.00,	0.00,
93,	QFN-20YU2D  ,	ANI020YU1002B       ,	020YUNI324               ,	0.00,	0.00,	0.00,	0.00,	0.00,	0.00,
94,	QFN-20YU2D  ,	ANI020YU1002B       ,	020YUNI326               ,	0.00,	0.00,	0.00,	0.00,	0.00,	0.00,
95,	QFN-20YU2D  ,	ANI020YU1002B       ,	020YUNI334               ,	0.00,	0.00,	0.00,	0.00,	0.00,	0.00,
96,	FPSTLGA44YBV,	AHQ0442J3005A       ,	0442JHQ027               ,	16.24,	4.62,	37.46,	0.00,	0.00,	4.74,
97,	WLCSP       ,	ENG                 ,	000IACM112ENG            ,	0.00,	0.00,	0.00,	0.00,	0.00,	0.00,
98,	FPSTLG34AW4V,	AHQ0345V1001A       ,	0345VCM002ENG            ,	0.00,	0.00,	0.00,	0.00,	0.00,	0.00,
99,	SMT         ,	ACD008DR1031A       ,	000SCD029                ,	0.00,	0.00,	0.00,	0.00,	0.00,	0.00,
100,	TSOP2-54ME  ,	ACD054TA1008B       ,	054TNCD020               ,	0.00,	0.00,	0.00,	0.00,	0.00,	0.00,
101,	DFN-08YQ2A  ,	AAS008YQ2001B       ,	008YQAS021               ,	0.00,	0.00,	45.22,	12.96,	0.00,	0.00,
102,	DFN-08YQ2AW ,	AAS008YQ2016A       ,	008YQAS032               ,	0.00,	0.00,	0.00,	0.00,	0.00,	0.00,
103,	MINIBGA48J3U,	AAS048MAB001A       ,	048MAAS003               ,	29.28,	12.23,	0.00,	3.78,	0.00,	29.13,
104,	MINIBGA48J3U,	AAS048MAB007A       ,	048MAAS010               ,	20.00,	0.00,	0.00,	0.00,	0.00,	0.00,
105,	FBGA-96UEJ  ,	AAS096EI2001A       ,	096EIAS005               ,	0.00,	0.00,	37.21,	20.99,	0.00,	0.00,
106,	FBGAS-96UEL9,	AAS096EL4003A       ,	096ELAS057               ,	0.00,	0.00,	0.00,	0.00,	0.00,	0.00,
107,	MINIBGA48A1 ,	BU048MA2009B        ,	048MABU061               ,	0.00,	0.00,	0.00,	0.00,	0.00,	0.00,
108,	MINIBGA60A3 ,	BU060MV1004A        ,	060MVBU008               ,	0.00,	0.00,	0.00,	0.00,	0.00,	0.00,
109,	FBGA-78U9(2),	ABU078C93002A       ,	078U9BU001               ,	0.50,	0.00,	0.00,	0.00,	0.00,	0.00,
110,	FBGA-96UEF  ,	ABU096EF2001A       ,	096EFBU001               ,	0.50,	0.00,	0.00,	0.00,	0.00,	0.00,
111,	DFN-08YM2D  ,	ABU008YM2003A       ,	008YMVG006               ,	0.00,	0.00,	156.20,	80.00,	0.00,	11.44,
112,	MINIBGA48J3U,	ABU048MA3002A       ,	048MAVG003               ,	25.71,	0.00,	0.00,	0.00,	0.00,	0.00,
113,	MBGA64B4U   ,	ABU064MR1002A       ,	064MRVG002               ,	6.70,	6.70,	0.00,	0.00,	0.00,	3.80,
114,	MBGA64B4U   ,	ABU064MR1002A       ,	064MRVG007               ,	0.00,	0.00,	0.00,	0.00,	0.00,	0.00,
115,	FBGA-78U9   ,	AMS078C93001B       ,	078U9MS017               ,	0.00,	0.00,	20.62,	0.00,	0.00,	3.42,
116,	VFBGA90K8L  ,	AMS090NC4003A       ,	090NCMS008               ,	0.00,	0.00,	0.00,	0.00,	0.00,	0.00,
117,	FBGA-78U9   ,	ALW078C93002A       ,	078U9LW014               ,	0.00,	0.00,	17.55,	0.00,	0.00,	0.00,
118,	MAT         ,	                    ,	0008WAW097               ,	0.00,	0.00,	0.00,	0.00,	0.00,	0.00,
119,	MAT         ,	                    ,	0008WAW104               ,	0.00,	0.00,	0.00,	0.00,	0.00,	0.00,
120,	SSLGA16DOU  ,	AAW016D53004A       ,	016D5AW011               ,	120.00,	28.94,	0.00,	0.00,	0.00,	12.44,
121,	MINIBGA24A3L,	AAW024MA6037B       ,	024MAAW066               ,	0.00,	0.00,	0.00,	0.00,	0.00,	0.00,
122,	TSOP1-48/48M,	AAW048TP1026E       ,	048TPAW054               ,	15.00,	0.00,	0.00,	0.00,	0.00,	0.00,
123,	MAT         ,	                    ,	0008WNV366               ,	0.00,	0.00,	0.00,	0.00,	0.00,	0.00,
124,	MAT         ,	                    ,	0008WNV425               ,	0.00,	0.00,	0.00,	0.00,	0.00,	0.00,
125,	uSD08AQV-C  ,	ANV0086A1069A       ,	0086ANV162               ,	100.00,	38.60,	0.00,	0.00,	0.00,	38.63,
126,	WLCSP       ,	                    ,	000IAAB002               ,	0.00,	0.00,	0.00,	0.00,	0.00,	0.00,
127,	DFN-08YQ2A  ,	AAB008YQ2038A       ,	008YQAB088               ,	0.00,	0.00,	0.00,	0.00,	0.00,	0.00,
128,	VFBGA60B4L  ,	AAB060NR1006A       ,	060NRAB010               ,	0.00,	0.00,	0.00,	0.00,	0.00,	0.00,
129,	FBGA96UEL(2),	AAB096EL1012A       ,	096ELAB043               ,	0.00,	0.00,	0.00,	0.00,	0.00,	0.00,
130,	WLCSP       ,	                    ,	000IABW045               ,	0.00,	0.00,	0.00,	0.00,	0.00,	0.00,
131,	WLCSP       ,	                    ,	000IABW053               ,	0.00,	0.00,	0.00,	0.00,	0.00,	0.00,
132,	WLCSP       ,	                    ,	000IABW094               ,	0.00,	0.00,	0.00,	0.00,	0.00,	0.00,
133,	WLCSP       ,	ENG                 ,	000IABW109               ,	0.00,	0.00,	0.00,	0.00,	0.00,	0.00,
134,	WLCSP       ,	                    ,	000IABW144               ,	0.00,	0.00,	0.00,	0.00,	0.00,	0.00,
135,	uSD08AQV-C  ,	AZA0086A1024A       ,	0086AZA025               ,	0.00,	0.00,	0.00,	0.00,	0.00,	0.00,
136,	MAT         ,	,	0008WFCB001              ,	0.00,	0.00,	0.00,	0.00,	0.00,	0.00,
137,	MAT         ,	,	0008WSMT001              ,	0.00,	0.00,	0.00,	0.00,	0.00,	0.00,
138,	FCQFN-08OK2D,	ANI008OK2001A       ,	008OKNI039               ,	0.00,	0.00,	0.00,	0.00,	0.00,	0.00,
139,	FCQFN-08OK2D,	ANI008OK2001A       ,	008OKNI046               ,	0.00,	0.00,	0.00,	0.00,	0.00,	0.00,
140,	FCQFN-08OK2D,	ANI008OK2001A       ,	008OKNI054               ,	0.00,	0.00,	0.00,	0.00,	0.00,	0.00,
141,	FCQFN-08OK2D,	ANI008OK2001A       ,	008OKNI075               ,	0.00,	0.00,	0.00,	0.00,	0.00,	0.00,
142,	DFN-08YK2A  ,	ANI008YK3002A       ,	008YKNI092               ,	0.00,	0.00,	0.00,	0.00,	0.00,	0.00,
143,	FCQFN-12Y32D,	ANI012Y32001B       ,	012Y3NI132               ,	0.00,	0.00,	0.00,	0.00,	0.00,	0.00,
144,	FCQFN-12Y32D,	ANI012Y32002D       ,	012Y3NI134               ,	0.00,	0.00,	0.00,	0.00,	0.00,	0.00,
145,	FCQFN-12Y32D,	ANI012Y32001B       ,	012Y3NI151               ,	0.00,	0.00,	0.00,	0.00,	0.00,	0.00,
146,	FCQFN-12Y32D,	ANI012Y32001B       ,	012Y3NI187               ,	0.00,	0.00,	0.00,	0.00,	0.00,	0.00,
147,	FCQFN-12Y32D,	ANI012Y32001B       ,	012Y3NI188               ,	0.00,	0.00,	0.00,	0.00,	0.00,	0.00,
148,	FCQFN-14OA2D,	ANI014OA1001C       ,	014OANI031               ,	0.00,	0.00,	0.00,	0.00,	0.00,	0.00,
149,	FCQFN-14OA2D,	ANI014OA1001C       ,	014OANI061               ,	0.00,	0.00,	0.00,	0.00,	0.00,	0.00,
150,	FCQFN-14OL2D,	ANI014OL1001C       ,	014OLNI044               ,	0.00,	0.00,	0.00,	0.00,	0.00,	0.00,
151,	FCQFN-16OF2D,	ANI016OF2003A       ,	016OFNI043               ,	0.00,	0.00,	0.00,	0.00,	0.00,	0.00,
152,	QFN-20YU2D  ,	ANI020YU1002B       ,	020YUNI068               ,	0.00,	0.00,	0.00,	0.00,	0.00,	0.00,
153,	QFN-20YU2D  ,	ANI020YU1002B       ,	020YUNI119               ,	0.00,	0.00,	0.00,	0.00,	0.00,	0.00,
154,	QFN-20YU2D  ,	ANI020YU1005C       ,	020YUNI157               ,	0.00,	0.00,	0.00,	0.00,	0.00,	0.00,
155,	QFN-20YU2D  ,	ANI020YU1002B       ,	020YUNI174               ,	0.00,	0.00,	0.00,	0.00,	0.00,	0.00,
156,	QFN-20YU2D  ,	ANI020YU1002B       ,	020YUNI203               ,	0.00,	0.00,	0.00,	0.00,	0.00,	0.00,
157,	QFN-20YU2D  ,	ANI020YU1002B       ,	020YUNI209               ,	0.00,	0.00,	0.00,	0.00,	0.00,	0.00,
158,	QFN-20YU2D  ,	ANI020YU1001M       ,	020YUNI242               ,	0.00,	0.00,	0.00,	0.00,	0.00,	0.00,
159,	QFN-20YU2D  ,	ANI020YU1002B       ,	020YUNI246               ,	0.00,	0.00,	0.00,	0.00,	0.00,	0.00,
160,	QFN-20YU2D  ,	ANI020YU1002B       ,	020YUNI256               ,	0.00,	0.00,	0.00,	0.00,	0.00,	0.00,
161,	QFN-20YU2D  ,	ANI020YU1002B       ,	020YUNI275               ,	0.00,	0.00,	0.00,	0.00,	0.00,	0.00,
162,	QFN-20YU2D  ,	ANI020YU1002B       ,	020YUNI311               ,	0.00,	0.00,	0.00,	0.00,	0.00,	0.00,
163,	QFN-20YU2D  ,	ANI020YU1001M       ,	020YUNI320               ,	0.00,	0.00,	0.00,	0.00,	0.00,	0.00,
164,	QFN-20YU2D  ,	ANI020YU1001M       ,	020YUNI322               ,	0.00,	0.00,	0.00,	0.00,	0.00,	0.00,
165,	MAT         ,	                    ,	0008WHQ123               ,	0.00,	0.00,	0.00,	0.00,	0.00,	0.00,
166,	VTLGA08J4U  ,	AAS008DR2002A       ,	008DRCME14ENG            ,	0.00,	0.00,	0.00,	0.00,	0.00,	0.00,
167,	DFN-08YQ2A  ,	AAS008YQ2047A       ,	008YQCME63ENG            ,	0.00,	0.00,	0.00,	0.00,	0.00,	0.00,
168,	FPSTLG34AW4V,	AHQ0345V1001A       ,	0345VCM004ENG            ,	0.00,	0.00,	0.00,	0.00,	0.00,	0.00,
169,	VFBGA48KEU  ,	AAS048N01002A       ,	048N0CM002ENG            ,	0.00,	0.00,	0.00,	0.00,	0.00,	0.00,
170,	VFBGA48KEU  ,	AAS048N02001A       ,	048N0CM006ENG            ,	0.00,	0.00,	0.00,	0.00,	0.00,	0.00,
171,	TSOP1-48AM  ,	AMS048TW1072A       ,	048TWCME19ENG            ,	0.00,	0.00,	0.00,	0.00,	0.00,	0.00,
172,	VFBGA54B4U  ,	AAB054NR2001A       ,	054NRCM002ENG            ,	0.00,	0.00,	0.00,	0.00,	0.00,	0.00,
173,	FBGA-78UEO-2,	AAS078EO1003A       ,	078EOCM005ENG            ,	0.00,	0.00,	0.00,	0.00,	0.00,	0.00,
174,	STBGA132C4V ,	ANV132X2B023A       ,	132X2CM100ENG            ,	0.00,	0.00,	0.00,	0.00,	0.00,	0.00,
175,	STBGA252C4V ,	AEU252X20001A       ,	252X0CM010ENG            ,	0.00,	0.00,	0.00,	0.00,	0.00,	0.00,
176,	SSLGA08GEU  ,	ACD008DR1028A       ,	008DRCD034               ,	0.00,	0.00,	0.00,	0.00,	0.00,	0.00,
177,	TSOP2-54ME  ,	ACD054TN1002B       ,	054TNCD027               ,	60.00,	5.76,	0.00,	0.00,	0.00,	13.77,
178,	MAT         ,	ENG                 ,	0008WVE041               ,	0.00,	0.00,	0.00,	0.00,	0.00,	0.00,
179,	STBGA48D4L  ,	AVE048XV7001A       ,	048XVVE001               ,	0.00,	0.00,	0.00,	0.00,	0.00,	0.00,
180,	MINIBGA48A1 ,	BU048MW2002C        ,	048MWBU001               ,	0.00,	0.00,	0.00,	0.00,	0.00,	0.00,
181,	VFBGA90B4L  ,	ABU090NC8003B       ,	090NCBU016               ,	0.00,	0.00,	0.00,	0.00,	0.00,	0.00,
182,	DFN-08YQ2A  ,	ABU008YQ2017A       ,	008YQVG019               ,	0.00,	0.00,	0.00,	0.00,	0.00,	0.00,
183,	DFN-08YQ2A  ,	ABU008YQ2025A       ,	008YQVG025               ,	7.96,	7.96,	6.82,	6.82,	0.00,	20.92,
184,	MINIBGA24J4U,	ABU024MA6008A       ,	024MAVG008               ,	15.61,	15.74,	0.00,	0.00,	0.00,	21.83,
185,	MBGA56A2L   ,	ABU056MT1001A       ,	056MTVG001               ,	0.00,	0.00,	0.00,	0.00,	0.00,	0.00,
186,	TSOP1-56/56 ,	ABU056TH2005A       ,	056THVG004               ,	0.00,	0.00,	0.00,	0.00,	0.00,	0.00,
187,	TSOP1-48/48A,	AOK048TV1004A       ,	048TVOK004               ,	0.00,	0.00,	0.00,	0.00,	0.00,	0.00,
188,	MINIBGA48D3U,	AIS048MA9004A       ,	048MAIS024               ,	0.00,	0.00,	0.00,	0.00,	0.00,	0.00,
189,	FBGA-78UEP  ,	AMS078EP1001A       ,	078EPMS004               ,	15.00,	0.00,	0.00,	0.00,	0.00,	0.00,
190,	MAT         ,	ENG                 ,	0008WAW056               ,	0.00,	0.00,	0.00,	0.00,	0.00,	0.00,
191,	MAT         ,	                    ,	0008WAW098               ,	0.00,	0.00,	0.00,	0.00,	0.00,	0.00,
192,	SMT         ,	AAW016D53019A       ,	000SAW017                ,	0.00,	0.00,	0.00,	0.00,	0.00,	0.00,
193,	MINIBGA24A3L,	AAW024MA6008A       ,	024MAAW012               ,	0.00,	0.00,	0.00,	0.00,	0.00,	0.00,
194,	SMT         ,	ANV0086A1055A       ,	000SNV285                ,	0.00,	0.00,	0.00,	0.00,	0.00,	0.00,
195,	SMT         ,	ANV345XTB016A       ,	000SNV332                ,	0.00,	0.00,	0.00,	0.00,	0.00,	0.00,
196,	uSD08AQV-C  ,	ANV0086A1070A       ,	0086ANV163               ,	0.00,	0.00,	0.00,	0.00,	0.00,	0.00,
197,	MBGA132G4VT ,	ANV132X2C021A       ,	132X2NV190               ,	0.00,	0.00,	0.00,	0.00,	0.00,	0.00,
198,	STBGA153JAVT,	ANV153XT9072A       ,	153XTNV142               ,	0.00,	0.00,	0.19,	0.11,	0.00,	0.00,
199,	DFN-08YM2D  ,	AAB008YM2018A       ,	008YMAB068               ,	0.00,	0.00,	0.00,	0.00,	0.00,	0.00,
200,	MBGA24A2L   ,	AAB024MA6008A       ,	024MAAB023               ,	0.00,	0.00,	0.00,	0.00,	0.00,	0.00,
201,	FBGA96UEF3-2,	AAB096EF3001A       ,	096EFAB009               ,	0.00,	0.00,	25.84,	10.53,	0.00,	0.00,
202,	FBGA-96UEF  ,	AYZ096EF2003A       ,	096EFYZ004               ,	80.00,	24.76,	52.87,	12.32,	0.00,	22.30,
203,	STBGA252G4V ,	AGJ252X02001A       ,	252X0GJ004               ,	0.00,	0.00,	0.00,	0.00,	0.00,	0.00,
204,	WLCSP       ,	ENG                 ,	000IABW020               ,	0.00,	0.00,	0.00,	0.00,	0.00,	0.00,
205,	WLCSP       ,	ENG                 ,	000IABW032               ,	0.00,	0.00,	0.00,	0.00,	0.00,	0.00,
206,	WLCSP       ,	ENG                 ,	000IABW040               ,	0.00,	0.00,	0.00,	0.00,	0.00,	0.00,
207,	TSOP2-54CME ,	ACS054TS1006A       ,	054TSCS009               ,	0.00,	0.00,	0.00,	0.00,	0.00,	0.00,
208,	MAT         ,	,	0008WDAE001              ,	0.00,	0.00,	0.00,	0.00,	0.00,	0.00,
209,	MAT         ,	,	0008WDAF001              ,	0.00,	0.00,	0.00,	0.00,	0.00,	0.00,
210,	FCQFN-08OK2D,	ANI008OK2001A       ,	008OKNI042               ,	0.00,	0.00,	0.00,	0.00,	0.00,	0.00,
211,	FCQFN-08OK2D,	ANI008OK2001A       ,	008OKNI071               ,	0.00,	0.00,	0.00,	0.00,	0.00,	0.00,
212,	FCDFN-08Y72D,	ANI008Y71001C       ,	008Y7NI029               ,	0.00,	0.00,	0.00,	0.00,	0.00,	0.00,
213,	FCDFN-08YZ2A,	ANI008YZ1001D       ,	008YZNI040               ,	0.00,	0.00,	0.00,	0.00,	0.00,	0.00,
214,	FCDFN-09YZ2A,	ANI009YZ1001A       ,	009YZNI012               ,	0.00,	0.00,	0.00,	0.00,	0.00,	0.00,
215,	FCQFN-12Y32D,	ANI012Y32002D       ,	012Y3NI123               ,	0.00,	0.00,	0.00,	0.00,	0.00,	0.00,
216,	FCQFN-12Y32D,	ANI012Y32002D       ,	012Y3NI148               ,	0.00,	0.00,	0.00,	0.00,	0.00,	0.00,
217,	FCQFN-12Y32D,	ANI012Y32002D       ,	012Y3NI150               ,	0.00,	0.00,	0.00,	0.00,	0.00,	0.00,
218,	FCQFN-12Y32D,	ANI012Y32001B       ,	012Y3NI154               ,	0.00,	0.00,	0.00,	0.00,	0.00,	0.00,
219,	FCQFN-12Y32D,	ANI012Y32002D       ,	012Y3NI179               ,	0.00,	0.00,	0.00,	0.00,	0.00,	0.00,
220,	FCQFN-12Y32D,	ANI012Y32002D       ,	012Y3NI181               ,	0.00,	0.00,	0.00,	0.00,	0.00,	0.00,
221,	FCQFN-14OL2D,	ANI014OL1001C       ,	014OLNI020               ,	0.00,	0.00,	0.00,	0.00,	0.00,	0.00,
222,	FCQFN-14OL2D,	ANI014OL1001C       ,	014OLNI046               ,	0.00,	0.00,	0.00,	0.00,	0.00,	0.00,
223,	FCQFN-16OF2D,	ANI016OF2003A       ,	016OFNI034               ,	0.00,	0.00,	0.00,	0.00,	0.00,	0.00,
224,	FCQFN-16OF2D,	ANI016OF2003A       ,	016OFNI035               ,	0.00,	0.00,	0.00,	0.00,	0.00,	0.00,
225,	FCQFN-16OF2D,	ANI016OF2001B       ,	016OFNI036               ,	0.00,	0.00,	0.00,	0.00,	0.00,	0.00,
226,	QFN-20YU2D  ,	ANI020YU1005C       ,	020YUNI095               ,	0.00,	0.00,	0.00,	0.00,	0.00,	0.00,
227,	QFN-20YU2D  ,	ANI020YU1002B       ,	020YUNI123               ,	0.00,	0.00,	0.00,	0.00,	0.00,	0.00,
228,	QFN-20YU2D  ,	ANI020YU1001M       ,	020YUNI163               ,	0.00,	0.00,	0.00,	0.00,	0.00,	0.00,
229,	QFN-20YU2D  ,	ANI020YU1002B       ,	020YUNI175               ,	0.00,	0.00,	0.00,	0.00,	0.00,	0.00,
230,	QFN-20YU2D  ,	ANI020YU1002B       ,	020YUNI178               ,	0.00,	0.00,	0.00,	0.00,	0.00,	0.00,
231,	QFN-20YU2D  ,	ANI020YU1002B       ,	020YUNI202               ,	0.00,	0.00,	0.00,	0.00,	0.00,	0.00,
232,	QFN-20YU2D  ,	ANI020YU1002B       ,	020YUNI207               ,	0.00,	0.00,	0.00,	0.00,	0.00,	0.00,
233,	QFN-20YU2D  ,	ANI020YU1002B       ,	020YUNI224               ,	0.00,	0.00,	0.00,	0.00,	0.00,	0.00,
234,	QFN-20YU2D  ,	ANI020YU1001M       ,	020YUNI228               ,	0.00,	0.00,	0.00,	0.00,	0.00,	0.00,
235,	QFN-20YU2D  ,	ANI020YU1002B       ,	020YUNI248               ,	0.00,	0.00,	0.00,	0.00,	0.00,	0.00,
236,	QFN-20YU2D  ,	ANI020YU1002B       ,	020YUNI295               ,	0.00,	0.00,	0.00,	0.00,	0.00,	0.00,
237,	QFN-20YU2D  ,	ANI020YU1002B       ,	020YUNI304               ,	0.00,	0.00,	0.00,	0.00,	0.00,	0.00,
238,	QFN-20YU2D  ,	ANI020YU1002B       ,	020YUNI309               ,	0.00,	0.00,	0.00,	0.00,	0.00,	0.00,
239,	MAT         ,	                    ,	0008WHQ250               ,	0.00,	0.00,	0.00,	0.00,	0.00,	0.00,
240,	FPSTLGA44t6V,	AHQ0445T2006A       ,	0445THQ011               ,	0.00,	0.00,	0.00,	0.00,	0.00,	0.00,
241,	MBGA24J3U   ,	AAB024MAA010A       ,	024MACM121ENG            ,	0.00,	0.00,	0.00,	0.00,	0.00,	0.00,
242,	MBGA24J3U   ,	AAB024MAA012A       ,	024MACM124ENG            ,	0.00,	0.00,	0.00,	0.00,	0.00,	0.00,
243,	FCQFN36YF5SW,	ATH036YF5001A       ,	036YFCM001ENG            ,	0.00,	0.00,	0.00,	0.00,	0.00,	0.00,
244,	FPSTLGA44tBV,	AHQ0442J3003A       ,	0442JCM008ENG            ,	0.00,	0.00,	0.00,	0.00,	0.00,	0.00,
245,	FBGAS-96UEL9,	AAS096EL4004A       ,	096ELCME35ENG            ,	0.00,	0.00,	0.00,	0.00,	0.00,	0.00,
246,	TSOP2-66ME  ,	ACD066TN1012A       ,	066TNCD041               ,	0.00,	0.00,	0.00,	0.00,	0.00,	0.00,
247,	FBGA96UEL(2),	ACD096EL1001A       ,	096ELCD001               ,	0.50,	0.00,	0.00,	0.00,	0.00,	0.00,
248,	VTLGA08J4U  ,	AAS008DR2003A       ,	008DRAS015               ,	0.00,	0.00,	0.00,	0.00,	0.00,	0.00,
249,	MINIBGA48J3U,	AAS048MAB006A       ,	048MAAS008               ,	0.00,	0.00,	0.00,	0.00,	0.00,	0.00,
250,	FBGA-96UEL  ,	AAS096EL1007A       ,	096ELAS038               ,	0.30,	0.00,	0.00,	0.00,	0.00,	0.00,
251,	MAT         ,	ENG                 ,	0008WVE002               ,	0.00,	0.00,	0.00,	0.00,	0.00,	0.00,
252,	MAT         ,	                    ,	0008WBU055               ,	0.00,	0.00,	0.00,	0.00,	0.00,	0.00,
253,	FBGA-78LEA  ,	ABU078EA1001A       ,	078EABU001               ,	5.00,	2.89,	30.15,	7.58,	0.00,	5.24,
254,	TSOP2-86E   ,	ABU086TA1007A       ,	086TABU026               ,	0.00,	0.00,	3.20,	3.20,	0.00,	1.45,
255,	DFN-08YQ2A  ,	ABU008YQ2007A       ,	008YQVG010               ,	55.00,	12.96,	0.00,	0.00,	0.00,	2.16,
256,	TSOP1-48/48M,	ABU048TP2007A       ,	048TPVG013               ,	0.00,	0.00,	0.00,	0.00,	0.00,	0.00,
257,	TSOP1-48AM  ,	AMS048TW1046A       ,	048TWMS087               ,	15.00,	0.00,	0.00,	0.00,	0.00,	0.00,
258,	FBGA-78U9   ,	AMS078C91003A       ,	078U9MS012               ,	40.00,	0.00,	35.74,	0.00,	0.00,	0.00,
259,	MAT         ,	                    ,	0008WAW086               ,	0.00,	0.00,	0.00,	0.00,	0.00,	0.00,
260,	SSLGA16DOU  ,	AAW016D53011A       ,	016D5AW040               ,	0.00,	0.00,	0.00,	0.00,	0.00,	0.00,
261,	STBGA24A4L  ,	AAW024XJ6010B       ,	024XJAW020               ,	0.00,	0.00,	27.01,	0.00,	0.00,	0.00,
262,	STBGA52D4L  ,	AAW052XY1002A       ,	052XYAW004               ,	0.00,	0.00,	7.17,	0.42,	0.00,	0.00,
263,	MBGA64J4U   ,	AAW064MR1016A       ,	064MRAW019               ,	0.00,	0.00,	0.00,	0.00,	0.00,	0.00,
264,	MBGA64J4U   ,	AAW064MR1012A       ,	064MRAW035               ,	0.00,	0.00,	4.87,	3.99,	0.00,	0.00,
265,	MAT         ,	                    ,	0008WNV501               ,	0.00,	0.00,	0.00,	0.00,	0.00,	0.00,
266,	SMT         ,	ANV0086A1032A       ,	000SNV294                ,	0.00,	0.00,	0.00,	0.00,	0.00,	0.00,
267,	uSD08AQV-C  ,	ANV0086A1065A       ,	0086ANV178               ,	0.00,	0.00,	0.00,	0.00,	0.00,	0.00,
268,	uSD08AQV-C  ,	ANV0086A1070A       ,	0086ANV180               ,	0.00,	0.00,	0.00,	0.00,	0.00,	0.00,
269,	MAT         ,	ENG                 ,	0008WDY013               ,	0.00,	0.00,	0.00,	0.00,	0.00,	0.00,
270,	WLCSP       ,	ENG                 ,	000IAVT001               ,	0.00,	0.00,	0.00,	0.00,	0.00,	0.00,
271,	SMT         ,	AEU0086A1002A       ,	000SEU010                ,	0.00,	0.00,	0.00,	0.00,	0.00,	0.00,
272,	uSD08GEV    ,	AEU0086A1002A       ,	0086AEU005               ,	0.00,	0.00,	0.00,	0.00,	0.00,	0.00,
273,	TSOP1-48MR-C,	AEU048TR2004A       ,	048TREU010               ,	7.23,	0.72,	0.00,	0.00,	0.00,	0.00,
274,	STBGA132G4VT,	AEU132X2C005A       ,	132X2EU008               ,	0.00,	0.00,	0.00,	0.00,	0.00,	0.00,
275,	DFN-08Y62D  ,	AAB008Y62011A       ,	008Y6AB025               ,	60.00,	0.00,	0.00,	0.00,	0.00,	0.00,
276,	MBGA24J3U   ,	AAB024MAA005A       ,	024MAAB081               ,	6.66,	6.66,	0.00,	0.00,	0.00,	21.29,
277,	FBGA60UEM2-1,	AAB060EM2002A       ,	060EMAB003               ,	38.61,	20.80,	47.91,	0.00,	0.00,	19.37,
278,	VFBGA90B4U  ,	AAB090NC7001A       ,	090NCAB017               ,	0.00,	0.00,	0.00,	0.00,	0.00,	0.00,
279,	WLCSP-WAFER ,	ENG                 ,	000IABW027               ,	0.00,	0.00,	0.00,	0.00,	0.00,	0.00,
280,	FCQFN-08OK2D,	ANI008OK2001A       ,	008OKNI081               ,	0.00,	0.00,	0.00,	0.00,	0.00,	0.00,
281,	FCQFN-08OK2D,	ANI008OK2001A       ,	008OKNI089               ,	0.00,	0.00,	0.00,	0.00,	0.00,	0.00,
282,	FCDFN-08Y72D,	ANI008Y71001C       ,	008Y7NI034               ,	0.00,	0.00,	0.00,	0.00,	0.00,	0.00,
283,	DFN-12Y12A  ,	ANI012Y11002C       ,	012Y1NI051               ,	0.00,	0.00,	0.00,	0.00,	0.00,	0.00,
284,	DFN-12Y12A  ,	ANI012Y11002C       ,	012Y1NI059               ,	0.00,	0.00,	0.00,	0.00,	0.00,	0.00,
285,	FCQFN-12Y32D,	ANI012Y32002D       ,	012Y3NI061               ,	0.00,	0.00,	0.00,	0.00,	0.00,	0.00,
286,	FCQFN-12Y32D,	ANI012Y32002D       ,	012Y3NI091               ,	0.00,	0.00,	0.00,	0.00,	0.00,	0.00,
287,	FCQFN-12Y32D,	ANI012Y32002D       ,	012Y3NI102               ,	0.00,	0.00,	0.00,	0.00,	0.00,	0.00,
288,	FCQFN-12Y32D,	ANI012Y32001B       ,	012Y3NI127               ,	0.00,	0.00,	0.00,	0.00,	0.00,	0.00,
289,	FCQFN-12Y32D,	ANI012Y32002D       ,	012Y3NI138               ,	0.00,	0.00,	0.00,	0.00,	0.00,	0.00,
290,	FCQFN-12Y32D,	ANI012Y32001B       ,	012Y3NI147               ,	0.00,	0.00,	0.00,	0.00,	0.00,	0.00,
291,	FCQFN-12Y32D,	ANI012Y32001B       ,	012Y3NI155               ,	0.00,	0.00,	0.00,	0.00,	0.00,	0.00,
292,	FCQFN-12Y32D,	ANI012Y32002D       ,	012Y3NI160               ,	0.00,	0.00,	0.00,	0.00,	0.00,	0.00,
293,	FCQFN-12Y32D,	ANI012Y32001B       ,	012Y3NI166               ,	0.00,	0.00,	0.00,	0.00,	0.00,	0.00,
294,	FCQFN-12Y32D,	ANI012Y32002D       ,	012Y3NI170               ,	0.00,	0.00,	0.00,	0.00,	0.00,	0.00,
295,	FCQFN-12Y32D,	ANI012Y32002D       ,	012Y3NI194               ,	0.00,	0.00,	0.00,	0.00,	0.00,	0.00,
296,	FCQFN-14OL2D,	ANI014OL1001C       ,	014OLNI030               ,	0.00,	0.00,	0.00,	0.00,	0.00,	0.00,
297,	FCQFN-16OF2D,	ANI016OF2001B       ,	016OFNI037               ,	0.00,	0.00,	0.00,	0.00,	0.00,	0.00,
298,	QFN-20YU2D  ,	ANI020YU1005C       ,	020YUNI041               ,	0.00,	0.00,	0.00,	0.00,	0.00,	0.00,
299,	QFN-20YU2D  ,	ANI020YU1005C       ,	020YUNI052               ,	0.00,	0.00,	0.00,	0.00,	0.00,	0.00,
300,	QFN-20YU2D  ,	ANI020YU1005C       ,	020YUNI058               ,	0.00,	0.00,	0.00,	0.00,	0.00,	0.00,
301,	QFN-20YU2D  ,	ANI020YU1002B       ,	020YUNI078               ,	0.00,	0.00,	0.00,	0.00,	0.00,	0.00,
302,	QFN-20YU2D  ,	ANI020YU1002B       ,	020YUNI087               ,	0.00,	0.00,	0.00,	0.00,	0.00,	0.00,
303,	QFN-20YU2D  ,	ANI020YU1002B       ,	020YUNI108               ,	0.00,	0.00,	0.00,	0.00,	0.00,	0.00,
304,	QFN-20YU2D  ,	ANI020YU1002B       ,	020YUNI124               ,	0.00,	0.00,	0.00,	0.00,	0.00,	0.00,
305,	QFN-20YU2D  ,	ANI020YU1001M       ,	020YUNI131               ,	0.00,	0.00,	0.00,	0.00,	0.00,	0.00,
306,	QFN-20YU2D  ,	ANI020YU1001M       ,	020YUNI150               ,	0.00,	0.00,	0.00,	0.00,	0.00,	0.00,
307,	QFN-20YU2D  ,	ANI020YU1005C       ,	020YUNI154               ,	0.00,	0.00,	0.00,	0.00,	0.00,	0.00,
308,	QFN-20YU2D  ,	ANI020YU1005C       ,	020YUNI158               ,	0.00,	0.00,	0.00,	0.00,	0.00,	0.00,
309,	QFN-20YU2D  ,	ANI020YU1002B       ,	020YUNI201               ,	0.00,	0.00,	0.00,	0.00,	0.00,	0.00,
310,	QFN-20YU2D  ,	ANI020YU1002B       ,	020YUNI254               ,	0.00,	0.00,	0.00,	0.00,	0.00,	0.00,
311,	QFN-20YU2D  ,	ANI020YU1005C       ,	020YUNI281               ,	0.00,	0.00,	0.00,	0.00,	0.00,	0.00,
312,	QFN-20YU2D  ,	ANI020YU1002B       ,	020YUNI299               ,	0.00,	0.00,	0.00,	0.00,	0.00,	0.00,
313,	QFN-20YU2D  ,	ANI020YU1002B       ,	020YUNI303               ,	0.00,	0.00,	0.00,	0.00,	0.00,	0.00,
314,	QFN-20YU2D  ,	ANI020YU1002B       ,	020YUNI340               ,	0.00,	0.00,	0.00,	0.00,	0.00,	0.00,
315,	FPSTLGA44t6V,	AHQ0445T2001C       ,	0445THQ010               ,	0.00,	0.00,	0.00,	0.00,	0.00,	0.00,
316,	MAT         ,	                    ,	0008WCME447ENG           ,	0.00,	0.00,	0.00,	0.00,	0.00,	0.00,
317,	WLCSP       ,	                    ,	000IACM176ENG            ,	0.00,	0.00,	0.00,	0.00,	0.00,	0.00,
318,	DFN-08YQ2A  ,	ABU008YQ2002A       ,	008YQCM112ENG            ,	0.00,	0.00,	0.00,	0.00,	0.00,	0.00,
319,	DFN-08YQ2A  ,	ABU008YQ2001A       ,	008YQCM135ENG            ,	0.00,	0.00,	0.00,	0.00,	0.00,	0.00,
320,	DFN-08YQ2A  ,	AAB008YQ2037A       ,	008YQCME30ENG            ,	0.00,	0.00,	0.00,	0.00,	0.00,	0.00,
321,	STLGA08J4U  ,	ACD008DR1031A       ,	008DRCD033               ,	0.00,	0.00,	0.00,	0.00,	0.00,	0.00,
322,	FBGA-84UC(2),	ACD084CC2002A       ,	084UCCD006               ,	0.00,	0.00,	19.73,	5.60,	0.00,	0.00,
323,	DFN-08YQ2A  ,	AAS008YQ2047A       ,	008YQAS050               ,	0.00,	0.00,	0.00,	0.00,	0.00,	0.00,
324,	TSOP2-54CME ,	AAS054TS1002A       ,	054TSAS014               ,	0.00,	0.00,	0.00,	0.00,	0.00,	0.00,
325,	FBGA-84UC   ,	AAS084CC2011A       ,	084UCAS104               ,	0.00,	0.00,	2.71,	2.70,	0.00,	0.00,
326,	SSBGA153JAVT,	AAS153XT9016B       ,	153XTAS009               ,	0.00,	0.00,	0.00,	0.82,	0.00,	0.00,
327,	STDFN-08YD2E,	AVE008YD2002A       ,	008YDVE004               ,	25.00,	7.04,	0.00,	0.00,	0.00,	7.04,
328,	VFBGA54B4L  ,	AGA054NB1008A       ,	054NBGA025               ,	0.00,	0.00,	0.00,	0.00,	0.00,	0.00,
329,	WLCSP       ,	                    ,	000IAQR035               ,	0.00,	0.00,	0.00,	0.00,	0.00,	0.00,
330,	WLCSP       ,	                    ,	000IAQR037               ,	0.00,	0.00,	0.00,	0.00,	0.00,	0.00,
331,	WLCSP       ,	                    ,	000IAQR039               ,	0.00,	0.00,	0.00,	0.00,	0.00,	0.00,
332,	MINIBGA48J3U,	ABU048MA7004A       ,	048MABU066               ,	0.00,	0.00,	0.00,	0.00,	0.00,	0.00,
333,	MINIBGA48A1 ,	ABU048MW2004A       ,	048MWBU005               ,	0.00,	0.00,	0.00,	0.00,	0.00,	0.00,
334,	FBGA-84UC(2),	ABU084CC2001C       ,	084UCBU004               ,	3.48,	0.00,	2.50,	0.00,	0.00,	0.00,
335,	VFBGA90B4L  ,	ABU090NC8002B       ,	090NCBU014               ,	4.47,	4.56,	0.00,	0.00,	0.00,	8.72,
336,	FBGA-96LEA  ,	ABU096EA1001A       ,	096EABU010               ,	0.00,	0.00,	0.00,	0.00,	0.00,	0.00,
337,	MINIBGA165D2,	ABU165MC3023A       ,	165MCBU091               ,	0.00,	0.00,	0.00,	0.00,	0.00,	0.00,
338,	DFN-08YQ2A  ,	ABU008YQ2009A       ,	008YQVG015               ,	0.00,	0.00,	20.19,	6.87,	0.00,	0.00,
339,	STBGA24J4U  ,	ABU024XJ6003A       ,	024XJVG009               ,	25.00,	12.18,	0.00,	0.00,	0.00,	0.00,
340,	TSOP1-56/56 ,	ABU056TH2002A       ,	056THVG002               ,	0.00,	0.00,	0.00,	0.00,	0.00,	0.00,
341,	TSOP1-48A2  ,	AOK048TV1029A       ,	048TVOK056               ,	0.00,	0.00,	46.33,	10.24,	0.00,	0.00,
342,	FBGA-78UEN  ,	AMS078EN1001A       ,	078ENMS009               ,	610.00,	137.84,	477.45,	121.44,	0.00,	134.85,
343,	FBGA-96UEC  ,	AMS096EC3001B       ,	096ECMS013               ,	0.50,	0.00,	0.00,	0.00,	0.00,	0.00,
344,	MAT         ,	                    ,	0008WAW083               ,	0.00,	0.00,	0.00,	0.00,	0.00,	0.00,
345,	MAT         ,	                    ,	0008WAW095               ,	0.00,	0.00,	0.00,	0.00,	0.00,	0.00,
346,	TSOP1-48/M2 ,	AAW048TP1041B       ,	048TPAW086               ,	11.05,	11.05,	27.81,	4.32,	0.00,	0.00,
347,	MAT         ,	                    ,	0008WNV477               ,	0.00,	0.00,	0.00,	0.00,	0.00,	0.00,
348,	STBGA132G4VT,	ANV132X2C080A       ,	132X2NV180               ,	0.00,	0.00,	0.00,	0.00,	0.00,	0.00,
349,	SSBGA153GEV ,	ANV153XT9078A       ,	153XTNV128               ,	0.00,	0.00,	0.00,	1.79,	0.00,	0.00,
350,	STBGA153JAVT,	ANV153XT9069A       ,	153XTNV136               ,	1.91,	0.00,	0.00,	0.00,	0.00,	0.00,
351,	DFN-08Y62D  ,	AAB008Y62010A       ,	008Y6AB034               ,	120.61,	91.57,	270.99,	24.96,	0.00,	176.98,
352,	DFN-08Y62D  ,	AAB008Y62010A       ,	008Y6AB043               ,	0.00,	0.00,	0.00,	0.00,	0.00,	0.00,
353,	STDFN-08YD2A,	AAB008YD2007A       ,	008YDAB015               ,	0.00,	0.00,	0.00,	10.56,	0.00,	0.00,
354,	STBGA24D6U  ,	AAB024XJ6011A       ,	024XJAB025               ,	0.00,	0.00,	12.05,	0.00,	0.00,	0.00,
355,	VFBGA54B4U  ,	AAB054NR2001A       ,	054NRAB004               ,	15.00,	0.00,	0.00,	0.00,	0.00,	0.00,
356,	FBGA-84UC2H ,	AAB084CC9002A       ,	084UCAB028               ,	73.00,	13.51,	3.58,	0.98,	0.00,	11.18,
357,	FBGA96UEL(2),	AAB096EL1003A       ,	096ELAB016               ,	75.00,	8.36,	67.29,	5.96,	0.00,	7.37,
358,	STBGA162B4U ,	AAB162KE1010A       ,	162KEAB017               ,	0.00,	0.00,	13.67,	9.88,	0.00,	0.83,
359,	MAT         ,	                    ,	0008WGJ082               ,	0.00,	0.00,	0.00,	0.00,	0.00,	0.00,
360,	WLCSP       ,	ENG                 ,	000IABW036               ,	0.00,	0.00,	0.00,	0.00,	0.00,	0.00,
361,	WLCSP-WAFER ,	ENG                 ,	000IABW047               ,	0.00,	0.00,	0.00,	0.00,	0.00,	0.00,
362,	WLCSP       ,	                    ,	000IABW067               ,	0.00,	0.00,	0.00,	0.00,	0.00,	0.00,
363,	WLCSP       ,	                    ,	000IABW075               ,	0.00,	0.00,	0.00,	0.00,	0.00,	0.00,
364,	QFN-48AC1   ,	ABW048AC1003A       ,	048ACBW016               ,	0.00,	0.00,	0.00,	0.00,	0.00,	0.00,
365,	TSOP2-54CME ,	ACS054TS1007A       ,	054TSCS002               ,	0.00,	0.00,	2.81,	0.00,	0.00,	0.00,
366,	MAT         ,	,	0008WLAS001              ,	0.00,	0.00,	0.00,	0.00,	0.00,	0.00,
367,	FCQFN-08OK2D,	ANI008OK2001A       ,	008OKNI047               ,	0.00,	0.00,	0.00,	0.00,	0.00,	0.00,
368,	FCQFN-08OK2D,	ANI008OK2001A       ,	008OKNI069               ,	0.00,	0.00,	0.00,	0.00,	0.00,	0.00,
369,	FCQFN-08OK2D,	ANI008OK2001A       ,	008OKNI091               ,	0.00,	0.00,	0.00,	0.00,	0.00,	0.00,
370,	FCDFN-08YZ2A,	ANI008YZ1001D       ,	008YZNI002               ,	0.00,	0.00,	0.00,	0.00,	0.00,	0.00,
371,	FCQFN-12Y32D,	ANI012Y32001B       ,	012Y3NI131               ,	0.00,	0.00,	0.00,	0.00,	0.00,	0.00,
372,	FCQFN-12Y32D,	ANI012Y32001B       ,	012Y3NI142               ,	0.00,	0.00,	0.00,	0.00,	0.00,	0.00,
373,	FCQFN-12Y32D,	ANI012Y32002D       ,	012Y3NI153               ,	0.00,	0.00,	0.00,	0.00,	0.00,	0.00,
374,	FCQFN-12Y32D,	ANI012Y32001B       ,	012Y3NI158               ,	0.00,	0.00,	0.00,	0.00,	0.00,	0.00,
375,	FCQFN-12Y32D,	ANI012Y32002D       ,	012Y3NI177               ,	0.00,	0.00,	0.00,	0.00,	0.00,	0.00,
376,	FCQFN-12Y32D,	ANI012Y32001B       ,	012Y3NI199               ,	0.00,	0.00,	0.00,	0.00,	0.00,	0.00,
377,	FCQFN-14OA2D,	ANI014OA1001C       ,	014OANI051               ,	0.00,	0.00,	0.00,	0.00,	0.00,	0.00,
378,	FCQFN-14OL2D,	ANI014OL1001C       ,	014OLNI033               ,	0.00,	0.00,	0.00,	0.00,	0.00,	0.00,
379,	FCQFN-16OF2D,	ANI016OF2003A       ,	016OFNI010               ,	0.00,	0.00,	0.00,	0.00,	0.00,	0.00,
380,	QFN-20YU2D  ,	ANI020YU1005C       ,	020YUNI110               ,	0.00,	0.00,	0.00,	0.00,	0.00,	0.00,
381,	QFN-20YU2D  ,	ANI020YU1005C       ,	020YUNI112               ,	0.00,	0.00,	0.00,	0.00,	0.00,	0.00,
382,	QFN-20YU2D  ,	ANI020YU1002B       ,	020YUNI122               ,	0.00,	0.00,	0.00,	0.00,	0.00,	0.00,
383,	QFN-20YU2D  ,	ANI020YU1005C       ,	020YUNI132               ,	0.00,	0.00,	0.00,	0.00,	0.00,	0.00,
384,	QFN-20YU2D  ,	ANI020YU1002B       ,	020YUNI141               ,	0.00,	0.00,	0.00,	0.00,	0.00,	0.00,
385,	QFN-20YU2D  ,	ANI020YU1002B       ,	020YUNI146               ,	0.00,	0.00,	0.00,	0.00,	0.00,	0.00,
386,	QFN-20YU2D  ,	ANI020YU1002B       ,	020YUNI183               ,	0.00,	0.00,	0.00,	0.00,	0.00,	0.00,
387,	QFN-20YU2D  ,	ANI020YU1002B       ,	020YUNI263               ,	0.00,	0.00,	0.00,	0.00,	0.00,	0.00,
388,	QFN-20YU2D  ,	ANI020YU1002B       ,	020YUNI284               ,	0.00,	0.00,	0.00,	0.00,	0.00,	0.00,
389,	QFN-20YU2D  ,	ANI020YU1002B       ,	020YUNI286               ,	0.00,	0.00,	0.00,	0.00,	0.00,	0.00,
390,	QFN-20YU2D  ,	ANI020YU1002B       ,	020YUNI292               ,	0.00,	0.00,	0.00,	0.00,	0.00,	0.00,
391,	QFN-20YU2D  ,	ANI020YU1002B       ,	020YUNI328               ,	0.00,	0.00,	0.00,	0.00,	0.00,	0.00,
392,	QFN-20YU2D  ,	ANI020YU1002B       ,	020YUNI330               ,	0.00,	0.00,	0.00,	0.00,	0.00,	0.00,
393,	FPSTLGA44X4V,	AHQ0442J4001A       ,	0442JHQ031               ,	6.42,	4.77,	0.00,	7.15,	0.00,	4.79,
394,	MAT         ,	                    ,	0008WCMA110ENG           ,	0.00,	0.00,	0.00,	0.00,	0.00,	0.00,
395,	MAT         ,	                    ,	0008WCME153ENG           ,	0.00,	0.00,	0.00,	0.00,	0.00,	0.00,
396,	SMT         ,	AXY391KJ3003B       ,	000SCM110ENG             ,	0.00,	0.00,	0.00,	0.00,	0.00,	0.00,
397,	DFN-08YQ2A  ,	AAB008YQ2009A       ,	008YQACME65ENG           ,	0.00,	0.00,	0.00,	0.00,	0.00,	0.00,
398,	DFN-08YQ2A  ,	ABU008YQ2025A       ,	008YQCM140ENG            ,	0.00,	0.00,	0.00,	0.00,	0.00,	0.00,
399,	FPSTLGA34qSP,	AHQ0343A2001B       ,	0343ACM012ENG            ,	0.00,	0.00,	0.00,	0.00,	0.00,	0.00,
400,	VTLGA44YEV  ,	AHQ0445R1002A       ,	0445RCM001ENG            ,	0.00,	0.00,	0.00,	0.00,	0.00,	0.00,
401,	VFBGA48KEU  ,	ACM048N02001A       ,	048N0CM007ENG            ,	0.00,	0.00,	0.00,	0.00,	0.00,	0.00,
402,	VFBGA48KEU  ,	ACM048N02002A       ,	048N0CM008ENG            ,	0.00,	0.00,	0.00,	0.00,	0.00,	0.00,
403,	TSOP2-54ME  ,	ACD054TN1001A       ,	054TNCM094ENG            ,	0.00,	0.00,	0.00,	0.00,	0.00,	0.00,
404,	FBGA-84UC2H ,	AAB084CC9001A       ,	084UCCME22ENG            ,	0.00,	0.00,	0.00,	0.00,	0.00,	0.00,
405,	TSOP2-66ME  ,	ACD066TN1013A       ,	066TNCD042               ,	0.00,	0.00,	0.00,	0.00,	0.00,	0.00,
406,	SOP-8G      ,	AAS008FG1010A       ,	008FGAS005               ,	0.00,	0.00,	0.00,	0.00,	0.00,	0.00,
407,	FBGA-96UEL-3,	AAS096EL1002A       ,	096ELAS001               ,	0.50,	0.00,	0.00,	0.00,	0.00,	0.00,
408,	FBGA-96UEL-3,	AAS096EL1001A       ,	096ELAS005               ,	0.50,	0.00,	0.00,	0.00,	0.00,	0.00,
409,	TSOP2-54CMES,	AVE054TS1001E       ,	054TSVE001               ,	0.00,	0.00,	0.00,	0.00,	0.00,	0.00,
410,	VFBGA134JEU ,	ABU134N93001A       ,	134N9BU003               ,	0.00,	0.00,	0.00,	0.00,	0.00,	0.00,
411,	FBGA-144L7  ,	ABU144C71001B       ,	144C7BU011               ,	4.22,	4.22,	0.00,	0.00,	0.00,	0.00,
412,	DFN-08YD2A  ,	ABU008YD2008A       ,	008YDVG003               ,	0.00,	0.00,	0.00,	0.00,	0.00,	0.00,
413,	DFN-08YD2A  ,	ABU008YD2009A       ,	008YDVG009               ,	0.00,	0.00,	34.41,	7.04,	0.00,	0.00,
414,	TSOP1-48AM  ,	AMS048TW1050A       ,	048TWMS059               ,	0.00,	0.00,	0.00,	2.13,	0.00,	0.00,
415,	TSOP1-48AM  ,	AMS048TW1057A       ,	048TWMS067               ,	0.00,	0.00,	0.00,	2.16,	0.00,	0.00,
416,	FBGA-78UEP  ,	ALW078EP1001A       ,	078EPLW008               ,	0.00,	0.00,	5.88,	0.00,	0.00,	0.00,
417,	VFBGA132B4U ,	ALW132NY4049A       ,	132NYLW044               ,	0.00,	0.00,	0.00,	0.00,	0.00,	0.00,
418,	SMT         ,	AAW016D53011A       ,	000SAW016                ,	0.00,	0.00,	0.00,	0.00,	0.00,	0.00,
419,	DFN-08Y62D  ,	AAW008Y62018A       ,	008Y6AW036               ,	0.00,	0.00,	0.00,	16.64,	0.00,	0.00,
420,	MINIBGA24A4L,	AAW024MA6033B       ,	024MAAW060               ,	0.00,	0.00,	0.00,	0.00,	0.00,	0.00,
421,	TSOP1-48/48M,	AAW048TP1043B       ,	048TPAW105               ,	0.00,	0.00,	0.00,	0.00,	0.00,	0.00,
422,	MAT         ,	                    ,	0008WNV217               ,	0.00,	0.00,	0.00,	0.00,	0.00,	0.00,
423,	MAT         ,	                    ,	0008WNV323               ,	0.00,	0.00,	0.00,	0.00,	0.00,	0.00,
424,	STBGA153HEV ,	ANV153XT8017A       ,	153XTNV093               ,	0.00,	0.00,	0.00,	0.00,	0.00,	0.00,
425,	STBGA84J4P  ,	ADY084XU3002A       ,	084XUDY005               ,	0.00,	0.00,	0.00,	0.00,	0.00,	0.00,
426,	FBGA-78UEP  ,	ARK078EP1001B       ,	078EPRK003               ,	0.00,	0.00,	0.00,	0.00,	0.00,	0.00,
427,	STBGA252C4V ,	AEU252X20001A       ,	252X2EU002               ,	0.00,	0.00,	16.06,	0.00,	0.00,	0.00,
428,	DFN-08YD2A  ,	AAB008YD2014A       ,	008YDAB030               ,	0.00,	0.00,	7.04,	0.00,	0.00,	0.00,
429,	DFN-08YM2D  ,	AAB008YM2025A       ,	008YMAB047               ,	0.00,	0.00,	279.57,	79.99,	0.00,	22.93,
430,	MBGA24A2L   ,	AAB024MA6017A       ,	024MAAB038               ,	0.00,	0.00,	8.57,	8.57,	0.00,	0.00,
431,	TSOP1-48AM  ,	AAB048TW2002A       ,	048TWAB016               ,	0.00,	0.00,	0.00,	0.00,	0.00,	0.00,
432,	VFBGA60B4L  ,	AAB060NR1007A       ,	060NRAB016               ,	25.00,	0.00,	38.34,	32.93,	0.00,	0.00,
433,	VFBGA60B4U  ,	AAB060NR2002A       ,	060NRAB020               ,	30.00,	0.00,	0.00,	0.00,	0.00,	0.00,
434,	VFBGA63BFU  ,	AAB063NW3008A       ,	063NWAB006               ,	0.00,	0.00,	0.00,	0.00,	0.00,	0.00,
435,	MAT         ,	                    ,	0008WGJ083               ,	0.00,	0.00,	0.00,	0.00,	0.00,	0.00,
436,	WLCSP       ,	                    ,	000IABW072               ,	0.00,	0.00,	0.00,	0.00,	0.00,	0.00,
437,	WLCSP-WAFER ,	                    ,	000IABW091               ,	0.00,	0.00,	0.00,	0.00,	0.00,	0.00,
438,	WLCSP       ,	                    ,	000IABW107               ,	0.00,	0.00,	0.00,	0.00,	0.00,	0.00,
439,	WLCSP       ,	                    ,	000IABW123               ,	0.00,	0.00,	0.00,	0.00,	0.00,	0.00,
440,	MAT         ,	                    ,	0008WZI012               ,	0.00,	0.00,	0.00,	0.00,	0.00,	0.00,
441,	uSD08AQV-C  ,	AZA0086A1026A       ,	0086AZA039               ,	0.00,	0.00,	0.00,	0.00,	0.00,	0.00,
442,	FCQFN-08OK2D,	ANI008OK2001A       ,	008OKNI037               ,	0.00,	0.00,	0.00,	0.00,	0.00,	0.00,
443,	FCQFN-08OK2D,	ANI008OK2001A       ,	008OKNI050               ,	0.00,	0.00,	0.00,	0.00,	0.00,	0.00,
444,	FCQFN-08OK2D,	ANI008OK2001A       ,	008OKNI065               ,	0.00,	0.00,	0.00,	0.00,	0.00,	0.00,
445,	FCQFN-08OK2D,	ANI008OK2001A       ,	008OKNI087               ,	0.00,	0.00,	0.00,	0.00,	0.00,	0.00,
446,	FCQFN-08OK2D,	ANI008OK2001A       ,	008OKNI094               ,	0.00,	0.00,	0.00,	0.00,	0.00,	0.00,
447,	FCDFN-08Y72D,	ANI008Y71001C       ,	008Y7NI003               ,	450.00,	99.59,	0.00,	0.00,	0.00,	0.00,
448,	FCDFN-08YZ2A,	ANI008YZ1001D       ,	008YZNI017               ,	0.00,	0.00,	0.00,	0.00,	0.00,	0.00,
449,	DFN-12Y12A  ,	ANI012Y11002C       ,	012Y1NI057               ,	0.00,	0.00,	0.00,	0.00,	0.00,	0.00,
450,	FCQFN-12Y32D,	ANI012Y32002D       ,	012Y3NI068               ,	0.00,	0.00,	0.00,	0.00,	0.00,	0.00,
451,	FCQFN-12Y32D,	ANI012Y32001B       ,	012Y3NI122               ,	0.00,	0.00,	0.00,	0.00,	0.00,	0.00,
452,	FCQFN-12Y32D,	ANI012Y32001B       ,	012Y3NI126               ,	0.00,	0.00,	0.00,	0.00,	0.00,	0.00,
453,	FCQFN-12Y32D,	ANI012Y32002D       ,	012Y3NI129               ,	0.00,	0.00,	0.00,	0.00,	0.00,	0.00,
454,	FCQFN-12Y32D,	ANI012Y32002D       ,	012Y3NI144               ,	0.00,	0.00,	0.00,	0.00,	0.00,	0.00,
455,	FCQFN-12Y32D,	ANI012Y32002D       ,	012Y3NI145               ,	0.00,	0.00,	0.00,	0.00,	0.00,	0.00,
456,	FCQFN-12Y32D,	ANI012Y32002D       ,	012Y3NI146               ,	0.00,	0.00,	0.00,	0.00,	0.00,	0.00,
457,	FCQFN-12Y32D,	ANI012Y32002D       ,	012Y3NI162               ,	0.00,	0.00,	0.00,	0.00,	0.00,	0.00,
458,	FCQFN-12Y32D,	ANI012Y32002D       ,	012Y3NI169               ,	0.00,	0.00,	0.00,	0.00,	0.00,	0.00,
459,	FCQFN-14OA2D,	ANI014OA1001C       ,	014OANI028               ,	0.00,	0.00,	0.00,	0.00,	0.00,	0.00,
460,	FCQFN-14OA2D,	ANI014OA1001C       ,	014OANI052               ,	0.00,	0.00,	0.00,	0.00,	0.00,	0.00,
461,	FCQFN-14OA2D,	ANI014OA1001C       ,	014OANI055               ,	0.00,	0.00,	0.00,	0.00,	0.00,	0.00,
462,	FCQFN-14OA2D,	ANI014OA1001C       ,	014OANI060               ,	0.00,	0.00,	0.00,	0.00,	0.00,	0.00,
463,	FCQFN-14OL2D,	ANI014OL1001C       ,	014OLNI029               ,	0.00,	0.00,	0.00,	0.00,	0.00,	0.00,
464,	FCQFN-14OL2D,	ANI014OL1001C       ,	014OLNI031               ,	0.00,	0.00,	0.00,	0.00,	0.00,	0.00,
465,	FCQFN-14OL2D,	ANI014OL1001C       ,	014OLNI042               ,	0.00,	0.00,	0.00,	0.00,	0.00,	0.00,
466,	FCQFN-16OF2D,	ANI016OF2001B       ,	016OFNI045               ,	0.00,	0.00,	0.00,	0.00,	0.00,	0.00,
467,	QFN-20YU2D  ,	ANI020YU1005C       ,	020YUNI059               ,	0.00,	0.00,	0.00,	0.00,	0.00,	0.00,
468,	QFN-20YU2D  ,	ANI020YU1002B       ,	020YUNI092               ,	0.00,	0.00,	0.00,	0.00,	0.00,	0.00,
469,	QFN-20YU2D  ,	ANI020YU1001M       ,	020YUNI101               ,	0.00,	0.00,	0.00,	0.00,	0.00,	0.00,
470,	QFN-20YU2D  ,	ANI020YU1002B       ,	020YUNI125               ,	0.00,	0.00,	0.00,	0.00,	0.00,	0.00,
471,	QFN-20YU2D  ,	ANI020YU1005C       ,	020YUNI156               ,	0.00,	0.00,	0.00,	0.00,	0.00,	0.00,
472,	QFN-20YU2D  ,	ANI020YU1001M       ,	020YUNI162               ,	0.00,	0.00,	0.00,	0.00,	0.00,	0.00,
473,	QFN-20YU2D  ,	ANI020YU1002B       ,	020YUNI205               ,	0.00,	0.00,	0.00,	0.00,	0.00,	0.00,
474,	QFN-20YU2D  ,	ANI020YU1002B       ,	020YUNI250               ,	0.00,	0.00,	0.00,	0.00,	0.00,	0.00,
475,	QFN-20YU2D  ,	ANI020YU1002B       ,	020YUNI252               ,	0.00,	0.00,	0.00,	0.00,	0.00,	0.00,
476,	QFN-20YU2D  ,	ANI020YU1002B       ,	020YUNI274               ,	0.00,	0.00,	0.00,	0.00,	0.00,	0.00,
477,	QFN-20YU2D  ,	ANI020YU1002B       ,	020YUNI293               ,	0.00,	0.00,	0.00,	0.00,	0.00,	0.00,
478,	QFN-20YU2D  ,	ANI020YU1002B       ,	020YUNI296               ,	0.00,	0.00,	0.00,	0.00,	0.00,	0.00,
479,	QFN-20YU2D  ,	ANI020YU1005C       ,	020YUNI338               ,	0.00,	0.00,	0.00,	0.00,	0.00,	0.00,
480,	QFN-20YU2D  ,	ANI020YU1002B       ,	020YUNI342               ,	0.00,	0.00,	0.00,	0.00,	0.00,	0.00,
481,	WLCSP       ,	                    ,	000IACM189ENG            ,	0.00,	0.00,	0.00,	0.00,	0.00,	0.00,
482,	WLCSP       ,	                    ,	000IACM208ENG            ,	0.00,	0.00,	0.00,	0.00,	0.00,	0.00,
483,	DFN-08YK2A  ,	ANI008YK3002A       ,	008YKCM035ENG            ,	0.00,	0.00,	0.00,	0.00,	0.00,	0.00,
484,	QFN-48AC1   ,	ABW048AC1003A       ,	048ACCM021ENG            ,	0.00,	0.00,	0.00,	0.00,	0.00,	0.00,
485,	TSOP1-48/48 ,	AAS048TG2008A       ,	048TGCME09ENG            ,	0.00,	0.00,	0.00,	0.00,	0.00,	0.00,
486,	TSOP1-48/48 ,	AAS048TG2008A       ,	048TGCME10ENG            ,	0.00,	0.00,	0.00,	0.00,	0.00,	0.00,
487,	TSOP2-66CME ,	AAS066TS1009A       ,	066TSCM048ENG            ,	0.00,	0.00,	0.00,	0.00,	0.00,	0.00,
488,	TSOP2-86E   ,	ABU086TA1007A       ,	086TACM029ENG            ,	0.00,	0.00,	0.00,	0.00,	0.00,	0.00,
489,	FBGA-96UEL-3,	AAS096EL1027A       ,	096ELCME42ENG            ,	0.30,	0.00,	0.00,	0.00,	0.00,	0.00,
490,	STBGA132C4V ,	ANV132X2B006A       ,	132X2CM095ENG            ,	0.00,	0.00,	0.00,	0.00,	0.00,	0.00,
491,	STBGA200DAP ,	ABU200KX1005A       ,	200KXCM011ENG            ,	0.00,	0.00,	0.00,	0.00,	0.00,	0.00,
492,	VFBGA200BEP ,	ABU200N74005A       ,	200N7CM010ENG            ,	0.00,	0.00,	0.00,	0.00,	0.00,	0.00,
493,	VTLGA08J4U  ,	AAS008DR1006A       ,	008DRAS009               ,	0.00,	0.00,	0.00,	0.00,	0.00,	0.00,
494,	SOP-8G      ,	AAS008FG1009A       ,	008FGAS035               ,	0.00,	0.00,	0.00,	0.00,	0.00,	0.00,
495,	DFN-08YM2G  ,	AAS008YM2022A       ,	008YMAS057               ,	0.00,	0.00,	41.34,	16.00,	0.00,	0.00,
496,	MINIBGA48J3U,	AAS048MAB003A       ,	048MAAS004               ,	0.00,	0.00,	0.00,	0.00,	0.00,	0.00,
497,	MAT         ,	                    ,	0008WVE016               ,	0.00,	0.00,	0.00,	0.00,	0.00,	0.00,
498,	WLCSP       ,	                    ,	000IAQR014               ,	0.00,	0.00,	0.00,	0.00,	0.00,	0.00,
499,	MINIBGA48A1 ,	BU048MA2002A        ,	048MABU017               ,	0.00,	0.00,	0.00,	0.00,	0.00,	0.00,
500,	MINIBGA48J3U,	ABU048MA7001A       ,	048MABU068               ,	45.00,	12.30,	0.00,	0.00,	0.00,	18.38,
501,	MINIBGA60A3 ,	BU060MV1002C        ,	060MVBU004               ,	0.00,	0.00,	0.00,	0.00,	0.00,	0.00,
502,	FBGAS-96UEF7,	ABU096EF5001A       ,	096EFBU003               ,	0.00,	0.00,	0.00,	0.00,	0.00,	0.00,
503,	FBGA-126UCT ,	ABU126CT2001B       ,	126CTBU001               ,	0.00,	0.00,	0.00,	0.00,	0.00,	0.00,
504,	DFN-08Y62D  ,	ABU008Y62011A       ,	008Y6VG008               ,	5.00,	0.00,	0.00,	0.00,	0.00,	0.00,
505,	DFN-08YD2A  ,	ABU008YD2005A       ,	008YDVG012               ,	0.00,	0.00,	0.00,	0.00,	0.00,	0.00,
506,	STBGA24D4U  ,	ABU024XJ8004A       ,	024XJVG008               ,	7.41,	0.00,	6.51,	0.00,	0.00,	0.00,
507,	MINIBGA48J3U,	ABU048MA3001A       ,	048MAVG002               ,	0.00,	0.00,	0.00,	0.00,	0.00,	0.00,
508,	FCBGA85A3F  ,	AST085UO1001A       ,	085UOST002               ,	25.00,	0.00,	0.00,	0.00,	0.00,	0.00,
509,	TSOP1-48AM  ,	AMS048TW1058A       ,	048TWMS068               ,	0.00,	0.00,	0.00,	0.00,	0.00,	0.00,
510,	FBGA-96UEC  ,	AMS096EC1002A       ,	096ECMS003               ,	125.00,	27.96,	111.60,	0.00,	0.00,	9.68,
511,	SSLGA16DOU  ,	AAW016D53019A       ,	016D5AW021               ,	100.00,	9.94,	2.58,	0.00,	0.00,	17.90,
512,	MBGA24J3U   ,	AAW024MAA006A       ,	024MAAW083               ,	0.00,	0.00,	6.16,	6.16,	0.00,	0.00,
513,	TSOP1-48/M2 ,	AAW048TP1045A       ,	048TPAW181               ,	0.00,	0.00,	0.00,	0.00,	0.00,	0.00,
514,	TSOP1-56/56 ,	AAW056TH1017A       ,	056THAW027               ,	0.00,	0.00,	0.00,	0.00,	0.00,	0.00,
515,	MAT         ,	                    ,	0008WNV506               ,	0.00,	0.00,	0.00,	0.00,	0.00,	0.00,
516,	uSD08AQV-C  ,	ANV0086A1065A       ,	0086ANV161               ,	0.00,	0.00,	0.00,	0.00,	0.00,	0.00,
517,	uSD08AQV-C  ,	ANV0086A1071A       ,	0086ANV177               ,	0.00,	0.00,	0.00,	0.00,	0.00,	0.00,
518,	STBGA132C4V ,	ANV132X2B017A       ,	132X2NV193               ,	0.00,	0.00,	0.00,	0.00,	0.00,	0.00,
519,	STBGA345SBC ,	ANV345XTB026A       ,	345XTNV084               ,	0.00,	0.00,	0.00,	0.00,	0.00,	0.00,
520,	STBGA391aLP ,	AXY391KJ3002B       ,	391KJXY002               ,	0.00,	0.00,	0.00,	0.00,	0.00,	0.00,
521,	WLCSP       ,	                    ,	000IAVT005               ,	0.00,	0.00,	0.00,	0.00,	0.00,	0.00,
522,	MAT         ,	ENG                 ,	0008WAB033               ,	0.00,	0.00,	0.00,	0.00,	0.00,	0.00,
523,	DFN-08YB2G  ,	AAB008YB2007A       ,	008YBAB016               ,	14.83,	0.00,	0.00,	0.00,	0.00,	0.00,
524,	DFN-08YQ2A  ,	AAB008YQ2022A       ,	008YQAB072               ,	0.00,	0.00,	0.00,	0.00,	0.00,	0.00,
525,	TSOP2-54ME  ,	AAB054TN1005A       ,	054TNAB041               ,	120.00,	48.31,	0.00,	0.00,	0.00,	41.06,
526,	TSOP2-54CME ,	AAB054TS1003A       ,	054TSAB006               ,	0.00,	0.00,	0.00,	0.00,	0.00,	0.00,
527,	WLCSP-WAFER ,	ENG                 ,	000IABW028               ,	0.00,	0.00,	0.00,	0.00,	0.00,	0.00,
528,	WLCSP       ,	ENG                 ,	000IABW031               ,	0.00,	0.00,	0.00,	0.00,	0.00,	0.00,
529,	WLCSP       ,	                    ,	000IABW058               ,	0.00,	0.00,	0.00,	0.00,	0.00,	0.00,
530,	WLCSP       ,	                    ,	000IABW108               ,	0.00,	0.00,	0.00,	0.00,	0.00,	0.00,
531,	WLCSP       ,	                    ,	000IABW115               ,	0.00,	0.00,	0.00,	0.00,	0.00,	0.00,
532,	QFN-36AB1   ,	ABW036AB1004A       ,	036ABBW009               ,	0.00,	0.00,	15.92,	12.72,	0.00,	0.00,
533,	MAT         ,	,	0008WPRT005              ,	0.00,	0.00,	0.00,	0.00,	0.00,	0.00,
534,	FCQFN-08OK2D,	ANI008OK2001A       ,	008OKNI038               ,	0.00,	0.00,	0.00,	0.00,	0.00,	0.00,
535,	FCQFN-08OK2D,	ANI008OK2001A       ,	008OKNI043               ,	0.00,	0.00,	0.00,	0.00,	0.00,	0.00,
536,	FCQFN-08OK2D,	ANI008OK2001A       ,	008OKNI048               ,	0.00,	0.00,	0.00,	0.00,	0.00,	0.00,
537,	FCDFN-08Y72D,	ANI008Y71001C       ,	008Y7NI035               ,	0.00,	0.00,	0.00,	0.00,	0.00,	0.00,
538,	QFN-10YK2A  ,	ANI010YK3001A       ,	010YKNI038               ,	0.00,	0.00,	0.00,	0.00,	0.00,	0.00,
539,	QFN-10YK2A  ,	ANI010YK3005A       ,	010YKNI052               ,	0.00,	0.00,	0.00,	0.00,	0.00,	0.00,
540,	DFN-12Y12A  ,	ANI012Y11002C       ,	012Y1NI061               ,	0.00,	0.00,	0.00,	0.00,	0.00,	0.00,
541,	FCQFN-12Y32D,	ANI012Y32002D       ,	012Y3NI124               ,	0.00,	0.00,	0.00,	0.00,	0.00,	0.00,
542,	FCQFN-12Y32D,	ANI012Y32001B       ,	012Y3NI159               ,	0.00,	0.00,	0.00,	0.00,	0.00,	0.00,
543,	FCQFN-12Y32D,	ANI012Y32001B       ,	012Y3NI167               ,	0.00,	0.00,	0.00,	0.00,	0.00,	0.00,
544,	FCQFN-12Y32D,	ANI012Y32001B       ,	012Y3NI182               ,	0.00,	0.00,	0.00,	0.00,	0.00,	0.00,
545,	FCQFN-14OL2D,	ANI014OL1001C       ,	014OLNI016               ,	0.00,	0.00,	0.00,	0.00,	0.00,	0.00,
546,	FCQFN-14OL2D,	ANI014OL1001C       ,	014OLNI026               ,	0.00,	0.00,	0.00,	0.00,	0.00,	0.00,
547,	FCQFN-14OL2D,	ANI014OL1001C       ,	014OLNI034               ,	0.00,	0.00,	0.00,	0.00,	0.00,	0.00,
548,	FCQFN-14OL2D,	ANI014OL1001C       ,	014OLNI038               ,	0.00,	0.00,	0.00,	0.00,	0.00,	0.00,
549,	FCQFN-16OF2D,	ANI016OF2001B       ,	016OFNI032               ,	0.00,	0.00,	0.00,	0.00,	0.00,	0.00,
550,	QFN-20YU2D  ,	ANI020YU1005C       ,	020YUNI084               ,	0.00,	0.00,	0.00,	0.00,	0.00,	0.00,
551,	QFN-20YU2D  ,	ANI020YU1005C       ,	020YUNI088               ,	0.00,	0.00,	0.00,	0.00,	0.00,	0.00,
552,	QFN-20YU2D  ,	ANI020YU1005C       ,	020YUNI160               ,	0.00,	0.00,	0.00,	0.00,	0.00,	0.00,
553,	QFN-20YU2D  ,	ANI020YU1002B       ,	020YUNI181               ,	0.00,	0.00,	0.00,	0.00,	0.00,	0.00,
554,	QFN-20YU2D  ,	ANI020YU1002B       ,	020YUNI204               ,	0.00,	0.00,	0.00,	0.00,	0.00,	0.00,
555,	QFN-20YU2D  ,	ANI020YU1002B       ,	020YUNI221               ,	0.00,	0.00,	0.00,	0.00,	0.00,	0.00,
556,	QFN-20YU2D  ,	ANI020YU1001M       ,	020YUNI232               ,	0.00,	0.00,	0.00,	0.00,	0.00,	0.00,
557,	QFN-20YU2D  ,	ANI020YU1001M       ,	020YUNI234               ,	0.00,	0.00,	0.00,	0.00,	0.00,	0.00,
558,	QFN-20YU2D  ,	ANI020YU1002B       ,	020YUNI277               ,	0.00,	0.00,	0.00,	0.00,	0.00,	0.00,
559,	QFN-20YU2D  ,	ANI020YU1002B       ,	020YUNI290               ,	0.00,	0.00,	0.00,	0.00,	0.00,	0.00,
560,	WLCSP       ,	                    ,	000IACM221ENG            ,	0.00,	0.00,	0.00,	0.00,	0.00,	0.00,
561,	WLCSP       ,	                    ,	000IACM233ENG            ,	0.00,	0.00,	0.00,	0.00,	0.00,	0.00,
562,	VTLGA08J4U  ,	AAS008DR2003A       ,	008DRCME15ENG            ,	0.04,	0.00,	0.00,	0.00,	0.00,	0.00,
563,	TSOP2-54CME ,	AAB054TS1004A       ,	054TSCM038ENG            ,	0.00,	0.00,	0.00,	0.00,	0.00,	0.00,
564,	VFBGA60K8L  ,	AMS060NR1003A       ,	060NRCM016ENG            ,	0.00,	0.00,	0.14,	0.00,	0.00,	0.00,
565,	QFN88Y23AW  ,	AMF088Y23001A       ,	088Y2CME002ENG           ,	0.00,	0.00,	0.00,	0.00,	0.00,	0.00,
566,	FBGA-96UEL-3,	AAS096EL1022A       ,	096ELCME028ENG           ,	0.00,	0.00,	0.00,	0.00,	0.00,	0.00,
567,	FBGAS-96UEL8,	AAS096EL2001A       ,	096ELCME11ENG            ,	0.00,	0.00,	0.00,	0.00,	0.00,	0.00,
568,	FBGA-96UEL-3,	AAS096EL1008A       ,	096ELCME28ENG            ,	0.00,	0.00,	0.00,	0.00,	0.00,	0.00,
569,	FBGA96UEL(2),	AAB096EL1019A       ,	096ELCME36ENG            ,	0.00,	0.00,	0.00,	0.00,	0.00,	0.00,
570,	STBGA153HEV ,	ANV153XT8006A       ,	153XTCME005ENG           ,	1.90,	0.00,	0.00,	0.00,	0.00,	0.00,
571,	STBGA169D4V ,	ANV169XN6002A       ,	169XNCM010ENG            ,	0.00,	0.00,	0.00,	0.00,	0.00,	0.00,
572,	STBGA252G4VT,	AEU252X02002A       ,	252X0CM008ENG            ,	0.00,	0.00,	0.00,	0.00,	0.00,	0.00,
573,	TSOP2-54ME  ,	ACD054TA1008B       ,	054TNCD019               ,	0.00,	0.00,	0.00,	0.00,	0.00,	0.00,
574,	DFN-08YQ2AW ,	AAS008YQ9002A       ,	008YQAS038               ,	0.00,	0.00,	0.00,	0.00,	0.00,	0.00,
575,	TSOP2-66CME ,	AAS066TS1004B       ,	066TSAS017               ,	0.00,	0.00,	0.00,	0.00,	0.00,	0.00,
576,	FBGA-84UC   ,	AAS084CC2015B       ,	084UCAS105               ,	0.00,	0.00,	0.00,	0.00,	0.00,	0.00,
577,	WLCSP       ,	                    ,	000IAQR028               ,	0.00,	0.00,	0.00,	0.00,	0.00,	0.00,
578,	WLCSP       ,	                    ,	000IAQR041               ,	0.00,	0.00,	0.00,	0.00,	0.00,	0.00,
579,	STBGA153JAU ,	ASS153XT3002A       ,	153XTSS012               ,	0.00,	0.00,	0.00,	0.00,	0.00,	0.00,
580,	FBGA-84UC(2),	ABU084CC2004B       ,	084UCBU006               ,	15.00,	0.00,	0.00,	0.00,	0.00,	0.00,
581,	MAT         ,	                    ,	0008WVG030               ,	0.00,	0.00,	0.00,	0.00,	0.00,	0.00,
582,	STDFN-08YQ2A,	ABU008YQ2015A       ,	008YQVG009               ,	0.00,	0.00,	0.00,	0.00,	0.00,	0.00,
583,	TSOP1-48AM  ,	AMS048TW1053A       ,	048TWMS063               ,	70.00,	21.37,	3.22,	2.16,	0.00,	22.16,
584,	FBGA-78U9   ,	ALW078C93002A       ,	078U9LW015               ,	0.00,	0.00,	0.00,	0.00,	0.00,	0.00,
585,	MAT         ,	                    ,	0008WAW094               ,	0.00,	0.00,	0.00,	0.00,	0.00,	0.00,
586,	STBGA24A3L  ,	AAW024XJ6014A       ,	024XJAW021               ,	15.00,	0.00,	0.00,	0.00,	0.00,	0.00,
587,	TSOP1-48/48M,	AAW048TP1024D       ,	048TPAW056               ,	170.00,	45.36,	104.05,	28.08,	0.00,	36.72,
588,	VFBGA63BAU  ,	AAW063NW4001A       ,	063NWAW008               ,	0.00,	0.00,	0.00,	0.00,	0.00,	0.00,
589,	MBGA64J4U   ,	AAW064MR1004A       ,	064MRAW025               ,	0.00,	0.00,	0.00,	0.00,	0.00,	0.00,
590,	MAT         ,	                    ,	0008WNV458               ,	0.00,	0.00,	0.00,	0.00,	0.00,	0.00,
591,	MAT         ,	                    ,	0008WNV486               ,	0.00,	0.00,	0.00,	0.00,	0.00,	0.00,
592,	SMT         ,	TDANV153XT8028A-A   ,	000SNV149                ,	0.00,	0.00,	0.00,	0.00,	0.00,	0.00,
593,	SSBGA132G4VT,	ANV132X2C057A       ,	132X2NV159               ,	0.00,	0.00,	0.00,	0.00,	0.00,	0.00,
594,	STBGA132G4VT,	ANV132X2C090A       ,	132X2NV194               ,	0.00,	0.00,	0.00,	0.00,	0.00,	0.00,
595,	LGA12CBP    ,	AUK012DN2003A       ,	012DNUK014               ,	0.00,	0.00,	0.00,	0.00,	0.00,	0.00,
596,	STBGA252D4V ,	AEU252X02002A       ,	252X0EU004               ,	0.00,	0.00,	3.38,	1.15,	0.00,	0.00,
597,	WLCSP       ,	                    ,	000IAAB018               ,	0.00,	0.00,	0.00,	0.00,	0.00,	0.00,
598,	STDFN-08YQ2A,	AAB008YQ2023A       ,	008YQAB074               ,	0.00,	0.00,	0.00,	0.00,	0.00,	0.00,
599,	STDFN-08YQ2A,	AAB008YQ2039B       ,	008YQAB090               ,	120.00,	31.55,	0.00,	0.00,	0.00,	0.00,
600,	TSOP1-48AM  ,	AAB048TW2005A       ,	048TWAB014               ,	0.00,	0.00,	0.00,	0.00,	0.00,	0.00,
601,	VFBGA54B4   ,	AB054NB2002A        ,	054NBAB001               ,	0.00,	0.00,	75.38,	19.30,	0.00,	0.00,
602,	TSOP2-54CME ,	AAB054TS1004A       ,	054TSAB011               ,	0.00,	0.00,	5.76,	2.88,	0.00,	0.00,
603,	FBGAS119-MF3,	ALP119CF5009A       ,	119CFLP074               ,	0.00,	0.00,	0.00,	0.00,	0.00,	0.00,
604,	MAT         ,	                    ,	0008WGJ084               ,	0.00,	0.00,	0.00,	0.00,	0.00,	0.00,
605,	WLCSP       ,	ENG                 ,	000IABW015               ,	0.00,	0.00,	0.00,	0.00,	0.00,	0.00,
606,	WLCSP       ,	                    ,	000IABW056               ,	0.00,	0.00,	0.00,	0.00,	0.00,	0.00,
607,	WLCSP-WAFER ,	                    ,	000IABW098               ,	0.00,	0.00,	0.00,	0.00,	0.00,	0.00,
608,	uSD08AQV-C  ,	AZA0086A1026A       ,	0086AZA026               ,	0.00,	0.00,	0.00,	1.48,	0.00,	0.00,
609,	FCQFN-08OK2D,	ANI008OK2001A       ,	008OKNI036               ,	0.00,	0.00,	0.00,	0.00,	0.00,	0.00,
610,	FCQFN-08OK2D,	ANI008OK2001A       ,	008OKNI041               ,	0.00,	0.00,	0.00,	0.00,	0.00,	0.00,
611,	FCQFN-08OK2D,	ANI008OK2001A       ,	008OKNI077               ,	0.00,	0.00,	0.00,	0.00,	0.00,	0.00,
612,	DFN-08YK2A  ,	ANI008YK1006A       ,	008YKNI084               ,	0.00,	0.00,	0.00,	0.00,	0.00,	0.00,
613,	DFN-08YK2A  ,	ANI008YK3002A       ,	008YKNI097               ,	0.00,	0.00,	0.00,	0.00,	0.00,	0.00,
614,	FCDFN-08YZ2A,	ANI008YZ1001D       ,	008YZNI037               ,	10.73,	10.73,	0.00,	0.00,	0.00,	0.00,
615,	QFN-10YK2A  ,	ANI010YK3003A       ,	010YKNI043               ,	0.00,	0.00,	0.00,	0.00,	0.00,	0.00,
616,	QFN-10YK2A  ,	ANI010YK2001A       ,	010YKNI046               ,	0.00,	0.00,	0.00,	0.00,	0.00,	0.00,
617,	DFN-12Y12A  ,	ANI012Y11002C       ,	012Y1NI054               ,	0.00,	0.00,	0.00,	0.00,	0.00,	0.00,
618,	DFN-12Y12A  ,	ANI012Y11002C       ,	012Y1NI055               ,	0.00,	0.00,	0.00,	0.00,	0.00,	0.00,
619,	FCQFN-12Y32D,	ANI012Y32002D       ,	012Y3NI033               ,	0.00,	0.00,	0.00,	0.00,	0.00,	0.00,
620,	FCQFN-12Y32D,	ANI012Y32002D       ,	012Y3NI130               ,	0.00,	0.00,	0.00,	0.00,	0.00,	0.00,
621,	FCQFN-12Y32D,	ANI012Y32002D       ,	012Y3NI135               ,	0.00,	0.00,	0.00,	0.00,	0.00,	0.00,
622,	FCQFN-12Y32D,	ANI012Y32002D       ,	012Y3NI137               ,	0.00,	0.00,	0.00,	0.00,	0.00,	0.00,
623,	FCQFN-12Y32D,	ANI012Y32002D       ,	012Y3NI149               ,	0.00,	0.00,	0.00,	0.00,	0.00,	0.00,
624,	FCQFN-12Y32D,	ANI012Y32001B       ,	012Y3NI157               ,	0.00,	0.00,	0.00,	0.00,	0.00,	0.00,
625,	FCQFN-12Y32D,	ANI012Y32002D       ,	012Y3NI164               ,	0.00,	0.00,	0.00,	0.00,	0.00,	0.00,
626,	FCQFN-12Y32D,	ANI012Y32002D       ,	012Y3NI184               ,	0.00,	0.00,	0.00,	0.00,	0.00,	0.00,
627,	FCQFN-12Y32D,	ANI012Y32002D       ,	012Y3NI185               ,	0.00,	0.00,	0.00,	0.00,	0.00,	0.00,
628,	FCQFN-12Y32D,	ANI012Y32002D       ,	012Y3NI192               ,	0.00,	0.00,	0.00,	0.00,	0.00,	0.00,
629,	FCQFN-14OL2D,	ANI014OL1001C       ,	014OLNI028               ,	0.00,	0.00,	0.00,	0.00,	0.00,	0.00,
630,	FCQFN-14OL2D,	ANI014OL1001C       ,	014OLNI036               ,	0.00,	0.00,	0.00,	0.00,	0.00,	0.00,
631,	FCQFN-16OF2D,	ANI016OF2003A       ,	016OFNI016               ,	0.00,	0.00,	0.00,	0.00,	0.00,	0.00,
632,	QFN-20YU2D  ,	ANI020YU1005C       ,	020YUNI104               ,	0.00,	0.00,	0.00,	0.00,	0.00,	0.00,
633,	QFN-20YU2D  ,	ANI020YU1002B       ,	020YUNI115               ,	0.00,	0.00,	0.00,	0.00,	0.00,	0.00,
634,	QFN-20YU2D  ,	ANI020YU1002B       ,	020YUNI116               ,	0.00,	0.00,	0.00,	0.00,	0.00,	0.00,
635,	QFN-20YU2D  ,	ANI020YU1002B       ,	020YUNI139               ,	0.00,	0.00,	0.00,	0.00,	0.00,	0.00,
636,	QFN-20YU2D  ,	ANI020YU1002B       ,	020YUNI216               ,	0.00,	0.00,	0.00,	0.00,	0.00,	0.00,
637,	QFN-20YU2D  ,	ANI020YU1001M       ,	020YUNI230               ,	0.00,	0.00,	0.00,	0.00,	0.00,	0.00,
638,	QFN-20YU2D  ,	ANI020YU1001M       ,	020YUNI236               ,	0.00,	0.00,	0.00,	0.00,	0.00,	0.00,
639,	QFN-20YU2D  ,	ANI020YU1002B       ,	020YUNI276               ,	0.00,	0.00,	0.00,	0.00,	0.00,	0.00,
640,	QFN-20YU2D  ,	ANI020YU1001M       ,	020YUNI317               ,	0.00,	0.00,	0.00,	0.00,	0.00,	0.00,
641,	QFN-20YU2D  ,	ANI020YU1005C       ,	020YUNI336               ,	0.00,	0.00,	0.00,	0.00,	0.00,	0.00,
642,	MAT         ,	                    ,	0008WHQ178               ,	0.00,	0.00,	0.00,	0.00,	0.00,	0.00,
643,	MAT         ,	                    ,	0008WCME103ENG           ,	0.00,	0.00,	0.00,	0.00,	0.00,	0.00,
644,	WLCSP       ,	                    ,	000IACM205ENG            ,	0.00,	0.00,	0.00,	0.00,	0.00,	0.00,
645,	DFN-08Y62D  ,	AAW008Y62024A       ,	008Y6CM056ENG            ,	0.00,	0.00,	0.00,	0.00,	0.00,	0.00,
646,	QFN-20YU2D  ,	ANI020YU1002B       ,	020YUCM006ENG            ,	0.00,	0.00,	12.46,	0.00,	0.00,	0.00,
647,	QFN-20YU2D  ,	ANI020YU1002B       ,	020YUCM010ENG            ,	0.00,	0.00,	0.00,	0.00,	0.00,	0.00,
648,	FBGA96UEF3-2,	AAB096EF3001A       ,	096EFCM059ENG            ,	0.00,	0.00,	0.00,	0.00,	0.00,	0.00,
649,	FBGAS-96UEL9,	AAS096EL4003A       ,	096ELCME40ENG            ,	0.00,	0.00,	0.00,	0.00,	0.00,	0.00,
650,	TSOP2-54ME  ,	ACD054TN1001A       ,	054TNCD021               ,	0.00,	0.00,	0.00,	0.00,	0.00,	0.00,
651,	SOP-8G      ,	AAS008FG1010A       ,	008FGAS012               ,	0.00,	0.00,	0.00,	0.00,	0.00,	0.00,
652,	SOP-8G      ,	AAS008FG1011A       ,	008FGAS025               ,	280.00,	131.36,	229.81,	60.48,	0.00,	131.04,
653,	DFN-08YQ2AW ,	AAS008YQ2014A       ,	008YQAS031               ,	120.00,	12.32,	0.00,	0.00,	0.00,	12.32,
654,	FBGA-96UEL-3,	AAS096EL1027A       ,	096ELAS058               ,	2.69,	0.00,	0.00,	0.00,	0.00,	0.00,
655,	MINIBGA48A1 ,	BU048MW2002C        ,	048MWBU015               ,	0.00,	0.00,	0.00,	0.00,	0.00,	0.00,
656,	VFBGA60B4   ,	ABU060NL3002A       ,	060NLBU005               ,	0.00,	0.00,	24.85,	2.40,	0.00,	0.00,
657,	FBGA-60U9(2),	ABU060C91003A       ,	060U9BU003               ,	0.50,	0.00,	0.00,	0.00,	0.00,	0.00,
658,	FBGA-96LEA  ,	ABU096EA1001A       ,	096EABU001               ,	0.18,	0.00,	28.73,	12.85,	0.00,	7.86,
659,	DFN-08YM2D  ,	ABU008YM2006A       ,	008YMVG005               ,	41.75,	16.00,	0.00,	0.00,	0.00,	16.00,
660,	DFN-08YQ2A  ,	ABU008YQ2001A       ,	008YQVG002               ,	15.00,	0.00,	0.00,	0.00,	0.00,	0.00,
661,	TSOP1-56/56 ,	ABU056TH2001A       ,	056THVG007               ,	0.00,	0.00,	0.00,	0.00,	0.00,	0.00,
662,	FBGA-96UEC  ,	AMS096EC3001B       ,	096ECMS010               ,	30.00,	0.00,	0.00,	0.00,	0.00,	0.00,
663,	MAT         ,	                    ,	0008WAW096               ,	0.00,	0.00,	0.00,	0.00,	0.00,	0.00,
664,	MINIBGA24A3L,	AAW024MA6009A       ,	024MAAW014               ,	0.00,	0.00,	0.00,	0.00,	0.00,	0.00,
665,	MAT         ,	                    ,	0008WNV457               ,	0.00,	0.00,	0.00,	0.00,	0.00,	0.00,
666,	MAT         ,	                    ,	0008WNV472               ,	0.00,	0.00,	0.00,	0.00,	0.00,	0.00,
667,	uSD08AQV    ,	ANV0086A1051A       ,	0086ANV147               ,	0.00,	0.00,	0.00,	0.00,	0.00,	0.00,
668,	uSD08AQV-C  ,	ANV0086A1076A       ,	0086ANV203               ,	0.00,	0.00,	0.00,	0.00,	0.00,	0.00,
669,	TSOP1-48MR2C,	ANV048TR2014B       ,	048TRNV100               ,	0.00,	0.00,	0.00,	0.00,	0.00,	0.00,
670,	STBGA132G4VT,	ANV132X2C099A       ,	132X2NV197               ,	0.00,	0.00,	0.46,	0.00,	0.00,	0.00,
671,	STBGA153GEV ,	ANV153XT9018A       ,	153XTNV105               ,	0.00,	0.00,	0.00,	0.00,	0.00,	0.00,
672,	STBGA153JAVT,	ANV153XT9070A       ,	153XTNV135               ,	2.31,	2.31,	0.00,	0.00,	0.00,	1.41,
673,	MAT         ,	                    ,	0008WEU029               ,	0.00,	0.00,	0.00,	0.00,	0.00,	0.00,
674,	DFN-08YQ2A  ,	AAB008YQ2001B       ,	008YQAB010               ,	4.75,	0.00,	0.00,	0.00,	0.00,	0.00,
675,	STDFN-08YQ2A,	AAB008YQ2004A       ,	008YQAB034               ,	0.00,	0.00,	0.00,	0.00,	0.00,	0.00,
676,	STBGA24D6U  ,	AAB024XW3004A       ,	024XWAB001               ,	0.00,	0.00,	1.01,	0.00,	0.00,	0.00,
677,	VFBGA63BFU  ,	AAB063NW3001A       ,	063NWAB003               ,	0.00,	0.00,	0.00,	0.00,	0.00,	0.00,
678,	FBGA-84UC2H ,	AAB084CC9001A       ,	084UCAB027               ,	21.09,	11.06,	35.15,	11.20,	0.00,	11.06,
679,	FBGA-96UEF  ,	AYZ096EF2001A       ,	096EFYZ001               ,	0.00,	0.00,	0.00,	0.00,	0.00,	0.00,
680,	WLCSP       ,	                    ,	000IABW142               ,	0.00,	0.00,	0.00,	0.00,	0.00,	0.00,
681,	TSOP2-54CMES,	ACS054TS1009A       ,	054TSCS013               ,	0.00,	0.00,	16.67,	0.00,	0.00,	0.00,
682,	FCQFN-08OK2D,	ANI008OK2001A       ,	008OKNI010               ,	0.00,	0.00,	0.00,	0.00,	0.00,	0.00,
683,	FCQFN-08OK2D,	ANI008OK2001A       ,	008OKNI035               ,	0.00,	0.00,	0.00,	0.00,	0.00,	0.00,
684,	FCQFN-08OK2D,	ANI008OK2001A       ,	008OKNI052               ,	0.00,	0.00,	0.00,	0.00,	0.00,	0.00,
685,	FCQFN-08OK2D,	ANI008OK2001A       ,	008OKNI055               ,	0.00,	0.00,	0.00,	0.00,	0.00,	0.00,
686,	FCQFN-08OK2D,	ANI008OK2001A       ,	008OKNI058               ,	0.00,	0.00,	0.00,	0.00,	0.00,	0.00,
687,	FCQFN-08OK2D,	ANI008OK2001A       ,	008OKNI059               ,	0.00,	0.00,	0.00,	0.00,	0.00,	0.00,
688,	FCQFN-08OK2D,	ANI008OK2001A       ,	008OKNI095               ,	0.00,	0.00,	0.00,	0.00,	0.00,	0.00,
689,	FCDFN-08Y72D,	ANI008Y71001C       ,	008Y7NI031               ,	0.00,	0.00,	0.00,	0.00,	0.00,	0.00,
690,	FCDFN-08YZ2A,	ANI008YZ1001D       ,	008YZNI043               ,	0.00,	0.00,	0.00,	0.00,	0.00,	0.00,
691,	QFN-10YK2A  ,	ANI010YK3001A       ,	010YKNI037               ,	0.00,	0.00,	0.00,	0.00,	0.00,	0.00,
692,	DFN-12Y12A  ,	ANI012Y11002C       ,	012Y1NI052               ,	0.00,	0.00,	0.00,	0.00,	0.00,	0.00,
693,	FCQFN-12Y32D,	ANI012Y32002D       ,	012Y3NI095               ,	0.00,	0.00,	0.00,	0.00,	0.00,	0.00,
694,	FCQFN-12Y32D,	ANI012Y32002D       ,	012Y3NI136               ,	0.00,	0.00,	0.00,	0.00,	0.00,	0.00,
695,	FCQFN-12Y32D,	ANI012Y32002D       ,	012Y3NI141               ,	0.00,	0.00,	0.00,	0.00,	0.00,	0.00,
696,	FCQFN-12Y32D,	ANI012Y32001B       ,	012Y3NI152               ,	0.00,	0.00,	0.00,	0.00,	0.00,	0.00,
697,	FCQFN-14OA2D,	ANI014OA1001C       ,	014OANI050               ,	0.00,	0.00,	0.00,	0.00,	0.00,	0.00,
698,	FCQFN-14OA2D,	ANI014OA1001C       ,	014OANI056               ,	0.00,	0.00,	0.00,	0.00,	0.00,	0.00,
699,	FCQFN-14OA2D,	ANI014OA1001C       ,	014OANI058               ,	0.00,	0.00,	0.00,	0.00,	0.00,	0.00,
700,	FCQFN-14OA2D,	ANI014OA1001C       ,	014OANI064               ,	0.00,	0.00,	0.00,	0.00,	0.00,	0.00,
701,	FCQFN-14OA2D,	ANI014OA1001C       ,	014OANI066               ,	0.00,	0.00,	0.00,	0.00,	0.00,	0.00,
702,	FCQFN-14OL2D,	ANI014OL1001C       ,	014OLNI027               ,	0.00,	0.00,	0.00,	0.00,	0.00,	0.00,
703,	FCQFN-14OL2D,	ANI014OL1001C       ,	014OLNI032               ,	0.00,	0.00,	0.00,	0.00,	0.00,	0.00,
704,	FCQFN-14OL2D,	ANI014OL1001C       ,	014OLNI040               ,	0.00,	0.00,	0.00,	0.00,	0.00,	0.00,
705,	QFN-20YU2D  ,	ANI020YU1001M       ,	020YUNI128               ,	0.00,	0.00,	0.00,	0.00,	0.00,	0.00,
706,	QFN-20YU2D  ,	ANI020YU1002B       ,	020YUNI129               ,	0.00,	0.00,	0.00,	0.00,	0.00,	0.00,
707,	QFN-20YU2D  ,	ANI020YU1002B       ,	020YUNI130               ,	0.00,	0.00,	0.00,	0.00,	0.00,	0.00,
708,	QFN-20YU2D  ,	ANI020YU1005C       ,	020YUNI153               ,	0.00,	0.00,	0.00,	0.00,	0.00,	0.00,
709,	QFN-20YU2D  ,	ANI020YU1005C       ,	020YUNI159               ,	0.00,	0.00,	0.00,	0.00,	0.00,	0.00,
710,	QFN-20YU2D  ,	ANI020YU1002B       ,	020YUNI172               ,	0.00,	0.00,	0.00,	0.00,	0.00,	0.00,
711,	QFN-20YU2D  ,	ANI020YU1002B       ,	020YUNI214               ,	0.00,	0.00,	0.00,	0.00,	0.00,	0.00,
712,	QFN-20YU2D  ,	ANI020YU1002B       ,	020YUNI217               ,	0.00,	0.00,	0.00,	0.00,	0.00,	0.00,
713,	QFN-20YU2D  ,	ANI020YU1002B       ,	020YUNI226               ,	0.00,	0.00,	0.00,	0.00,	0.00,	0.00,
714,	QFN-20YU2D  ,	ANI020YU1001M       ,	020YUNI241               ,	0.00,	0.00,	0.00,	0.00,	0.00,	0.00,
715,	QFN-20YU2D  ,	ANI020YU1002B       ,	020YUNI301               ,	0.00,	0.00,	0.00,	0.00,	0.00,	0.00,
716,	QFN-20YU2D  ,	ANI020YU1005C       ,	020YUNI312               ,	0.00,	0.00,	0.00,	0.00,	0.00,	0.00,
717,	QFN-20YU2D  ,	ANI020YU1002B       ,	020YUNI332               ,	0.00,	0.00,	0.00,	0.00,	0.00,	0.00,
718,	MAT         ,	                    ,	0008WHQ179               ,	0.00,	0.00,	0.00,	0.00,	0.00,	0.00,
719,	FPSLGA22t6V ,	AHQ0225N1002A       ,	0225NHQ003               ,	0.00,	0.00,	15.81,	3.03,	0.00,	0.00,
720,	FPSLGA24VBP ,	AHQ0242D1001B       ,	0242DHQ006               ,	40.00,	11.30,	0.00,	0.00,	0.00,	17.98,
721,	FPSTLGA44tBV,	AHQ0442J3003A       ,	0442JHQ026               ,	0.00,	0.00,	0.00,	2.23,	0.00,	2.81,
722,	FPSTLGA44tBV,	AHQ0442J3006A       ,	0442JHQ029               ,	0.00,	0.00,	0.00,	0.00,	0.00,	0.00,
723,	MAT         ,	                    ,	0008WCMA71ENG            ,	0.00,	0.00,	0.00,	0.00,	0.00,	0.00,
724,	VTLGA08J4U  ,	AAS008DR1006A       ,	008DRCME03ENG            ,	0.00,	0.00,	0.00,	0.00,	0.00,	0.00,
725,	SOP-8G      ,	AAS008FG1034A       ,	008FGCME22ENG            ,	0.00,	0.00,	0.00,	0.00,	0.00,	0.00,
726,	SSLGA16DOU  ,	AAW016D53011A       ,	016D5CM057ENG            ,	0.00,	0.00,	0.00,	0.00,	0.00,	0.00,
727,	TSOP2-54CME ,	AOK054TS1001A       ,	054TSCM043ENG            ,	0.00,	0.00,	0.00,	0.00,	0.00,	0.00,
728,	TSOP2-66ME  ,	ACD066TN1013A       ,	066TNCM117ENG            ,	0.00,	0.00,	0.00,	0.09,	0.00,	0.00,
729,	FBGAS-96UEL9,	AAS096EL4003A       ,	096ELCME39ENG            ,	0.00,	0.00,	0.00,	0.00,	0.00,	0.00,
730,	STBGA345UBC ,	ANV345XTA010A       ,	345XTCM028ENG            ,	0.00,	0.00,	0.00,	0.00,	0.00,	0.00,
731,	MBGA54A2L   ,	ACD054MF2003A       ,	054MFCD001               ,	0.00,	0.00,	6.19,	6.19,	0.00,	0.00,
732,	FBGA-96UEF  ,	ACD096EF2001B       ,	096EFCD001               ,	0.00,	0.00,	0.00,	0.00,	0.00,	0.00,
733,	SOP-8G      ,	AAS008FG1011A       ,	008FGAS024               ,	0.00,	0.00,	0.00,	0.00,	0.00,	0.00,
734,	FBGA-78UEO-2,	AAS078EO1003A       ,	078EOAS005               ,	0.00,	0.00,	0.00,	0.00,	0.00,	0.00,
735,	WLCSP       ,	                    ,	000IAQR011               ,	0.00,	0.00,	0.00,	0.00,	0.00,	0.00,
736,	FBGA-84UC(2),	ABU084CC2002B       ,	084UCBU003               ,	0.00,	0.00,	17.23,	5.56,	0.00,	0.48,
737,	FBGA-96UEF  ,	ABU096EF2002A       ,	096EFBU002               ,	0.30,	0.00,	0.00,	0.00,	0.00,	0.00,
738,	MINIBGA165A3,	ABU165ML3016A       ,	165MLBU093               ,	0.00,	0.00,	0.00,	0.00,	0.00,	0.00,
739,	MBGA168A4V  ,	ABU168RM1003A       ,	168RMBU007               ,	0.00,	0.00,	0.00,	0.00,	0.00,	0.00,
740,	SMT         ,	ABU100X69005A       ,	000SVG016                ,	0.00,	0.00,	0.00,	0.00,	0.00,	0.00,
741,	TSOP1-48/48M,	ABU048TP2005A       ,	048TPVG003               ,	0.00,	0.00,	0.00,	0.00,	0.00,	0.00,
742,	VFBGA63H8L  ,	ABU063NW1003A       ,	063NWVG002               ,	0.00,	0.00,	0.00,	0.00,	0.00,	0.00,
743,	TSOP1-48AM  ,	AMS048TW1037A       ,	048TWMS069               ,	0.00,	0.00,	0.00,	0.00,	0.00,	0.00,
744,	VFBGA60K8L  ,	AMS060NR1003A       ,	060NRMS004               ,	0.00,	0.00,	0.00,	0.00,	0.00,	0.00,
745,	MAT         ,	                    ,	0008WAW088               ,	0.00,	0.00,	0.00,	0.00,	0.00,	0.00,
746,	SMT         ,	AAW016D53004A       ,	000SAW007                ,	0.00,	0.00,	0.00,	0.00,	0.00,	0.00,
747,	DFN-08Y62D  ,	AAW008Y62015A       ,	008Y6AW034               ,	0.00,	0.00,	0.00,	16.64,	0.00,	0.00,
748,	DFN-08YM2D  ,	AAW008YM2004A       ,	008YMAW020               ,	100.00,	0.00,	0.00,	0.00,	0.00,	0.00,
749,	SSLGA16DOU  ,	AAW016D53011A       ,	016D5AW020               ,	0.00,	0.00,	54.21,	1.23,	0.00,	0.00,
750,	MBGA64J4U   ,	AAW064MR1009A       ,	064MRAW029               ,	0.00,	0.00,	0.00,	0.00,	0.00,	0.00,
751,	STBGA162BAU ,	AAW162KE1002A       ,	162KEAW001               ,	30.00,	9.80,	0.00,	1.66,	0.00,	6.51,
752,	MAT         ,	                    ,	0008WNV406               ,	0.00,	0.00,	0.00,	0.00,	0.00,	0.00,
753,	SMT         ,	ANV0086A1006A       ,	000SNV200                ,	0.00,	0.00,	0.00,	0.00,	0.00,	0.00,
754,	SSBGA132G4VT,	ANV132X2C020A       ,	132X2NV161               ,	0.00,	0.00,	0.00,	0.00,	0.00,	0.00,
755,	SSBGA153HEV ,	ANV153XT8010A       ,	153XTNV067               ,	1.90,	0.00,	9.68,	5.84,	0.00,	0.00,
756,	STBGA345SBC ,	ANV345XTB007A       ,	345XTNV062               ,	0.00,	0.00,	0.00,	0.00,	0.00,	0.00,
757,	STBGA391aLP ,	AXY391KJ3003B       ,	391KJXY003               ,	0.00,	0.26,	0.00,	0.00,	0.00,	0.00,
758,	MAT         ,	                    ,	0008WEU019               ,	0.00,	0.00,	0.00,	0.00,	0.00,	0.00,
759,	WLCSP       ,	                    ,	000IAAB004               ,	0.00,	0.00,	0.00,	0.00,	0.00,	0.00,
760,	DFN-08Y62D  ,	AAB008Y62014A       ,	008Y6AB028               ,	0.00,	0.00,	0.00,	0.00,	0.00,	0.00,
761,	DFN-08YB2G  ,	AAB008YB2009A       ,	008YBAB021               ,	0.00,	0.00,	1.80,	0.00,	0.00,	0.00,
762,	DFN-08YM2D  ,	AAB008YM2023A       ,	008YMAB062               ,	19.08,	19.08,	333.03,	48.00,	0.00,	57.72,
763,	STDFN-08YQ2A,	AAB008YQ2005A       ,	008YQAB020               ,	0.00,	0.00,	0.00,	0.00,	0.00,	0.00,
764,	DFN-08YQ2A  ,	AAB008YQ2032A       ,	008YQAB078               ,	80.00,	15.48,	0.00,	0.00,	0.00,	14.49,
765,	TSOP1-48AM  ,	AAB048TW2006A       ,	048TWAB012               ,	3.72,	0.00,	34.18,	10.80,	0.00,	0.00,
766,	VFBGA54B4U  ,	AAB054NB6001A       ,	054NBAB007               ,	0.00,	0.00,	0.00,	0.00,	0.00,	0.00,
767,	FBGA60UEM2-1,	AAB060EM2001A       ,	060EMAB004               ,	0.00,	0.00,	0.00,	0.00,	0.00,	0.00,
768,	VFBGA63BFU  ,	AAB063NW3004A       ,	063NWAB010               ,	0.00,	0.00,	0.00,	0.00,	0.00,	0.00,
769,	TSOP2-66ME  ,	AAB066TN1004A       ,	066TNAB035               ,	0.00,	0.00,	8.51,	5.63,	0.00,	0.00,
770,	FBGA96UEL(2),	AAB096EL1019A       ,	096ELAB057               ,	0.00,	0.00,	0.00,	0.00,	0.00,	0.00,
771,	STBGA162B4U ,	AAB162KE1006A       ,	162KEAB011               ,	14.73,	9.82,	20.09,	6.40,	0.00,	15.48,
772,	WLCSP-WAFER ,	                    ,	000IABW069               ,	0.00,	0.00,	0.00,	0.00,	0.00,	0.00,
773,	WLCSP       ,	                    ,	000IABW112               ,	0.00,	0.00,	0.00,	0.00,	0.00,	0.00,
774,	WLCSP-WAFER ,	                    ,	000IABW136               ,	0.00,	0.00,	0.00,	0.00,	0.00,	0.00,
775,	TSOP2-54CME ,	ACS054TS1008A       ,	054TSCS007               ,	0.00,	0.00,	0.00,	0.00,	0.00,	0.00,
776,	FCQFN-08OK2D,	ANI008OK2001A       ,	008OKNI023               ,	0.00,	0.00,	0.00,	0.00,	0.00,	0.00,
777,	FCQFN-08OK2D,	ANI008OK2001A       ,	008OKNI049               ,	0.00,	0.00,	0.00,	0.00,	0.00,	0.00,
778,	FCQFN-08OK2D,	ANI008OK2001A       ,	008OKNI073               ,	0.00,	0.00,	0.00,	0.00,	0.00,	0.00,
779,	FCQFN-08OK2D,	ANI008OK2001A       ,	008OKNI084               ,	0.00,	0.00,	0.00,	0.00,	0.00,	0.00,
780,	DFN-08YK2A  ,	ANI008YK3002A       ,	008YKNI091               ,	0.00,	0.00,	0.00,	0.00,	0.00,	0.00,
781,	QFN-10YK2A  ,	ANI010YK3001A       ,	010YKNI039               ,	0.00,	0.00,	0.00,	0.00,	0.00,	0.00,
782,	FCQFN-12Y32D,	ANI012Y32002D       ,	012Y3NI093               ,	0.00,	0.00,	0.00,	0.00,	0.00,	0.00,
783,	FCQFN-12Y32D,	ANI012Y32002D       ,	012Y3NI121               ,	0.00,	0.00,	0.00,	0.00,	0.00,	0.00,
784,	FCQFN-12Y32D,	ANI012Y32001B       ,	012Y3NI125               ,	0.00,	0.00,	0.00,	0.00,	0.00,	0.00,
785,	FCQFN-12Y32D,	ANI012Y32001B       ,	012Y3NI183               ,	0.00,	0.00,	0.00,	0.00,	0.00,	0.00,
786,	FCQFN-12Y32D,	ANI012Y32002D       ,	012Y3NI198               ,	0.00,	0.00,	0.00,	0.00,	0.00,	0.00,
787,	FCQFN-14OA2D,	ANI014OA1001C       ,	014OANI053               ,	0.00,	0.00,	0.00,	0.00,	0.00,	0.00,
788,	FCQFN-14OA2D,	ANI014OA1001C       ,	014OANI063               ,	0.00,	0.00,	0.00,	0.00,	0.00,	0.00,
789,	FCQFN-14OL2D,	ANI014OL1001C       ,	014OLNI047               ,	0.00,	0.00,	0.00,	0.00,	0.00,	0.00,
790,	FCQFN-16OF2D,	ANI016OF2004A       ,	016OFNI031               ,	0.00,	0.00,	0.00,	0.00,	0.00,	0.00,
791,	FCQFN-16OF2D,	ANI016OF2002A       ,	016OFNI041               ,	0.00,	0.00,	0.00,	0.00,	0.00,	0.00,
792,	QFN-20YU2D  ,	ANI020YU1002B       ,	020YUNI003               ,	0.00,	0.00,	0.00,	0.00,	0.00,	0.00,
793,	QFN-20YU2D  ,	ANI020YU1005C       ,	020YUNI043               ,	0.00,	0.00,	0.00,	0.00,	0.00,	0.00,
794,	QFN-20YU2D  ,	ANI020YU1005C       ,	020YUNI107               ,	0.00,	0.00,	0.00,	0.00,	0.00,	0.00,
795,	QFN-20YU2D  ,	ANI020YU1002B       ,	020YUNI120               ,	0.00,	0.00,	0.00,	0.00,	0.00,	0.00,
796,	QFN-20YU2D  ,	ANI020YU1002B       ,	020YUNI121               ,	0.00,	0.00,	0.00,	0.00,	0.00,	0.00,
797,	QFN-20YU2D  ,	ANI020YU1002B       ,	020YUNI143               ,	0.00,	0.00,	0.00,	0.00,	0.00,	0.00,
798,	QFN-20YU2D  ,	ANI020YU1005C       ,	020YUNI165               ,	0.00,	0.00,	0.00,	0.00,	0.00,	0.00,
799,	QFN-20YU2D  ,	ANI020YU1002B       ,	020YUNI168               ,	0.00,	0.00,	0.00,	0.00,	0.00,	0.00,
800,	QFN-20YU2D  ,	ANI020YU1002B       ,	020YUNI170               ,	0.00,	0.00,	0.00,	0.00,	0.00,	0.00,
801,	QFN-20YU2D  ,	ANI020YU1002B       ,	020YUNI179               ,	0.00,	0.00,	0.00,	0.00,	0.00,	0.00,
802,	QFN-20YU2D  ,	ANI020YU1002B       ,	020YUNI189               ,	0.00,	0.00,	0.00,	0.00,	0.00,	0.00,
803,	QFN-20YU2D  ,	ANI020YU1001M       ,	020YUNI238               ,	0.00,	0.00,	0.00,	0.00,	0.00,	0.00,
804,	QFN-20YU2D  ,	ANI020YU1002B       ,	020YUNI257               ,	0.00,	0.00,	0.00,	0.00,	0.00,	0.00,
805,	QFN-20YU2D  ,	ANI020YU1002B       ,	020YUNI278               ,	0.00,	0.00,	0.00,	0.00,	0.00,	0.00,
806,	QFN-20YU2D  ,	ANI020YU1005C       ,	020YUNI282               ,	0.00,	0.00,	0.00,	0.00,	0.00,	0.00,
807,	WLCSP       ,	                    ,	000IAXI001               ,	0.00,	0.00,	0.00,	0.00,	0.00,	0.00,
808,	MAT         ,	                    ,	0008WHQ150               ,	0.00,	0.00,	0.00,	0.00,	0.00,	0.00,
809,	FPSLG22AR5V ,	AHQ0223R1001A       ,	0223RHQ010               ,	0.00,	0.00,	12.20,	6.92,	0.00,	0.00,
810,	FPSLGA28Y6V ,	AHQ0282L3002B       ,	0282LHQ061               ,	24.15,	6.54,	14.04,	0.00,	0.00,	6.62,
811,	FPSTLGA34yAV,	AHQ0343A1001A       ,	0343AHQ012               ,	0.00,	0.00,	33.73,	0.00,	0.00,	0.00,
812,	MAT         ,	                    ,	0008WCM599ENG            ,	0.00,	0.00,	0.00,	0.00,	0.00,	0.00,
813,	MAT         ,	                    ,	0008WCME102ENG           ,	0.00,	0.00,	0.00,	0.00,	0.00,	0.00,
814,	MAT         ,	                    ,	0008WCME126ENG           ,	0.00,	0.00,	0.00,	0.00,	0.00,	0.00,
815,	MAT         ,	                    ,	0008WCME190ENG           ,	0.00,	0.00,	0.00,	0.00,	0.00,	0.00,
816,	WLCSP       ,	                    ,	000IACM187ENG            ,	0.00,	0.00,	0.00,	0.00,	0.00,	0.00,
817,	VTLGA08J4U  ,	AAS008DR1006A       ,	008DRCME13ENG            ,	0.00,	0.00,	0.00,	0.00,	0.00,	0.00,
818,	DFN-08YM2G  ,	AAS008YM2016A       ,	008YMCME40ENG            ,	0.00,	0.00,	0.00,	0.00,	0.00,	0.00,
819,	DFN-08YM2A  ,	ATH008YM2001A       ,	008YMCME60ENG            ,	0.00,	0.00,	0.00,	0.00,	0.00,	0.00,
820,	DFN-08YQ2A  ,	AAB008YQ2038A       ,	008YQCME65ENG            ,	0.00,	0.00,	0.00,	0.00,	0.00,	0.00,
821,	MINIBGA24J4U,	ABU024MAA002A       ,	024MACM102ENG            ,	0.00,	0.00,	0.00,	0.00,	0.00,	0.00,
822,	FPSTLGA44t6V,	AHQ0445T2006A       ,	0445TCM010ENG            ,	0.00,	0.00,	0.00,	0.00,	0.00,	0.00,
823,	TSOP1-48/48M,	AAW048TP1080A       ,	048TPCM153ENG            ,	0.00,	0.00,	0.00,	0.00,	0.00,	0.00,
824,	FBGA-96UEF  ,	AMS096EF2001A       ,	096EFCM067ENG            ,	0.00,	0.00,	0.00,	0.00,	0.00,	0.00,
825,	FBGA96UEL(2),	AAB096EL1002A       ,	096ELCME41ENG            ,	0.00,	0.00,	0.00,	0.00,	0.00,	0.00,
826,	FBGA-60MA   ,	ACD060CD3002A       ,	060CACD003               ,	0.00,	0.00,	2.40,	2.40,	0.00,	0.00,
827,	FBGA-84UC(2),	ACD084CC2004B       ,	084UCCD009               ,	0.00,	0.00,	0.00,	0.00,	0.00,	0.00,
828,	DFN-08Y62D  ,	AAS008Y62003A       ,	008Y6AS005               ,	7.42,	2.78,	220.19,	67.17,	0.00,	48.54,
829,	DFN-08YQ2A  ,	AAS008YQ2002B       ,	008YQAS018               ,	144.64,	58.69,	112.50,	47.52,	0.00,	63.01,
830,	FBGA-96UEL  ,	AAS096EL1009B       ,	096ELAS043               ,	0.00,	0.00,	0.00,	0.00,	0.00,	0.00,
831,	WLCSP       ,	                    ,	000IAQR003               ,	0.00,	0.00,	0.00,	0.00,	0.00,	0.00,
832,	WLCSP       ,	                    ,	000IAQR005               ,	0.00,	0.00,	0.00,	0.00,	0.00,	0.00,
833,	WLCSP       ,	                    ,	000IAQR007               ,	0.00,	0.00,	0.00,	0.00,	0.00,	0.00,
834,	VFBGA90B4L  ,	ABU090NC8001A       ,	090NCBU012               ,	0.00,	0.00,	0.00,	0.00,	0.00,	0.00,
835,	FBGA-96UEF  ,	ABU096EF2002A       ,	096EFBU004               ,	0.00,	0.00,	0.00,	0.00,	0.00,	0.00,
836,	TSOP1-48/48A,	AOK048TV1010A       ,	048TVOK020               ,	0.00,	0.00,	0.00,	0.00,	0.00,	0.00,
837,	TSOP1-48AM  ,	AMS048TW1064A       ,	048TWMS078               ,	0.00,	0.00,	0.00,	0.00,	0.00,	0.00,
838,	TSOP1-48AM  ,	AMS048TW1060A       ,	048TWMS079               ,	0.00,	0.00,	16.29,	6.74,	0.00,	0.00,
839,	VFBGA152BAL ,	ALW152N31015A       ,	152N3LW043               ,	0.00,	0.00,	0.00,	0.00,	0.00,	0.00,
840,	DFN-08Y62D  ,	AAW008Y62014A       ,	008Y6AW032               ,	0.00,	0.00,	0.00,	0.00,	0.00,	0.00,
841,	MINIBGA24A4L,	AAW024MA6025A       ,	024MAAW048               ,	0.00,	0.00,	0.00,	0.00,	0.00,	0.00,
842,	STBGA24A3L  ,	AAW024XJ6001B       ,	024XJAW001               ,	0.00,	0.00,	26.37,	4.32,	0.00,	0.00,
843,	STBGA24J3U  ,	AAW024XW3003A       ,	024XJAW027               ,	0.00,	0.00,	0.00,	0.00,	0.00,	0.00,
844,	TSOP1-48/M2 ,	AAW048TP1020C       ,	048TPAW053               ,	10.00,	0.00,	0.00,	0.00,	0.00,	0.00,
845,	TSOP1-48/48M,	AAW048TP1042C       ,	048TPAW102               ,	0.00,	0.00,	0.00,	0.00,	0.00,	0.00,
846,	uSD08AQV    ,	ANV0086B1006A       ,	0086BNV026               ,	0.00,	0.00,	0.00,	0.00,	0.00,	0.00,
847,	TSOP1-48MR2C,	ANV048TR2006C       ,	048TRNV118               ,	0.00,	0.00,	0.00,	0.00,	0.00,	0.00,
848,	STBGA132G4VT,	ANV132X2C054A       ,	132X2NV149               ,	12.00,	4.58,	0.00,	0.00,	0.00,	4.58,
849,	SSBGA153JAVT,	ANV153XT9071A       ,	153XTNV134               ,	0.00,	0.00,	0.00,	0.00,	0.00,	0.00,
850,	MBGA24J3U   ,	AAB024MAA010A       ,	024MAAB073               ,	0.00,	0.00,	0.00,	0.00,	0.00,	0.00,
851,	MBGA24J3U   ,	AAB024MAA008A       ,	024MAAB086               ,	0.00,	0.00,	0.00,	24.44,	0.00,	0.00,
852,	MBGA24J3U   ,	AAB024MAA012A       ,	024MAAB099               ,	0.00,	0.00,	0.00,	0.00,	0.00,	0.00,
853,	VFBGA60B4U  ,	AAB060NR2003A       ,	060NRAB019               ,	0.00,	0.00,	0.00,	0.00,	0.00,	0.00,
854,	FBGA96UEL(2),	AAB096EL1017A       ,	096ELAB047               ,	25.00,	8.88,	0.00,	0.00,	0.00,	11.84,
855,	FBGA-96UEI  ,	AYZ096EI1002A       ,	096EIYZ001               ,	0.00,	0.00,	0.00,	8.66,	0.00,	0.00,
