pkg_type,process_id,version,detail_id,remark,
	T,	153XT081       ,	 F,	S22000102,	A0803CB1224(KNS)                        ,
	T,	153XT119       ,	 C,	S22000102,	A0803CB1294(KNS)                        ,
	T,	020YU002       ,	 I,	S22000102,	A0803CB0826 (KNS)                       ,
	T,	020YU001       ,	 J,	S22000102,	A0803CB0826                             ,
	T,	008YK027       ,	 L,	S22000102,	A0803CB0784 (KNS)                       ,
	T,	020YU006       ,	 F,	S22000102,	A0803CB0826 (KNS)                       ,
	T,	078EN010       ,	 K,	S22000102,	A0801CB1169(UTC)                        ,
	T,	078EN010       ,	 K,	S22000102,	A0803CB1169(KNS)                        ,
	T,	012Y1002       ,	 F,	S22000102,	A0803CB0938 (KNS)                       ,
	T,	008YK046       ,	 E,	S22000102,	A0803CB1315(KNS)                        ,
	T,	0086A137       ,	 F,	S22000102,	A0803CB1212(KNS)                        ,
	T,	0086A139       ,	 E,	S22000102,	A0803CB1212(KNS)                        ,
	T,	0086A138       ,	 E,	S22000102,	A0803CB1212(KNS)                        ,
	T,	048TR112       ,	 B,	S22000102,	A0801CB1192(UTC)                        ,
	T,	048TR112       ,	 B,	S22000102,	A0803CB1192(KNS)                        ,
	T,	008Y6048       ,	 H,	S22000102,	A0803CB0926(KNS)                        ,
	T,	391KJ003       ,	 E,	S22000102,	A0803CB1221(KNS)                        ,
	T,	391KJ003       ,	 E,	S32000102,	A0803CB1221(KNS)                        ,
	T,	391KJ003       ,	 E,	S34000102,	A0803CB1221(KNS)                        ,
	T,	391KJ003       ,	 E,	S36000102,	A0803CB1221(KNS)                        ,
	T,	391KJ003       ,	 E,	S42000102,	A0803CB1221(KNS)                        ,
	T,	054TS017       ,	 F,	S22000102,	A0801CB0777                             ,
	T,	048TP199       ,	 I,	S22000102,	A0801CB1000(UTC)                        ,
	T,	048TP199       ,	 I,	S22000102,	A0803CB1000(KNS)                        ,
	T,	064MR019       ,	 F,	S22000102,	A0801CB0746                             ,
	T,	096EF044       ,	 C,	S22000102,	A0801CB1211(UTC)                        ,
	T,	096EF044       ,	 C,	S32000102,	A0801CB1205(UTC)                        ,
	T,	048TR104       ,	 C,	S22000102,	A0801CB1192(UTC)                        ,
	T,	010YK025       ,	 I,	S22000102,	A0803CB1315(KNS)                        ,
	T,	169XN010       ,	 B,	S22000102,	A0803CB1105(KNS)                        ,
	T,	169XN010       ,	 B,	S32000102,	A0803CB1105(KNS)                        ,
	T,	169XN010       ,	 B,	S34000102,	A0803CB1105(KNS)                        ,
	T,	0086A140       ,	 E,	S22000102,	A0803CB1212(KNS)                        ,
	T,	0086A107       ,	 C,	S22000102,	A0803CB1212(KNS)                        ,
	T,	048TV269       ,	 F,	S22000102,	A0801CB0655(UTC)                        ,
	T,	048TV269       ,	 F,	S22000102,	A0803CB0655(KNS)                        ,
	T,	078EP009       ,	 A,	S22000102,	A0801CB1264(UTC)                        ,
	T,	078EP009       ,	 A,	S22000102,	A0803CB1264(KNS)                        ,
	T,	0445T009       ,	 C,	S22000102,	A0803CB1326(KNS)                        ,
	T,	0445T009       ,	 C,	S32000102,	A0803CB1326(KNS)                        ,
	T,	0442J027       ,	 B,	S22000102,	A0803CB1181(KNS)                        ,
	T,	0442J027       ,	 B,	S32000102,	A0803CB1181(KNS)                        ,
	T,	063NW086       ,	 A,	S22000102,	A0801CB1232(UTC)                        ,
	T,	063NW086       ,	 A,	S22000102,	A0803CB1232(KNS)                        ,
	T,	345XT043       ,	 D,	S22000102,	A0801CB1285(UTC)                        ,
	T,	345XT043       ,	 D,	S32000102,	A0801CB1285(UTC)                        ,
	T,	345XT043       ,	 D,	S34000102,	A0801CB1285(UTC)                        ,
	T,	345XT063       ,	 A,	S22000102,	A0801CB1285(UTC)                        ,
	T,	345XT063       ,	 A,	S22000102,	A0803CB1323(KNS)                        ,
	T,	345XT063       ,	 A,	S32000102,	A0801CB1285(UTC)                        ,
	T,	345XT063       ,	 A,	S32000102,	A0803CB1323(KNS)                        ,
	T,	345XT063       ,	 A,	S34000102,	A0801CB1285(UTC)                        ,
	T,	345XT063       ,	 A,	S34000102,	A0803CB1323(KNS)                        ,
	T,	0086A147       ,	 F,	S22000102,	A0803CB1212(KNS)                        ,
	T,	132X2349       ,	 A,	S22000102,	A0801CB1176(UTC)                        ,
	T,	132X2349       ,	 A,	S22000102,	A0803CB1295(KNS)                        ,
	T,	054TS014       ,	 M,	S22000102,	A0801CB0929                             ,
	T,	096EF051       ,	 F,	S22000102,	A0801CB1087(UTC)                        ,
	T,	084RB004       ,	 A,	S22000102,	A0801CB0747(UTC)                        ,
	T,	084RB004       ,	 A,	S22000102,	A0803CB0747(KNS)                        ,
	T,	162KE032       ,	 D,	S22000102,	A0801CB0818(UTC)                        ,
	T,	162KE032       ,	 D,	S22000102,	A0803CB0818(KNS)                        ,
	T,	162KE022       ,	 H,	S22000102,	A0801CB0818 (UTC)                       ,
	T,	162KE022       ,	 H,	S22000102,	A0803CB0818 (KNS)                       ,
	T,	162KE022       ,	 H,	S32000102,	A0801CB0818 (UTC)                       ,
	T,	162KE022       ,	 H,	S32000102,	A0803CB0818 (KNS)                       ,
	T,	054TS040       ,	 F,	S22000102,	A0803CB0713(KNS)                        ,
	T,	024XJ053       ,	 D,	S22000102,	A0801CB0533                             ,
	T,	024XJ053       ,	 D,	S32000102,	A0801CB0533(UTC)                        ,
	T,	162KE035       ,	 H,	S22000102,	A0803CB0818(KNS)                        ,
	T,	048MA366       ,	 D,	S22000102,	A0801CB1057                             ,
	T,	060MV007       ,	 F,	S22000102,	A0801CB0248                             ,
	T,	048MW001       ,	 V,	S22000102,	A0801CB0248                             ,
	T,	048MW010       ,	 C,	S22000102,	A0801CB0248                             ,
	T,	054TS043       ,	 D,	S22000102,	A0801CB0960 (UTC)                       ,
	T,	054TS043       ,	 D,	S32000102,	A0801CB0960(UTC)                        ,
	T,	0442J031       ,	 C,	S22000102,	A0803CB1294(KNS)                        ,
	T,	0442J031       ,	 C,	S32000102,	A0803CB1294(KNS)                        ,
	T,	0223R007       ,	 A,	S22000102,	A0803CB1090(KNS)                        ,
	T,	0282J028       ,	 B,	S22000102,	A0803CB0991(KNS)                        ,
	T,	0442J030       ,	 A,	S22000102,	A0803CB1294(KNS)                        ,
	T,	0442J030       ,	 A,	S32000102,	A0803CB1294(KNS)                        ,
	T,	132NY052       ,	 C,	S22000102,	A0801CB1176(UTC)                        ,
	T,	078U9030       ,	 F,	S22000102,	A0801CB0823 (UTC)                       ,
	T,	078U9030       ,	 F,	S22000102,	A0803CB0823 (KNS)                       ,
	T,	0086B027       ,	 D,	S22000102,	A0803CB1212(KNS)                        ,
	T,	048TR039       ,	 E,	S22000102,	A0801CB1192(UTC)                        ,
	T,	048TR039       ,	 E,	S22000102,	A0803CB1192(KNS)                        ,
	T,	0086A123       ,	 H,	S22000102,	A0803CB1212(KNS)                        ,
	T,	024XJ073       ,	 E,	S22000102,	A0801CB1129 (UTC)                       ,
	T,	024XJ073       ,	 E,	S22000102,	A0803CB1129 (KNS)                       ,
	T,	024XJ073       ,	 E,	S32000102,	A0801CB1129(UTC)                        ,
	T,	024XJ073       ,	 E,	S32000102,	A0803CB1129(KNS)                        ,
	T,	024XJ073       ,	 E,	S34000102,	A0801CB1129(UTC)                        ,
	T,	024XJ073       ,	 E,	S34000102,	A0803CB1129(KNS)                        ,
	T,	024XJ073       ,	 E,	S36000102,	A0801CB1129(UTC)                        ,
	T,	024XJ073       ,	 E,	S36000102,	A0803CB1129(KNS)                        ,
	T,	0086A165       ,	 B,	S22000102,	A0803CB1212(KNS)                        ,
	T,	0086A132       ,	 C,	S22000102,	A0803CB1212(KNS)                        ,
	T,	060EM004       ,	 F,	S22000102,	A0801CB1291(UTC)                        ,
	T,	060NR020       ,	 G,	S22000102,	A0801CB0724 (UTC)                       ,
	T,	008YB045       ,	 G,	S22000102,	A0803CB0783(KNS)                        ,
	T,	008YQ061       ,	 N,	S22000102,	A0803CB0859                             ,
	T,	008YQ061       ,	 N,	S32000102,	A0803CB0859(KNS)                        ,
	T,	024XJ078       ,	 G,	S22000102,	A0801CB1190(UTC)                        ,
	T,	024XJ078       ,	 G,	S32000102,	A0801CB1190(UTC)                        ,
	T,	024XJ078       ,	 G,	S34000102,	A0801CB1190(UTC)                        ,
	T,	024XJ078       ,	 G,	S36000102,	A0801CB1190(UTC)                        ,
	T,	024MA200       ,	 E,	S22000102,	A0801CB1057(UTC)                        ,
	T,	084UC158       ,	 C,	S22000102,	A0801CB0660(UTC)                        ,
	T,	084UC158       ,	 C,	S22000102,	A0803CB0660 (KNS)                       ,
	T,	063NW066       ,	 C,	S22000102,	A0801CB1232(UTC)                        ,
	T,	008YQ171       ,	 G,	S22000102,	A0803CB0859(KNS)                        ,
	T,	153XT183       ,	 B,	S22000102,	A0803CB1224(KNS)                        ,
	T,	048MA325       ,	 E,	S22000102,	A0803CB1097(KNS)                        ,
	T,	008YQ198       ,	 A,	S22000102,	A0803CB0883                             ,
	T,	008YQ096       ,	 I,	S22000102,	A0803CB0974(KNS)                        ,
	T,	008FG013       ,	 C,	S22000102,	A0803CB1278(KNS)                        ,
	T,	084UC196       ,	 E,	S22000102,	A0803CB1313(KNS)                        ,
	T,	096EL078       ,	 D,	S22000102,	A0803CB1240(KNS)                        ,
	T,	008FG005       ,	 C,	S22000102,	A0803CB1278(KNS)                        ,
	T,	066TS011       ,	 J,	S22000102,	A0803CB0797                             ,
	T,	008YQ159       ,	 D,	S22000102,	A0803CB1168(KNS)                        ,
	T,	064MR020       ,	 F,	S22000102,	A0801CB0746(UTC)                        ,
	T,	016D5015ENG    ,	 U,	S22000102,	A0801CB0934(UTC)                        ,
	T,	016D5015ENG    ,	 U,	S22000102,	A0803CB0934(KNS)                        ,
	T,	024XJ052       ,	 I,	S22000102,	A0801CB0871(UTC)                        ,
	T,	024XJ052       ,	 I,	S22000102,	A0803CB0871(KNS)                        ,
	T,	024XJ052       ,	 I,	S32000102,	A0801CB0871(UTC)                        ,
	T,	024XJ052       ,	 I,	S32000102,	A0803CB0871(KNS)                        ,
	T,	060U9005       ,	 I,	S22000102,	A0801CB0791                             ,
	T,	048MA354       ,	 C,	S22000102,	A0801CB0248                             ,
	T,	078EA001       ,	 E,	S22000102,	A0801CB1021(UTC)                        ,
	T,	096EA004       ,	 I,	S22000102,	A0801CB1021                             ,
	T,	084UC028       ,	 M,	S22000102,	A0801CB0641                             ,
	T,	165MC046       ,	 L,	S22000102,	A0801CB0248(UTC)                        ,
	T,	165MC046       ,	 L,	S22000102,	A0803CB0248(KNS)                        ,
	T,	144C7010       ,	 K,	S22000102,	A0801CB0877(UTC)                        ,
	T,	144C7010       ,	 K,	S22000102,	A0803CB0877(KNS)                        ,
	T,	096EF039       ,	 G,	S22000102,	A0801CB1087 (UTC)                       ,
	T,	096EF039       ,	 G,	S22000102,	A0803CB1087 (KNS)                       ,
	T,	060NL014       ,	 K,	S22000102,	A0801CB0248(UTC)                        ,
	T,	084UC156       ,	 H,	S22000102,	A0801CB1043                             ,
	T,	252X2012       ,	 B,	S22000102,	A0801CB1176(UTC)                        ,
	T,	252X2012       ,	 B,	S22000102,	A0803CB1295(KNS)                        ,
	T,	252X2012       ,	 B,	S32000102,	A0801CB1176(UTC)                        ,
	T,	252X2012       ,	 B,	S32000102,	A0803CB1295(KNS)                        ,
	T,	252X0008       ,	 B,	S22000102,	A0801CB1176(UTC)                        ,
	T,	252X0008       ,	 B,	S22000102,	A0803CB1295(KNS)                        ,
	T,	252X0003       ,	 C,	S22000102,	A0801CB1176(UTC)                        ,
	T,	252X0003       ,	 C,	S22000102,	A0803CB1176(KNS)                        ,
	T,	252X0003       ,	 C,	S32000102,	A0801CB1176(UTC)                        ,
	T,	252X0003       ,	 C,	S32000102,	A0803CB1176(KNS)                        ,
	T,	0442J026       ,	 A,	S22000102,	A0803CB1181(KNS)                        ,
	T,	0442J026       ,	 A,	S32000102,	A0803CB1181(KNS)                        ,
	T,	078EP001       ,	 F,	S22000102,	A0801CB1264(UTC)                        ,
	T,	078EP001       ,	 F,	S22000102,	A0803CB1264(KNS)                        ,
	T,	060NR015       ,	 J,	S22000102,	A0801CB0724                             ,
	T,	090NC073       ,	 H,	S22000102,	A0801CB0622                             ,
	T,	048TW514       ,	 G,	S22000102,	A0801CB1153(UTC)                        ,
	T,	048TW528       ,	 C,	S22000102,	A0801CB1154(UTC)                        ,
	T,	048TW528       ,	 C,	S22000102,	A0803CB1154(KNS)                        ,
	T,	132X2313       ,	 B,	S22000102,	A0801CB1176(UTC)                        ,
	T,	132X2313       ,	 B,	S22000102,	A0803CB1295(KNS)                        ,
	T,	153XT097       ,	 A,	S22000102,	A0803CB1294(KNS)                        ,
	T,	132X2329       ,	 A,	S22000102,	A0801CB1176(UTC)                        ,
	T,	132X2329       ,	 A,	S22000102,	A0803CB1295(KNS)                        ,
	T,	036RP001       ,	 F,	S22000102,	A0801CB1314(UTC)                        ,
	T,	153XT137       ,	 D,	S22000102,	A0801CB1072(UTC)                        ,
	T,	153XT137       ,	 D,	S22000102,	A0803CB1294(KNS)                        ,
	T,	153XT137       ,	 D,	S32000102,	A0801CB1072(UTC)                        ,
	T,	153XT137       ,	 D,	S32000102,	A0803CB1294(KNS)                        ,
	T,	048XV001       ,	 F,	S22000102,	A0801CB0514(UTC)                        ,
	T,	008YQ125       ,	 J,	S22000102,	A0803CB1050(KNS)                        ,
	T,	008YQ125       ,	 J,	S32000102,	A0803CB1174(KNS)                        ,
	T,	056TH162       ,	 D,	S22000102,	A0801CB0493                             ,
	T,	391KJ002       ,	 I,	S22000102,	A0803CB1039(KNS)                        ,
	T,	391KJ002       ,	 I,	S32000102,	A0803CB1039(KNS)                        ,
	T,	391KJ002       ,	 I,	S34000102,	A0803CB1039(KNS)                        ,
	T,	096EF063       ,	 D,	S22000102,	A0801CB1087(UTC)                        ,
	T,	096EF063       ,	 D,	S22000102,	A0803CB1087(KNS)                        ,
	T,	063NW072       ,	 A,	S22000102,	A0801CB1232(UTC)                        ,
	T,	008YQ050       ,	 N,	S22000102,	A0803CB0859                             ,
	T,	008YQ050       ,	 N,	S32000102,	A0803CB0859(KNS)                        ,
	T,	060NR021       ,	 E,	S22000102,	A0801CB0724 (UTC)                       ,
	T,	060NR021       ,	 E,	S22000102,	A0803CB0724 (KNS)                       ,
	T,	008YM141       ,	 G,	S22000102,	A0803CB0832(KNS)                        ,
	T,	008Y6076       ,	 F,	S22000102,	A0803CB0913(KNS)                        ,
	T,	008YQ136       ,	 K,	S22000102,	A0803CB1050(KNS)                        ,
	T,	008YQ037       ,	 M,	S22000102,	A0803CB0883                             ,
	T,	024MA249       ,	 A,	S22000102,	A0801CB1057(UTC)                        ,
	T,	024MA249       ,	 A,	S22000102,	A0803CB1057(KNS)                        ,
	T,	054NB044       ,	 C,	S22000102,	A0801CB1193(UTC)                        ,
	T,	054NB044       ,	 C,	S22000102,	A0803CB1193(KNS)                        ,
	T,	008YM157       ,	 J,	S22000102,	A0803CB0918(KNS)                        ,
	T,	008YQ149       ,	 I,	S22000102,	A0803CB1050(KNS)                        ,
	T,	054NB026       ,	 R,	S22000102,	A0801CB0248                             ,
	T,	024MA230       ,	 E,	S22000102,	A0801CB1057                             ,
	T,	008YD132       ,	 A,	S22000102,	A0803CB1020(KNS)                        ,
	T,	024MA031       ,	 E,	S22000102,	A0801CB0533(KNS)                        ,
	T,	024MA031       ,	 E,	S22000102,	A0801CB0533(UTC)                        ,
	T,	054TN110       ,	 K,	S22000102,	A0801CB0891 (UTC)                       ,
	T,	054TN110       ,	 K,	S22000102,	A0803CB0808 (KNS)                       ,
	T,	054TS044       ,	 G,	S22000102,	A0801CB1027 (UTC)                       ,
	T,	008YD091       ,	 G,	S22000102,	A0803CB1034(KNS)                        ,
	T,	066TN089       ,	 H,	S22000102,	A0801CB0902 (UTC)                       ,
	T,	066TN089       ,	 H,	S22000102,	A0803CB0902 (KNS)                       ,
	T,	096EF048       ,	 H,	S22000102,	A0801CB1257(UTC)                        ,
	T,	024MA105       ,	 E,	S22000102,	A0801CB0373 (UTC)                       ,
	T,	060EM003       ,	 I,	S22000102,	A0801CB1260(UTC)                        ,
	T,	084UC178       ,	 J,	S22000102,	A0801CB1250(UTC)                        ,
	T,	084UC178       ,	 J,	S22000102,	A0803CB1250(KNS)                        ,
	T,	054NB025       ,	 M,	S22000102,	A0801CB0248                             ,
	T,	096EL021       ,	 J,	S22000102,	A0801CB1102(UTC)                        ,
	T,	048TW404       ,	 K,	S22000102,	A0801CB0850 (UTC)                       ,
	T,	048TW404       ,	 K,	S22000102,	A0803CB0850 (KNS)                       ,
	T,	048TW396       ,	 H,	S22000102,	A0801CB0864                             ,
	T,	008YM098       ,	 I,	S22000102,	A0803CB0832(KNS)                        ,
	T,	090NC079       ,	 J,	S22000102,	A0801CB0815                             ,
	T,	063NW055       ,	 D,	S22000102,	A0801CB1232(UTC)                        ,
	T,	063NW055       ,	 D,	S22000102,	A0803CB1255(KNS)                        ,
	T,	024MA218       ,	 F,	S22000102,	A0801CB1057(UTC)                        ,
	T,	048TW394       ,	 O,	S22000102,	A0801CB0850 (UTC)                       ,
	T,	048TW394       ,	 O,	S22000102,	A0803CB0850 (KNS)                       ,
	T,	008Y6094       ,	 D,	S22000102,	A0803CB0926(KNS)                        ,
	T,	096EL081       ,	 C,	S22000102,	A0801CB1307                             ,
	T,	008YQ170       ,	 G,	S22000102,	A0803CB1050(KNS)                        ,
	T,	084UC193       ,	 F,	S22000102,	A0801CB1250(UTC)                        ,
	T,	084UC193       ,	 F,	S22000102,	A0803CB1250(KNS)                        ,
	T,	008YQ133       ,	 F,	S22000102,	A0803CB1228(KNS)                        ,
	T,	048MA351       ,	 F,	S22000102,	A0803CB1097(KNS)                        ,
	T,	096EL013       ,	 K,	S22000102,	A0803CB1080(KNS)                        ,
	T,	096EL009       ,	 I,	S22000102,	A0803CB1080(KNS)                        ,
	T,	084UC200       ,	 E,	S22000102,	A0803CB1017 (KNS)                       ,
	T,	008DR011       ,	 E,	S22000102,	A0803CB1198(KNS)                        ,
	T,	008FG011       ,	 C,	S22000102,	A0803CB1278(KNS)                        ,
	T,	096EI008       ,	 N,	S22000102,	A0803CB1012 (KNS)                       ,
	T,	008YQ092       ,	 O,	S22000102,	A0803CB0974(KNS)                        ,
	T,	008YM173       ,	 A,	S22000102,	A0803CB1069(KNS)                        ,
	T,	048MA324       ,	 E,	S22000102,	A0803CB1097(KNS)                        ,
	T,	048MA360       ,	 B,	S22000102,	A0803CB1097(KNS)                        ,
	T,	008YQ132       ,	 L,	S22000102,	A0803CB1228(KNS)                        ,
	T,	008Y6089       ,	 E,	S22000102,	A0803CB0926(KNS)                        ,
	T,	048TP091ENG    ,	 E,	S22000102,	A0801CB1173(UTC)                        ,
	T,	024MA084       ,	 C,	S22000102,	A0801CB0373                             ,
	T,	064MR023       ,	 H,	S22000102,	A0801CB0746(UTC)                        ,
	T,	064MR023       ,	 H,	S22000102,	A0803CB0746(KNS)                        ,
	T,	064MR026       ,	 F,	S22000102,	A0801CB0746(UTC)                        ,
	T,	064MR026       ,	 F,	S22000102,	A0803CB0746(KNS)                        ,
	T,	048TP076       ,	 G,	S22000102,	A0801CB0831 (UTC)                       ,
	T,	048TP076       ,	 G,	S22000102,	A0803CB0831 (KNS)                       ,
	T,	048TP090ENG    ,	 F,	S22000102,	A0801CB1173(UTC)                        ,
	T,	008Y6087       ,	 G,	S22000102,	A0803CB0926(KNS)                        ,
	T,	052XY004       ,	 C,	S22000102,	A0801CB0572(UTC)                        ,
	T,	024XJ001       ,	 I,	S22000102,	A0801CB0700                             ,
	T,	024XJ001       ,	 I,	S32000102,	A0801CB0700(UTC)                        ,
	T,	024MA145       ,	 E,	S22000102,	A0801CB0700(UTC)                        ,
	T,	016D5016ENG    ,	 N,	S22000102,	A0801CB0934(UTC)                        ,
	T,	016D5016ENG    ,	 N,	S22000102,	A0803CB0934(KNS)                        ,
	T,	048TP094       ,	 K,	S22000102,	A0801CB1000 (UTC)                       ,
	T,	048TP094       ,	 K,	S22000102,	A0803CB1000 (KNS)                       ,
	T,	008Y6091       ,	 G,	S22000102,	A0803CB0926(KNS)                        ,
	T,	016D5012       ,	 O,	S22000102,	A0801CB0934(UTC)                        ,
	T,	016D5012       ,	 O,	S22000102,	A0803CB0934(KNS)                        ,
	T,	024MA213       ,	 C,	S22000102,	A0801CB1057(UTC)                        ,
	T,	086TA127       ,	 E,	S22000102,	A0801CB0462(UTC)                        ,
	T,	048MA364       ,	 F,	S22000102,	A0801CB1057                             ,
	T,	084UC015       ,	 V,	S22000102,	A0801CB0641                             ,
	T,	090NC061       ,	 G,	S22000102,	A0801CB0622                             ,
	T,	168XI001       ,	 D,	S22000102,	A0801CB1054(UTC)                        ,
	T,	168XI001       ,	 D,	S22000102,	A0803CB1054(KNS)                        ,
	T,	168XI001       ,	 D,	S32000102,	A0801CB1054(UTC)                        ,
	T,	168XI001       ,	 D,	S32000102,	A0803CB1054(KNS)                        ,
	T,	036AB062       ,	 G,	S22000102,	A0803CB0430                             ,
	T,	008DR048       ,	 B,	S22000102,	A0801CB1137                             ,
	T,	008DR048       ,	 B,	S32000102,	A0801CB1137                             ,
	T,	054TN077       ,	 G,	S22000102,	A0801CB0758 (UTC)                       ,
	T,	054TN077       ,	 G,	S22000102,	A0803CB0758 (KNS)                       ,
	T,	054MF005       ,	 F,	S22000102,	A0801CB0514                             ,
	T,	054TN074       ,	 J,	S22000102,	A0801CB0756 (UTC)                       ,
	T,	054TN074       ,	 J,	S22000102,	A0803CB0756 (KNS)                       ,
	T,	060CA010       ,	 I,	S22000102,	A0801CB0802 (UTC)                       ,
	T,	060CA010       ,	 I,	S22000102,	A0803CB0802 (KNS)                       ,
	T,	066TN178       ,	 D,	S22000102,	A0801CB1293(UTC)                        ,
	T,	066TN178       ,	 D,	S22000102,	A0803CB1293(KNS)                        ,
	T,	008DR046       ,	 B,	S22000102,	A0801CB1137                             ,
	T,	084UC087       ,	 J,	S22000102,	A0801CB0660 (UTC)                       ,
	T,	084UC087       ,	 J,	S22000102,	A0803CB0660 (KNS)                       ,
	T,	054TN117       ,	 F,	S22000102,	A0801CB0756(UTC)                        ,
	T,	054TN117       ,	 F,	S22000102,	A0803CB0756(KNS)                        ,
	T,	096EL035       ,	 E,	S22000102,	A0801CB1141(UTC)                        ,
	T,	084XU014       ,	 I,	S22000102,	A0801CB0486(UTC)                        ,
	T,	084XU014       ,	 I,	S22000102,	A0803CB0486(KNS)                        ,
	T,	084XU014       ,	 I,	S32000102,	A0801CB0486(UTC)                        ,
	T,	084XU014       ,	 I,	S32000102,	A0803CB0486(KNS)                        ,
	T,	060CD121       ,	 F,	S22000102,	A0801CB1046                             ,
	T,	054TS034       ,	 C,	S22000102,	A0801CB0971 (UTC)                       ,
	T,	090NC050       ,	 I,	S22000102,	A0801CB0622                             ,
	T,	0343A010       ,	 C,	S22000102,	A0803CB1094(KNS)                        ,
	T,	0343A010       ,	 C,	S32000102,	A0803CB1094(KNS)                        ,
	T,	0282L060       ,	 C,	S22000102,	A0803CB1001(KNS)                        ,
	T,	0225N003       ,	 C,	S22000102,	A0803CB1267                             ,
	T,	0242D007       ,	 E,	S22000102,	A0801CB0966 (UTC)                       ,
	T,	0242D007       ,	 E,	S22000102,	A0803CB0966 (KNS)                       ,
	T,	048TW473       ,	 E,	S22000102,	A0801CB1150(UTC)                        ,
	T,	048TW473       ,	 E,	S22000102,	A0803CB1150(KNS)                        ,
	T,	078EP006       ,	 E,	S22000102,	A0801CB1264(UTC)                        ,
	T,	078EP006       ,	 E,	S22000102,	A0803CB1264(KNS)                        ,
	T,	096EC009       ,	 Q,	S22000102,	A0801CB0824 (UTC)                       ,
	T,	096EC009       ,	 Q,	S22000102,	A0803CB0824 (KNS)                       ,
	T,	096EC002       ,	 Y,	S22000102,	A0801CB0644 (UTC)                       ,
	T,	096EC002       ,	 Y,	S22000102,	A0803CB0644 (KNS)                       ,
	T,	048TW503       ,	 J,	S22000102,	A0801CB0616                             ,
	T,	048TW502       ,	 E,	S22000102,	A0801CB0731                             ,
	T,	048TW497       ,	 G,	S22000102,	A0801CB1151(UTC)                        ,
	T,	048TW511       ,	 G,	S22000102,	A0801CB0564(UTC)                        ,
	T,	153XT164       ,	 E,	S22000102,	A0801CB1072(UTC)                        ,
	T,	153XT164       ,	 E,	S22000102,	A0803CB1294(KNS)                        ,
	T,	132X2299       ,	 C,	S22000102,	A0801CB1176(UTC)                        ,
	T,	132X2299       ,	 C,	S22000102,	A0803CB1295(KNS)                        ,
	T,	132X2297       ,	 C,	S22000102,	A0801CB1176(UTC)                        ,
	T,	132X2297       ,	 C,	S22000102,	A0803CB1295(KNS)                        ,
	T,	132X2348       ,	 A,	S22000102,	A0801CB1176(UTC)                        ,
	T,	132X2348       ,	 A,	S22000102,	A0803CB1295(KNS)                        ,
	T,	153XT172       ,	 B,	S22000102,	A0801CB1072(UTC)                        ,
	T,	153XT172       ,	 B,	S22000102,	A0803CB1294(KNS)                        ,
	T,	153XT170       ,	 B,	S22000102,	A0801CB1072(UTC)                        ,
	T,	153XT170       ,	 B,	S22000102,	A0803CB1294(KNS)                        ,
	T,	048TV158       ,	 G,	S22000102,	A0801CB0649                             ,
	T,	008YD083       ,	 J,	S22000102,	A0803CB1038(KNS)                        ,
	T,	008YQ158       ,	 J,	S22000102,	A0803CB1174(KNS)                        ,
	T,	056TH165       ,	 B,	S22000102,	A0801CB0493(UTC)                        ,
	T,	056MT047       ,	 C,	S22000102,	A0801CB0516(UTC)                        ,
	T,	008YD097       ,	 G,	S22000102,	A0803CB0635(KNS)                        ,
	T,	008YM139       ,	 C,	S22000102,	A0803CB1069(KNS)                        ,
	T,	063NW025       ,	 I,	S22000102,	A0801CB0619                             ,
	T,	048TP196       ,	 F,	S22000102,	A0801CB0874(UTC)                        ,
	T,	048TP196       ,	 F,	S22000102,	A0803CB0874(KNS)                        ,
	T,	008Y6100       ,	 C,	S22000102,	A0803CB0913(KNS)                        ,
	T,	008YQ191       ,	 C,	S22000102,	A0803CB1174(KNS)                        ,
	T,	008YM138       ,	 C,	S22000102,	A0803CB1069(KNS)                        ,
	T,	008YD107       ,	 F,	S22000102,	A0803CB0635(KNS)                        ,
	T,	008YQ146       ,	 I,	S22000102,	A0803CB1174(KNS)                        ,
	T,	024MA181       ,	 D,	S22000102,	A0801CB1057(UTC)                        ,
	T,	008YQ128       ,	 F,	S22000102,	A0803CB1050(KNS)                        ,
	T,	024XJ074       ,	 D,	S22000102,	A0801CB1129 (UTC)                       ,
	T,	024XJ074       ,	 D,	S22000102,	A0803CB1129 (KNS)                       ,
	T,	024XJ074       ,	 D,	S32000102,	A0801CB1129 (UTC)                       ,
	T,	024XJ074       ,	 D,	S32000102,	A0803CB1129 (KNS)                       ,
	T,	008YD088       ,	 G,	S22000102,	A0803CB0635(KNS)                        ,
	T,	096EI023       ,	 D,	S22000102,	A0801CB1277(UTC)                        ,
	T,	060NR038       ,	 H,	S22000102,	A0801CB0745(UTC)                        ,
	T,	060NR038       ,	 H,	S22000102,	A0803CB0745(KNS)                        ,
	T,	060NR037       ,	 C,	S22000102,	A0801CB0745(UTC)                        ,
	T,	060NR037       ,	 C,	S22000102,	A0803CB0745(KNS)                        ,
	T,	008YB031       ,	 J,	S22000102,	A0803CB0783 (KNS)                       ,
	T,	054NR004       ,	 D,	S22000102,	A0801CB0745(UTC)                        ,
	T,	054NR004       ,	 D,	S22000102,	A0803CB0745(KNS)                        ,
	T,	078EO005       ,	 A,	S22000102,	A0803CB1280(KNS)                        ,
	T,	096EL063       ,	 D,	S22000102,	A0803CB1239(KNS)                        ,
	T,	016D5004       ,	 E,	S22000102,	A0801CB0930                             ,
	T,	016D5009       ,	 L,	S22000102,	A0801CB0934(UTC)                        ,
	T,	048TP093ENG    ,	 E,	S22000102,	A0801CB1173(UTC)                        ,
	T,	008YM112       ,	 E,	S22000102,	A0803CB0832(KNS)                        ,
	T,	048TP074       ,	 I,	S22000102,	A0801CB0831 (UTC)                       ,
	T,	048TP074       ,	 I,	S22000102,	A0803CB0831 (KNS)                       ,
	T,	048TP212       ,	 B,	S22000102,	A0801CB1173(UTC)                        ,
	T,	024MA094       ,	 D,	S22000102,	A0801CB0700                             ,
	T,	056TH173       ,	 A,	S22000102,	A0801CB1375(UTC)                        ,
	T,	064XQ006       ,	 A,	S22000102,	A0801CB0746                             ,
	T,	064XQ006       ,	 A,	S32000102,	A0801CB0746                             ,
	T,	078U9022       ,	 C,	S22000102,	A0801CB1167 (UTC)                       ,
	T,	0086A082       ,	 D,	S22000102,	A0803CB1212(KNS)                        ,
	T,	054TN112       ,	 D,	S22000102,	A0801CB0982                             ,
	T,	252X2008       ,	 D,	S22000102,	A0803CB1176(KNS)                        ,
	T,	252X2008       ,	 D,	S32000102,	A0803CB1176(KNS)                        ,
	T,	078U9018       ,	 K,	S22000102,	A0801CB0643 (UTC)                       ,
	T,	078U9018       ,	 K,	S22000102,	A0803CB0643 (KNS)                       ,
	T,	078U9034       ,	 G,	S22000102,	A0801CB0823(UTC)                        ,
	T,	078U9034       ,	 G,	S22000102,	A0803CB0823(KNS)                        ,
	T,	096EC018       ,	 J,	S22000102,	A0801CB0824(UTC)                        ,
	T,	096EC018       ,	 J,	S22000102,	A0803CB0824(KNS)                        ,
	T,	132X2286       ,	 D,	S22000102,	A0801CB1176(UTC)                        ,
	T,	132X2286       ,	 D,	S22000102,	A0803CB1295(KNS)                        ,
	T,	132X2286       ,	 D,	S32000102,	A0801CB1176(UTC)                        ,
	T,	132X2286       ,	 D,	S32000102,	A0803CB1295(KNS)                        ,
	T,	048N0002       ,	 H,	S22000102,	A0803CB1249(KNS)                        ,
	T,	096EL066       ,	 C,	S22000102,	A0803CB1269(KNS)                        ,
	T,	096EL066       ,	 C,	S32000102,	A0803CB1268(KNS)                        ,
	T,	024XJ077       ,	 E,	S22000102,	A0801CB1190(UTC)                        ,
	T,	024XJ077       ,	 E,	S32000102,	A0801CB1190(UTC)                        ,
	T,	024XJ077       ,	 E,	S34000102,	A0801CB1190(UTC)                        ,
	T,	024XJ077       ,	 E,	S36000102,	A0801CB1190(UTC)                        ,
	T,	0345V008       ,	 B,	S22000102,	A0803CB1294(KNS)                        ,
	T,	0345V008       ,	 B,	S32000102,	A0803CB1294(KNS)                        ,
	T,	252X0001ENG    ,	 A,	S22000102,	A0801CB1176(UTC)                        ,
	T,	252X0001ENG    ,	 A,	S22000102,	A0803CB1295(KNS)                        ,
	T,	088Y2003       ,	 B,	S22000102,	A0803CB1360(KNS)                        ,
	T,	048TGE04ENG    ,	 B,	S22000102,	A0803CB1353(KNS)                        ,
	T,	008FG027       ,	 A,	S22000102,	A0803CB1278(KNS)                        ,
	T,	096EL097       ,	 A,	S22000102,	A0801CB1331(UTC)                        ,
	T,	096EL097       ,	 A,	S22000102,	A0803CB1331(KNS)                        ,
	T,	0445R002       ,	 D,	S22000102,	A0803CB1316(KNS)                        ,
	T,	066TN177       ,	 D,	S22000102,	A0801CB1293(UTC)                        ,
	T,	066TN177       ,	 D,	S22000102,	A0803CB1293(KNS)                        ,
	T,	096EL093       ,	 A,	S22000102,	A0803CB1080(KNS)                        ,
	T,	096EL091       ,	 B,	S22000102,	A0803CB1240(KNS)                        ,
	T,	096EL079       ,	 H,	S22000102,	A0803CB1240(KNS)                        ,
	T,	008YQ119       ,	 K,	S22000102,	A0803CB1174(KNS)                        ,
	T,	345XT009ENG    ,	 A,	S22000102,	A0801CB1285(UTC)                        ,
	T,	345XT009ENG    ,	 A,	S22000102,	A0803CB1323(KNS)                        ,
	T,	345XT009ENG    ,	 A,	S32000102,	A0801CB1285(UTC)                        ,
	T,	345XT009ENG    ,	 A,	S32000102,	A0803CB1323(KNS)                        ,
	T,	345XT009ENG    ,	 A,	S34000102,	A0801CB1285(UTC)                        ,
	T,	345XT009ENG    ,	 A,	S34000102,	A0803CB1323(KNS)                        ,
	T,	345XT009ENG    ,	 A,	S36000102,	A0801CB1285(UTC)                        ,
	T,	345XT009ENG    ,	 A,	S36000102,	A0803CB1323(KNS)                        ,
	T,	345XT009ENG    ,	 A,	S42000102,	A0801CB1285(UTC)                        ,
	T,	345XT009ENG    ,	 A,	S42000102,	A0803CB1323(KNS)                        ,
	T,	153XT094       ,	 B,	S22000102,	A0803CB1294(KNS)                        ,
	T,	040YF006       ,	 D,	S22000102,	A0803CB1356(KNS)                        ,
	T,	0442J021       ,	 A,	S22000102,	A0803CB1181(KNS)                        ,
	T,	0442J021       ,	 A,	S32000102,	A0803CB1181(KNS)                        ,
	T,	200KX007       ,	 D,	S22000102,	A0801CB1032(UTC)                        ,
	T,	200KX007       ,	 D,	S22000102,	A0803CB1032(KNS)                        ,
	T,	024MA214       ,	 D,	S22000102,	A0801CB1190(UTC)                        ,
	T,	024MA214       ,	 D,	S22000102,	A0803CB1190(KNS)                        ,
	T,	0086A021       ,	 I,	S22000102,	A0803CB1212(KNS)                        ,
	T,	048TP216       ,	 F,	S22000102,	A0803CB0831(KNS)                        ,
	T,	024MA091       ,	 F,	S22000102,	A0801CB0533                             ,
	T,	048TP079       ,	 D,	S22000102,	A0801CB0831                             ,
	T,	060MV003       ,	 I,	S22000102,	A0801CB0248                             ,
	T,	048TR124       ,	 D,	S22000102,	A0801CB1192(UTC)                        ,
	T,	048TR124       ,	 D,	S22000102,	A0803CB1192(KNS)                        ,
	T,	024MA161       ,	 C,	S22000102,	A0801CB1057(UTC)                        ,
	T,	008YQ104       ,	 J,	S22000102,	A0803CB1174(KNS)                        ,
	T,	008YQ120       ,	 G,	S22000102,	A0803CB1174(KNS)                        ,
	T,	153XT135       ,	 E,	S22000102,	A0803CB1294(KNS)                        ,
	T,	153XT135       ,	 E,	S32000102,	A0803CB1294(KNS)                        ,
	T,	153XT135       ,	 E,	S34000102,	A0803CB1294(KNS)                        ,
	T,	153XT135       ,	 E,	S36000102,	A0803CB1294(KNS)                        ,
	T,	010YK026       ,	 E,	S22000102,	A0803CB1315(KNS)                        ,
	T,	132X2339       ,	 A,	S22000102,	A0801CB1176(UTC)                        ,
	T,	132X2339       ,	 A,	S22000102,	A0803CB1295(KNS)                        ,
	T,	048TR106       ,	 B,	S22000102,	A0801CB1192(UTC)                        ,
	T,	048TR106       ,	 B,	S22000102,	A0803CB1192(KNS)                        ,
	T,	010YK031       ,	 C,	S22000102,	A0803CB1315(KNS)                        ,
	T,	096EF064       ,	 B,	S22000102,	A0801CB1366 (UTC)                       ,
	T,	096EF064       ,	 B,	S22000102,	A0803CB1366 (KNS)                       ,
	T,	096EF064       ,	 B,	S32000102,	A0801CB1366 (UTC)                       ,
	T,	096EF064       ,	 B,	S32000102,	A0803CB1366 (KNS)                       ,
	T,	048TR143       ,	 C,	S22000102,	A0801CB1192(UTC)                        ,
	T,	048TR143       ,	 C,	S22000102,	A0803CB1192(KNS)                        ,
	T,	0086A167       ,	 B,	S22000102,	A0803CB1212(KNS)                        ,
	T,	132X2352       ,	 B,	S22000102,	A0801CB1176(UTC)                        ,
	T,	132X2352       ,	 B,	S22000102,	A0803CB1295(KNS)                        ,
	T,	0445T010       ,	 A,	S22000102,	A0803CB1326(KNS)                        ,
	T,	0445T010       ,	 A,	S32000102,	A0803CB1326(KNS)                        ,
	T,	048MA349       ,	 D,	S22000102,	A0801CB1057(UTC)                        ,
	T,	078U9031       ,	 I,	S22000102,	A0801CB0823 (UTC)                       ,
	T,	078U9031       ,	 I,	S22000102,	A0803CB0823 (KNS)                       ,
	T,	132X2256       ,	 D,	S22000102,	A0801CB1176(UTC)                        ,
	T,	132X2256       ,	 D,	S22000102,	A0803CB1295(KNS)                        ,
	T,	0086A095       ,	 G,	S22000102,	A0803CB1212(KNS)                        ,
	T,	0086A131       ,	 D,	S22000102,	A0803CB1212(KNS)                        ,
	T,	008YQ140       ,	 G,	S22000102,	A0803CB1050(KNS)                        ,
	T,	008YQ140       ,	 G,	S32000102,	A0803CB1050(KNS)                        ,
	T,	024MA150       ,	 H,	S22000102,	A0801CB1057(UTC)                        ,
	T,	134N9007       ,	 D,	S22000102,	A0801CB1106(UTC)                        ,
	T,	152N3030       ,	 C,	S22000102,	A0801CB0748(UTC)                        ,
	T,	152N3030       ,	 C,	S22000102,	A0803CB0748(KNS)                        ,
	T,	132X2271       ,	 D,	S22000102,	A0801CB1176(UTC)                        ,
	T,	132X2271       ,	 D,	S22000102,	A0803CB1295(KNS)                        ,
	T,	048TV154       ,	 G,	S22000102,	A0801CB0652                             ,
	T,	056TH163       ,	 C,	S22000102,	A0801CB0493(UTC)                        ,
	T,	096EL076       ,	 G,	S22000102,	A0801CB1331                             ,
	T,	008YQ163       ,	 H,	S22000102,	A0803CB0859(KNS)                        ,
	T,	008FG006       ,	 C,	S22000102,	A0803CB1278(KNS)                        ,
	T,	024XJ079       ,	 C,	S22000102,	A0801CB1129(UTC)                        ,
	T,	084UC088       ,	 K,	S22000102,	A0801CB0660(UTC)                        ,
	T,	084UC088       ,	 K,	S22000102,	A0803CB0660(KNS)                        ,
	T,	054TS023       ,	 C,	S22000102,	A0801CB0971 (UTC)                       ,
	T,	119CF063       ,	 F,	S22000102,	A0801CB0718                             ,
	T,	119CF063       ,	 F,	S32000102,	A0801CB0272(UTC)                        ,
	T,	153XT178       ,	 A,	S22000102,	A0801CB1072(UTC)                        ,
	T,	153XT178       ,	 A,	S22000102,	A0803CB1294(KNS)                        ,
	T,	153XT171       ,	 B,	S22000102,	A0801CB1072(UTC)                        ,
	T,	153XT171       ,	 B,	S22000102,	A0803CB1294(KNS)                        ,
	T,	048TV170       ,	 E,	S22000102,	A0801CB0652                             ,
	T,	008YD110       ,	 F,	S22000102,	A0803CB0635(KNS)                        ,
	T,	048TW407       ,	 F,	S22000102,	A0801CB0864 (UTC)                       ,
	T,	008YB027       ,	 J,	S22000102,	A0803CB0783                             ,
	T,	008Y6056       ,	 H,	S22000102,	A0803CB0913(KNS)                        ,
	T,	096EL100       ,	 A,	S22000102,	A0803CB1377(KNS)                        ,
	T,	024MA131       ,	 D,	S22000102,	A0801CB0700                             ,
	T,	090NC056       ,	 H,	S22000102,	A0801CB0622                             ,
	T,	096EF033       ,	 G,	S22000102,	A0801CB1087(UTC)                        ,
	T,	096EF033       ,	 G,	S22000102,	A0803CB1087(KNS)                        ,
	T,	048TR140       ,	 C,	S22000102,	A0801CB1192(UTC)                        ,
	T,	048TR140       ,	 C,	S22000102,	A0803CB1192(KNS)                        ,
	T,	064MR054       ,	 B,	S22000102,	A0801CB0746(UTC)                        ,
	T,	0086A096       ,	 A,	S22000102,	A0803CB1212(KNS)                        ,
	T,	132X2302       ,	 B,	S22000102,	A0801CB1176(UTC)                        ,
	T,	132X2302       ,	 B,	S22000102,	A0803CB1295(KNS)                        ,
	T,	132X2302       ,	 B,	S32000102,	A0801CB1176(UTC)                        ,
	T,	132X2302       ,	 B,	S32000102,	A0803CB1295(KNS)                        ,
	T,	0345V001       ,	 C,	S22000102,	A0803CB1295(KNS)                        ,
	T,	0345V001       ,	 C,	S32000102,	A0803CB1295(KNS)                        ,
	T,	048N0E02ENG    ,	 B,	S22000102,	A0803CB1254(KNS)                        ,
	T,	0343A014       ,	 A,	S22000102,	A0801CB0984                             ,
	T,	0343A014       ,	 A,	S32000102,	A0801CB0984                             ,
	T,	096EL096       ,	 B,	S22000102,	A0803CB1367(KNS)                        ,
	T,	096EL096       ,	 B,	S32000102,	A0803CB1368(KNS)                        ,
	T,	024MA245       ,	 A,	S22000102,	A0801CB1057(UTC)                        ,
	T,	024MA245       ,	 A,	S22000102,	A0803CB1057(KNS)                        ,
	T,	096EL099       ,	 B,	S22000102,	A0803CB1269(KNS)                        ,
	T,	096EL099       ,	 B,	S32000102,	A0803CB1268(KNS)                        ,
	T,	066TS070       ,	 A,	S22000102,	A0803CB0797(KNS)                        ,
	T,	008YQ077       ,	 H,	S22000102,	A0803CB0883 (KNS)                       ,
	T,	008DR050       ,	 A,	S22000102,	A0803CB1198(KNS)                        ,
	T,	008YME13ENG    ,	 A,	S22000102,	A0803CB1069(KNS)                        ,
	T,	008YQ184       ,	 A,	S22000102,	A0803CB1359(KNS)                        ,
	T,	132X2024ENG    ,	 A,	S22000102,	A0803CB1295(KNS)                        ,
	T,	132X2024ENG    ,	 A,	S32000102,	A0803CB1295(KNS)                        ,
	T,	169XN003       ,	 G,	S22000102,	A0803CB1105(KNS)                        ,
	T,	169XN003       ,	 G,	S32000102,	A0803CB1105(KNS)                        ,
	T,	169XN003       ,	 G,	S34000102,	A0803CB1105(KNS)                        ,
	T,	132X2048       ,	 R,	S22000102,	A0801CB1176(UTC)                        ,
	T,	132X2048       ,	 R,	S22000102,	A0803CB1295(KNS)                        ,
	T,	132X2306       ,	 C,	S22000102,	A0801CB1176(UTC)                        ,
	T,	132X2306       ,	 C,	S22000102,	A0803CB1295(KNS)                        ,
	T,	132X2306       ,	 C,	S32000102,	A0801CB1176(UTC)                        ,
	T,	132X2306       ,	 C,	S32000102,	A0803CB1295(KNS)                        ,
	T,	0008W235       ,	 C,	S22000102,	A0803CB1212(KNS)                        ,
	T,	008FG023       ,	 A,	S22000102,	A0803CB1278(KNS)                        ,
	T,	054MF003       ,	 F,	S22000102,	A0801CB0248                             ,
	T,	153XT098       ,	 C,	S22000102,	A0803CB1224(KNS)                        ,
	T,	153XT098       ,	 C,	S32000102,	A0803CB1224(KNS)                        ,
	T,	0086A128       ,	 C,	S22000102,	A0803CB1212(KNS)                        ,
	T,	132X2296       ,	 C,	S22000102,	A0801CB1176(UTC)                        ,
	T,	132X2296       ,	 C,	S22000102,	A0803CB1295(KNS)                        ,
	T,	010YK024       ,	 F,	S22000102,	A0803CB0784(KNS)                        ,
	T,	048TR003       ,	AC,	S22000102,	A0801CB1192(UTC)                        ,
	T,	048TR003       ,	AC,	S22000102,	A0803CB1192(KNS)                        ,
	T,	048MA359       ,	 D,	S22000102,	A0801CB1057(UTC)                        ,
	T,	024MA043       ,	 C,	S22000102,	A0801CB0700 (UTC)                       ,
	T,	024MA043       ,	 C,	S22000102,	A0803CB0700 (KNS)                       ,
	T,	132X2345       ,	 B,	S22000102,	A0801CB1176(UTC)                        ,
	T,	132X2345       ,	 B,	S22000102,	A0803CB1295(KNS)                        ,
	T,	054NB031       ,	 E,	S22000102,	A0801CB0514                             ,
	T,	012DN020       ,	 E,	S22000102,	A0801CB0727(UTC)                        ,
	T,	012DN020       ,	 E,	S22000102,	A0803CB0727(KNS)                        ,
	T,	048MA268       ,	 N,	S22000102,	A0801CB0248                             ,
	T,	165ML062       ,	 A,	S22000102,	A0801CB0248(UTC)                        ,
	T,	165ML062       ,	 A,	S22000102,	A0803CB0248(KNS)                        ,
	T,	048TR103       ,	 B,	S22000102,	A0801CB1192(UTC)                        ,
	T,	048TR103       ,	 B,	S22000102,	A0803CB1192(KNS)                        ,
	T,	096EA011       ,	 A,	S22000102,	A0801CB1021                             ,
	T,	064MR060       ,	 A,	S22000102,	A0801CB0746(UTC)                        ,
	T,	064MR060       ,	 A,	S22000102,	A0803CB0746(KNS)                        ,
	T,	024XW006       ,	 A,	S22000102,	A0801CB1190(UTC)                        ,
	T,	024XW006       ,	 A,	S32000102,	A0801CB1190(UTC)                        ,
	T,	024XW006       ,	 A,	S34000102,	A0801CB1190(UTC)                        ,
	T,	024XW006       ,	 A,	S36000102,	A0801CB1190(UTC)                        ,
	T,	090NC064       ,	 F,	S22000102,	A0801CB0622(UTC)                        ,
	T,	090NC064       ,	 F,	S22000102,	A0803CB0622(KNS)                        ,
	T,	054TS036       ,	 C,	S22000102,	A0801CB0971 (UTC)                       ,
	T,	0008W999       ,	 E,	S22000102,	A0803CB1094(KNS)                        ,
	T,	0008W999       ,	 E,	S32000102,	A0803CB1094(KNS)                        ,
	T,	048TW429       ,	 H,	S22000102,	A0801CB0850 (UTC)                       ,
	T,	024MA045       ,	 B,	S22000102,	A0801CB0700(UTC)                        ,
	T,	024MA045       ,	 B,	S22000102,	A0803CB0700(KNS)                        ,
	T,	126CT002       ,	 H,	S22000102,	A0801CB0754                             ,
	T,	048TG295       ,	 T,	S22000102,	A0801CB0325                             ,
	T,	0086B012       ,	 D,	S22000102,	A0803CB1212(KNS)                        ,
	T,	0442J017       ,	 C,	S22000102,	A0803CB1181(KNS)                        ,
	T,	0442J017       ,	 C,	S32000102,	A0803CB1181(KNS)                        ,
	T,	008YM136       ,	 F,	S22000102,	A0803CB1069(KNS)                        ,
	T,	048N0E03ENG    ,	 B,	S22000102,	A0803CB1254(KNS)                        ,
	T,	200N7040       ,	 B,	S22000102,	A0801CB1032(UTC)                        ,
	T,	200N7040       ,	 B,	S22000102,	A0803CB1032(KNS)                        ,
	T,	008YQ156       ,	 E,	S22000102,	A0803CB1050(KNS)                        ,
	T,	008DR049       ,	 B,	S22000102,	A0803CB1198(KNS)                        ,
	T,	008DRE07ENG    ,	 A,	S22000102,	                                        ,
	T,	008DRE07ENG    ,	 A,	S22000102,	A0803CB1198(KNS)                        ,
	T,	096ELE17ENG    ,	 A,	S22000102,	A0801CB1307                             ,
	T,	048TP319ENG    ,	 A,	S22000102,	A0801CB1346(UTC)                        ,
	T,	048TP319ENG    ,	 A,	S22000102,	A0803CB1346(KNS)                        ,
	T,	056YI002       ,	 A,	S22000102,	A0803CB1362(KNS)                        ,
	T,	096EF058ENG    ,	 B,	S22000102,	A0801CB1265(UTC)                        ,
	T,	096EF058ENG    ,	 B,	S22000102,	A0803CB1265(KNS)                        ,
	T,	054TS010       ,	 P,	S22000102,	A0801CB0762(UTC)                        ,
	T,	054TS010       ,	 P,	S22000102,	A0803CB0762(KNS)                        ,
	T,	048TW160       ,	 P,	S22000102,	A0801CB0616                             ,
	T,	008YM153       ,	 F,	S22000102,	A0803CB1069(KNS)                        ,
	T,	008YD104       ,	 H,	S22000102,	A0803CB0635(KNS)                        ,
	T,	0086A050       ,	 E,	S22000102,	A0803CB1212(KNS)                        ,
	T,	345XT053       ,	 B,	S22000102,	A0801CB1285(UTC)                        ,
	T,	345XT053       ,	 B,	S22000102,	A0803CB1323(KNS)                        ,
	T,	345XT053       ,	 B,	S32000102,	A0801CB1285(UTC)                        ,
	T,	345XT053       ,	 B,	S32000102,	A0803CB1323(KNS)                        ,
	T,	345XT053       ,	 B,	S34000102,	A0801CB1285(UTC)                        ,
	T,	345XT053       ,	 B,	S34000102,	A0803CB1323(KNS)                        ,
	T,	100X6006       ,	 D,	S22000102,	A0801CB1200(UTC)                        ,
	T,	0415L001       ,	 E,	S22000102,	A0803CB1253 (KNS)                       ,
	T,	132X2341       ,	 A,	S22000102,	A0801CB1176(UTC)                        ,
	T,	132X2341       ,	 A,	S22000102,	A0803CB1295(KNS)                        ,
	T,	132X2341       ,	 A,	S32000102,	A0801CB1176(UTC)                        ,
	T,	132X2341       ,	 A,	S32000102,	A0803CB1295(KNS)                        ,
	T,	345XT060       ,	 B,	S22000102,	A0801CB1285(UTC)                        ,
	T,	345XT060       ,	 B,	S22000102,	A0803CB1323(KNS)                        ,
	T,	345XT060       ,	 B,	S32000102,	A0801CB1285(UTC)                        ,
	T,	345XT060       ,	 B,	S32000102,	A0803CB1323(KNS)                        ,
	T,	345XT060       ,	 B,	S34000102,	A0801CB1285(UTC)                        ,
	T,	345XT060       ,	 B,	S34000102,	A0803CB1323(KNS)                        ,
	T,	0086A166       ,	 A,	S22000102,	A0803CB1212(KNS)                        ,
	T,	048TR089       ,	 C,	S22000102,	A0801CB1192(UTC)                        ,
	T,	048TR089       ,	 C,	S22000102,	A0803CB1192(KNS)                        ,
	T,	096EF006       ,	 J,	S22000102,	A0801CB0889(UTC)                        ,
	T,	096EF006       ,	 J,	S22000102,	A0803CB0889(KNS)                        ,
	T,	048TP073       ,	 F,	S22000102,	A0801CB0831(UTC)                        ,
	T,	048AC114       ,	 F,	S22000102,	A0803CB0315(KNS)                        ,
	T,	048TW440       ,	 G,	S22000102,	A0801CB1150(UTC)                        ,
	T,	048MA362       ,	 E,	S22000102,	A0801CB1190(UTC)                        ,
	T,	048TP213       ,	 D,	S22000102,	A0801CB1170(UTC)                        ,
	T,	048N0E04ENG    ,	 A,	S22000102,	A0803CB1254(KNS)                        ,
	T,	0445T008       ,	 B,	S22000102,	A0803CB1326(KNS)                        ,
	T,	0445T008       ,	 B,	S32000102,	A080CB1326(KNS)                         ,
	T,	048TGE05ENG    ,	 A,	S22000102,	A0803CB1353(KNS)                        ,
	T,	252X0003ENG    ,	 A,	S22000102,	A0801CB1176(UTC)                        ,
	T,	252X0003ENG    ,	 A,	S22000102,	A0803CB1295(KNS)                        ,
	T,	252X0003ENG    ,	 A,	S32000102,	A0801CB1176(UTC)                        ,
	T,	252X0003ENG    ,	 A,	S32000102,	A0803CB1295(KNS)                        ,
	T,	008Y6029ENG    ,	 A,	S22000102,	A0803CB1233(KNS)                        ,
	T,	048TW554       ,	 D,	S22000102,	A0801CB0564(UTC)                        ,
	T,	078EA005       ,	 D,	S22000102,	A0801CB1206                             ,
	T,	078EA005       ,	 D,	S32000102,	A0801CB1099                             ,
	T,	096EL015       ,	 I,	S22000102,	A0801CB1092(UTC)                        ,
	T,	024MA099       ,	 E,	S22000102,	A0801CB0700                             ,
	T,	008YM110       ,	 H,	S22000102,	A0803CB0832(KNS)                        ,
	T,	008YD105       ,	 F,	S22000102,	A0803CB0635(KNS)                        ,
