¦C¼Æ,pin_package,bd_id,product,da_out,da_act,wb_out,wb_act,cure_out,cure_act,
1,	WLCSP       ,	ENG                 ,	000IABW036               ,	0.00,	0.00,	0.00,	0.00,	0.00,	0.00,
2,	WLCSP       ,	                    ,	000IABW075               ,	0.00,	0.00,	0.00,	0.00,	0.00,	0.00,
3,	WLCSP-WAFER ,	                    ,	000IABW093               ,	0.00,	0.00,	0.00,	0.00,	0.00,	0.00,
4,	WLCSP-WAFER ,	                    ,	000IABW106               ,	0.00,	0.00,	0.00,	0.00,	0.00,	0.00,
5,	DFN-08YM2G  ,	AQW008YM2003A       ,	008YMQW005               ,	0.00,	0.00,	0.00,	0.00,	0.00,	0.00,
6,	uSD08AQV-C  ,	AZA0086A1002A       ,	0086AZA008               ,	0.00,	0.00,	0.00,	0.00,	0.00,	0.00,
7,	uSD08AQV-C  ,	AZA0086A1001B       ,	0086AZA040               ,	0.00,	0.00,	0.00,	0.00,	0.00,	0.00,
8,	MAT         ,	,	0008WLAS001              ,	0.00,	0.00,	0.00,	0.00,	0.00,	0.00,
9,	FCQFN-08OK2D,	ANI008OK2001A       ,	008OKNI047               ,	0.00,	0.00,	0.00,	0.00,	0.00,	0.00,
10,	FCQFN-08OK2D,	ANI008OK2001A       ,	008OKNI051               ,	0.00,	0.00,	0.00,	0.00,	0.00,	0.00,
11,	FCQFN-08OK2D,	ANI008OK2001A       ,	008OKNI069               ,	0.00,	0.00,	0.00,	0.00,	0.00,	0.00,
12,	FCQFN-08OK2D,	ANI008OK2001A       ,	008OKNI081               ,	0.00,	0.00,	0.00,	0.00,	0.00,	0.00,
13,	FCQFN-08OK2D,	ANI008OK2001A       ,	008OKNI089               ,	0.00,	0.00,	0.00,	0.00,	0.00,	0.00,
14,	FCQFN-08OK2D,	ANI008OK2001A       ,	008OKNI091               ,	0.00,	0.00,	0.00,	0.00,	0.00,	0.00,
15,	FCQFN-08OK2D,	ANI008OK2001A       ,	008OKNI092               ,	0.00,	0.00,	0.00,	0.00,	0.00,	0.00,
16,	FCQFN-08OK2D,	ANI008OK2001A       ,	008OKNI104               ,	0.00,	0.00,	0.00,	0.00,	0.00,	0.00,
17,	DFN-08YK2A  ,	ANI008YK3002A       ,	008YKNI090               ,	29.12,	0.00,	29.12,	0.00,	0.00,	0.00,
18,	FCDFN-08YZ2A,	ANI008YZ1001D       ,	008YZNI002               ,	0.00,	0.00,	0.00,	0.00,	0.00,	0.00,
19,	DFN-12Y12A  ,	ANI012Y11002C       ,	012Y1NI051               ,	0.00,	0.00,	0.00,	0.00,	0.00,	0.00,
20,	DFN-12Y12A  ,	ANI012Y11002C       ,	012Y1NI059               ,	0.00,	0.00,	0.00,	0.00,	0.00,	0.00,
21,	FCQFN-12Y32D,	ANI012Y32001B       ,	012Y3NI114               ,	0.00,	0.00,	0.00,	0.00,	0.00,	0.00,
22,	FCQFN-12Y32D,	ANI012Y32001B       ,	012Y3NI127               ,	0.00,	0.00,	0.00,	0.00,	0.00,	0.00,
23,	FCQFN-12Y32D,	ANI012Y32001B       ,	012Y3NI131               ,	0.00,	0.00,	0.00,	0.00,	0.00,	0.00,
24,	FCQFN-12Y32D,	ANI012Y32002D       ,	012Y3NI138               ,	0.00,	0.00,	0.00,	0.00,	0.00,	0.00,
25,	FCQFN-12Y32D,	ANI012Y32001B       ,	012Y3NI142               ,	0.00,	0.00,	0.00,	0.00,	0.00,	0.00,
26,	FCQFN-12Y32D,	ANI012Y32001B       ,	012Y3NI147               ,	0.00,	0.00,	0.00,	0.00,	0.00,	0.00,
27,	FCQFN-12Y32D,	ANI012Y32001B       ,	012Y3NI155               ,	0.00,	0.00,	0.00,	0.00,	0.00,	0.00,
28,	FCQFN-12Y32D,	ANI012Y32001B       ,	012Y3NI158               ,	0.00,	0.00,	0.00,	0.00,	0.00,	0.00,
29,	FCQFN-12Y32D,	ANI012Y32002D       ,	012Y3NI160               ,	0.00,	0.00,	0.00,	0.00,	0.00,	0.00,
30,	FCQFN-12Y32D,	ANI012Y32001B       ,	012Y3NI166               ,	0.00,	0.00,	0.00,	0.00,	0.00,	0.00,
31,	FCQFN-12Y32D,	ANI012Y32002D       ,	012Y3NI170               ,	0.00,	0.00,	0.00,	0.00,	0.00,	0.00,
32,	FCQFN-12Y32D,	ANI012Y32002D       ,	012Y3NI177               ,	0.00,	0.00,	0.00,	0.00,	0.00,	0.00,
33,	FCQFN-12Y32D,	ANI012Y32002D       ,	012Y3NI194               ,	0.00,	0.00,	0.00,	0.00,	0.00,	0.00,
34,	FCQFN-12Y32D,	ANI012Y32002D       ,	012Y3NI196               ,	0.00,	0.00,	0.00,	0.00,	0.00,	0.00,
35,	FCQFN-12Y32D,	ANI012Y32001B       ,	012Y3NI199               ,	0.00,	0.00,	0.00,	0.00,	0.00,	0.00,
36,	FCQFN-12Y32D,	ANI012Y32002D       ,	012Y3NI210               ,	0.00,	0.00,	0.00,	0.00,	0.00,	0.00,
37,	FCQFN-12Y32D,	ANI012Y32002D       ,	012Y3NI220               ,	0.00,	0.00,	0.00,	0.00,	0.00,	0.00,
38,	FCQFN-14OA2D,	ANI014OA1001C       ,	014OANI051               ,	0.00,	0.00,	0.00,	0.00,	0.00,	0.00,
39,	FCQFN-14OL2D,	ANI014OL1001C       ,	014OLNI030               ,	0.00,	0.00,	0.00,	0.00,	0.00,	0.00,
40,	FCQFN-14OL2D,	ANI014OL1001C       ,	014OLNI033               ,	0.00,	0.00,	0.00,	0.00,	0.00,	0.00,
41,	FCQFN-16OF2D,	ANI016OF2001B       ,	016OFNI037               ,	0.00,	0.00,	0.00,	0.00,	0.00,	0.00,
42,	FCQFN-16OF2D,	ANI016OF2001B       ,	016OFNI050               ,	0.00,	0.00,	0.00,	0.00,	0.00,	0.00,
43,	QFN-20YU2D  ,	ANI020YU1005C       ,	020YUNI052               ,	0.00,	0.00,	0.00,	0.00,	0.00,	0.00,
44,	QFN-20YU2D  ,	ANI020YU1002B       ,	020YUNI108               ,	0.00,	0.00,	0.00,	0.00,	0.00,	0.00,
45,	QFN-20YU2D  ,	ANI020YU1005C       ,	020YUNI110               ,	0.00,	0.00,	0.00,	0.00,	0.00,	0.00,
46,	QFN-20YU2D  ,	ANI020YU1005C       ,	020YUNI112               ,	0.00,	0.00,	0.00,	0.00,	0.00,	0.00,
47,	QFN-20YU2D  ,	ANI020YU1002B       ,	020YUNI122               ,	0.00,	0.00,	0.00,	0.00,	0.00,	0.00,
48,	QFN-20YU2D  ,	ANI020YU1002B       ,	020YUNI124               ,	0.00,	0.00,	0.00,	0.00,	0.00,	0.00,
49,	QFN-20YU2D  ,	ANI020YU1002B       ,	020YUNI141               ,	0.00,	0.00,	0.00,	0.00,	0.00,	0.00,
50,	QFN-20YU2D  ,	ANI020YU1002B       ,	020YUNI146               ,	0.00,	0.00,	0.00,	0.00,	0.00,	0.00,
51,	QFN-20YU2D  ,	ANI020YU1001M       ,	020YUNI150               ,	0.00,	0.00,	0.00,	0.00,	0.00,	0.00,
52,	QFN-20YU2D  ,	ANI020YU1005C       ,	020YUNI154               ,	0.00,	0.00,	0.00,	0.00,	0.00,	0.00,
53,	QFN-20YU2D  ,	ANI020YU1005C       ,	020YUNI158               ,	0.00,	0.00,	0.00,	0.00,	0.00,	0.00,
54,	QFN-20YU2D  ,	ANI020YU1002B       ,	020YUNI171               ,	0.00,	0.00,	0.00,	0.00,	0.00,	0.00,
55,	QFN-20YU2D  ,	ANI020YU1002B       ,	020YUNI183               ,	0.00,	0.00,	0.00,	0.00,	0.00,	0.00,
56,	QFN-20YU2D  ,	ANI020YU1002B       ,	020YUNI201               ,	0.00,	0.00,	0.00,	0.00,	0.00,	0.00,
57,	QFN-20YU2D  ,	ANI020YU1002B       ,	020YUNI254               ,	0.00,	0.00,	0.00,	0.00,	0.00,	0.00,
58,	QFN-20YU2D  ,	ANI020YU1002B       ,	020YUNI263               ,	0.00,	0.00,	0.00,	0.00,	0.00,	0.00,
59,	QFN-20YU2D  ,	ANI020YU1002B       ,	020YUNI284               ,	0.00,	0.00,	0.00,	0.00,	0.00,	0.00,
60,	QFN-20YU2D  ,	ANI020YU1002B       ,	020YUNI286               ,	0.00,	0.00,	0.00,	0.00,	0.00,	0.00,
61,	QFN-20YU2D  ,	ANI020YU1002B       ,	020YUNI299               ,	0.00,	0.00,	0.00,	0.00,	0.00,	0.00,
62,	QFN-20YU2D  ,	ANI020YU1002B       ,	020YUNI303               ,	0.00,	0.00,	0.00,	0.00,	0.00,	0.00,
63,	QFN-20YU2D  ,	ANI020YU1002B       ,	020YUNI305               ,	0.00,	0.00,	0.00,	0.00,	0.00,	0.00,
64,	QFN-20YU2D  ,	ANI020YU1001M       ,	020YUNI321               ,	0.00,	0.00,	0.00,	0.00,	0.00,	0.00,
65,	QFN-20YU2D  ,	ANI020YU1002B       ,	020YUNI329               ,	0.00,	0.00,	0.00,	0.00,	0.00,	0.00,
66,	QFN-20YU2D  ,	ANI020YU1002B       ,	020YUNI330               ,	0.00,	0.00,	0.00,	0.00,	0.00,	0.00,
67,	QFN-20YU2D  ,	ANI020YU1005C       ,	020YUNI362               ,	0.00,	0.00,	0.00,	0.00,	0.00,	0.00,
68,	QFN-20YU2D  ,	ANI020YU1005C       ,	020YUNI372               ,	0.00,	0.00,	0.00,	0.00,	0.00,	0.00,
69,	QFN-20YU2D  ,	ANI020YU1002B       ,	020YUNI383               ,	0.00,	0.00,	0.00,	0.00,	0.00,	0.00,
70,	QFN-20YU2D  ,	ANI020YU1001M       ,	020YUNI408               ,	0.00,	0.00,	0.00,	0.00,	0.00,	0.00,
71,	QFN-20YU2D  ,	ANI020YU1002B       ,	020YUNI414               ,	0.00,	0.00,	0.00,	0.00,	0.00,	0.00,
72,	MAT         ,	                    ,	0008WHQ184               ,	0.00,	0.00,	0.00,	0.00,	0.00,	0.00,
73,	SMT         ,	AHQ0445T2011A       ,	000SHQ322                ,	0.00,	0.00,	0.00,	0.00,	0.00,	0.00,
74,	FPSLGA22O5V ,	AHQ0223R1001B       ,	0223RHQ012               ,	0.00,	0.00,	0.00,	0.00,	0.00,	0.00,
75,	FPSTLG34AW4V,	AHQ0345V1001A       ,	0345VHQ009               ,	0.00,	0.00,	0.00,	0.00,	0.00,	0.00,
76,	FPSSLGA41CRV,	AHQ0415L1003B       ,	0415LHQ021               ,	0.00,	0.00,	0.00,	0.00,	0.00,	0.00,
77,	WLCSP       ,	                    ,	000IACM163ENG            ,	0.00,	0.00,	0.00,	0.00,	0.00,	0.00,
78,	DFN-08YD4AW ,	AAB008YD4001A       ,	008YDCME19ENG            ,	0.00,	0.00,	0.00,	0.00,	0.00,	0.00,
79,	DFN-08YD2A  ,	AAS008YD2026A       ,	008YDCME28ENG            ,	0.00,	0.00,	0.00,	0.00,	0.00,	0.00,
80,	STDFN08YQ2AW,	AAS008YQ3008A       ,	008YQCME78ENG            ,	0.00,	0.00,	0.00,	0.00,	0.00,	0.00,
81,	STDFN08YQ3AW,	AAB008YQ3019A       ,	008YQCME79ENG            ,	0.00,	0.00,	0.00,	0.00,	0.00,	0.00,
82,	STBGA24D4U  ,	AAW024XJ4017A       ,	024XJCM063ENG            ,	0.00,	0.00,	0.00,	0.00,	0.00,	0.00,
83,	VFBGA90B4U  ,	AAB090NC7001A       ,	090NCCME10ENG            ,	0.00,	0.00,	0.00,	0.00,	0.00,	0.00,
84,	STBGA162BAU ,	AAW162KE1002A       ,	162KECM026ENG            ,	0.00,	0.00,	0.00,	0.00,	0.00,	0.00,
85,	TSOP2-54ME  ,	ACD054TA1007A       ,	054TNCD014               ,	44.64,	0.00,	0.00,	0.00,	0.00,	0.00,
86,	FBGA96UEL(2),	ACD096EL1002A       ,	096ELCD002               ,	0.00,	0.00,	0.00,	0.00,	0.00,	0.00,
87,	MBGA24J3U   ,	AAS024MA0006A       ,	024MAAS017               ,	0.00,	0.00,	0.00,	0.00,	0.00,	0.00,
88,	TSOP1-48/48 ,	AAS048TG2003A       ,	048TGAS017               ,	0.00,	0.00,	0.00,	0.00,	0.00,	0.00,
89,	FBGA-96UEL-3,	AAS096EL1002A       ,	096ELAS001               ,	0.00,	0.00,	0.00,	0.00,	0.00,	0.00,
90,	FBGAS-96UEL8,	AAS096EL2001A       ,	096ELAS039               ,	0.00,	0.00,	0.00,	0.00,	0.00,	0.00,
91,	FBGA-96UEL-3,	AAS096EL1016A       ,	096ELAS044               ,	0.00,	0.00,	18.44,	0.00,	0.00,	0.00,
92,	STBGA162B4U ,	AAS162KE1008A       ,	162KEAS010               ,	0.00,	0.00,	28.45,	0.00,	0.00,	0.00,
93,	MAT         ,	                    ,	0008WVE020               ,	0.00,	0.00,	0.00,	0.00,	0.00,	0.00,
94,	STDFN-08YD2E,	AVE008YD2001A       ,	008YDVE002               ,	0.00,	0.00,	0.00,	0.00,	0.00,	0.00,
95,	TSOP2-54CMES,	AVE054TS1001E       ,	054TSVE001               ,	0.00,	0.00,	0.00,	0.00,	0.00,	0.00,
96,	WLCSP       ,	                    ,	000IAQR039               ,	0.00,	0.00,	0.00,	0.00,	0.00,	0.00,
97,	MAT         ,	                    ,	0008WSS005               ,	0.00,	0.00,	0.00,	0.00,	0.00,	0.00,
98,	DFN-08Y62D  ,	ABU008Y62007A       ,	008Y6BU001               ,	0.00,	0.00,	0.00,	0.00,	0.00,	0.00,
99,	FBGA-84UC(2),	ABU084CC2001C       ,	084UCBU004               ,	0.00,	0.00,	0.00,	0.00,	0.00,	0.00,
100,	FBGA-96LEA  ,	ABU096EA1003A       ,	096EABU008               ,	0.00,	0.00,	0.00,	0.00,	0.00,	0.00,
101,	SSBGA200BEP ,	ABU200N74002B       ,	200N7BU021               ,	0.00,	0.00,	0.00,	0.00,	0.00,	0.00,
102,	QFN88Y23AW  ,	AMF088Y23001A       ,	088Y2MF002               ,	0.00,	0.00,	0.00,	0.00,	0.00,	0.00,
103,	MAT         ,	                    ,	0008WVG022               ,	0.00,	0.00,	0.00,	0.00,	0.00,	0.00,
104,	DFN-08YD2A  ,	ABU008YD2009A       ,	008YDVG009               ,	0.00,	0.00,	0.00,	0.00,	0.00,	0.00,
105,	DFN-08YQ2A  ,	ABU008YQ2019A       ,	008YQVG024               ,	0.00,	0.00,	0.00,	0.00,	0.00,	0.00,
106,	STBGA24J4U  ,	ABU024XJ6003A       ,	024XJVG009               ,	0.00,	0.00,	0.00,	0.00,	0.00,	0.00,
107,	STBGA24J4U  ,	ABU024XW3011B       ,	024XWVG005               ,	0.00,	0.00,	0.00,	0.00,	0.00,	0.00,
108,	VFBGA64B4U  ,	ABU064RK1001A       ,	064RKVG004               ,	0.00,	0.00,	0.00,	0.00,	0.00,	0.00,
109,	STBGA153JAV ,	ABU153XT9002A       ,	153XTVG008               ,	0.00,	0.00,	0.00,	0.00,	0.00,	0.00,
110,	TSOP1-48A2  ,	AOK048TV1029A       ,	048TVOK056               ,	0.00,	0.00,	0.00,	0.00,	0.00,	0.00,
111,	MAT         ,	                    ,	0008WMS044               ,	0.00,	0.00,	0.00,	0.00,	0.00,	0.00,
112,	TSOP1-48AM  ,	AMS048TW1050A       ,	048TWMS059               ,	0.00,	0.00,	0.00,	0.00,	0.00,	0.00,
113,	FBGA-78UEN  ,	AMS078EN1001A       ,	078ENMS009               ,	0.00,	14.32,	413.29,	14.36,	0.00,	0.00,
114,	FBGA-96UEC  ,	AMS096EC3001B       ,	096ECMS013               ,	0.00,	5.59,	37.75,	0.00,	0.00,	5.60,
115,	FBGA-78UEP  ,	ALW078EP1001A       ,	078EPLW008               ,	0.00,	0.00,	8.45,	0.00,	0.00,	0.00,
116,	FBGA-96UEF  ,	ALW096EF2001A       ,	096EFLW006               ,	0.00,	0.00,	0.00,	0.00,	0.00,	0.00,
117,	MAT         ,	                    ,	0008WAW083               ,	0.00,	0.00,	0.00,	0.00,	0.00,	0.00,
118,	MAT         ,	                    ,	0008WAW085               ,	0.00,	0.00,	0.00,	0.00,	0.00,	0.00,
119,	MAT         ,	                    ,	0008WAW095               ,	0.00,	0.00,	0.00,	0.00,	0.00,	0.00,
120,	SMT         ,	AAW016D53011A       ,	000SAW016                ,	0.00,	0.00,	0.00,	0.00,	0.00,	0.00,
121,	SMT         ,	AAW016D53017A       ,	000SAW030                ,	0.00,	0.00,	0.00,	0.00,	0.00,	0.00,
122,	SSLGA16DOU  ,	AAW016D53017A       ,	016D5AW048               ,	0.00,	0.00,	0.00,	0.00,	0.00,	0.00,
123,	MINIBGA24A4L,	AAW024MA6024A       ,	024MAAW047               ,	0.00,	0.00,	0.00,	0.00,	0.00,	0.00,
124,	MINIBGA24A4L,	AAW024MA6033B       ,	024MAAW060               ,	0.00,	0.00,	0.00,	0.00,	0.00,	0.00,
125,	MINIBGA24A3L,	AAW024MA6041B       ,	024MAAW072               ,	0.00,	0.00,	38.09,	0.00,	0.00,	0.00,
126,	TSOP1-48/M2 ,	AAW048TP1041B       ,	048TPAW086               ,	100.34,	2.88,	105.82,	0.72,	0.00,	0.00,
127,	MAT         ,	                    ,	0008WNV323               ,	0.00,	0.00,	0.00,	0.00,	0.00,	0.00,
128,	uSD08AQV-C  ,	ANV0086A1065A       ,	0086ANV209               ,	0.00,	0.00,	0.00,	0.00,	0.00,	0.00,
129,	uSD08AQV-C  ,	ANV0086A1070A       ,	0086ANV219               ,	0.00,	0.00,	0.00,	0.00,	0.00,	0.00,
130,	uSD08AQV-C  ,	ANV0086A1078A       ,	0086ANV228               ,	0.00,	0.00,	0.00,	0.00,	0.00,	0.00,
131,	TSOP1-48MR-C,	ANV048TR2004B       ,	048TRNV033               ,	11.73,	2.16,	0.00,	0.00,	0.00,	8.64,
132,	TSOP1-48MR-C,	ANV048TR2013A       ,	048TRNV047               ,	0.00,	0.00,	0.00,	0.00,	0.00,	0.00,
133,	STBGA132G4VT,	ANV132X2C101A       ,	132X2NV203               ,	0.00,	0.00,	0.00,	0.00,	0.00,	0.00,
134,	STBGA132C4V ,	ANV132X2B034A       ,	132X2NV229               ,	0.00,	0.00,	0.00,	0.00,	0.00,	0.00,
135,	STBGA345FAV ,	ANV345XTE001A       ,	345XTNV076               ,	0.00,	0.00,	0.00,	0.00,	0.00,	0.00,
136,	MBGA137J4U  ,	ACR137M82001B       ,	137M8CR001               ,	0.00,	0.00,	0.00,	0.00,	0.00,	0.00,
137,	FBGA-78UEP  ,	ARK078EP1001B       ,	078EPRK003               ,	0.00,	0.00,	52.45,	0.00,	0.00,	0.00,
138,	STBGA252C4V ,	AEU252X20001A       ,	252X2EU002               ,	0.00,	0.00,	0.00,	0.00,	0.00,	0.00,
139,	QFN-68YT3RW ,	ATO068YT1001A       ,	068YTTO001               ,	0.00,	0.00,	0.00,	0.00,	0.00,	0.00,
140,	DFN-08YD4AW ,	AAB008YD4001A       ,	008YDAB027               ,	0.00,	0.00,	0.00,	0.00,	0.00,	0.00,
141,	DFN-08YM2D  ,	AAB008YM2025A       ,	008YMAB047               ,	0.00,	0.00,	0.00,	0.00,	0.00,	0.00,
142,	DFN-08YQ2A  ,	AAB008YQ2014A       ,	008YQAB053               ,	0.00,	0.00,	0.00,	0.00,	0.00,	0.00,
143,	STDFN-08YQ2A,	AAB008YQ2033A       ,	008YQAB080               ,	0.00,	0.00,	0.00,	0.00,	0.00,	0.00,
144,	DFN-08YQ3AW ,	AAB008YQ3023A       ,	008YQAB116               ,	0.00,	0.00,	0.00,	0.00,	0.00,	0.00,
145,	DFN-08YQ3AW ,	AAB008YQ3027A       ,	008YQAB120               ,	0.00,	0.00,	0.00,	0.00,	0.00,	0.00,
146,	MBGA24A2L   ,	AAB024MA6017A       ,	024MAAB038               ,	0.00,	0.00,	0.00,	0.00,	0.00,	0.00,
147,	STBGA24D6U  ,	AAB024XJ6011A       ,	024XJAB025               ,	0.00,	0.00,	0.00,	0.00,	0.00,	0.00,
148,	TSOP1-48AM  ,	AAB048TW2002A       ,	048TWAB016               ,	0.00,	0.00,	1.05,	0.00,	0.00,	0.00,
149,	TSOP1-48AM2 ,	AAB048TW2009A       ,	048TWAB019               ,	0.00,	0.00,	0.00,	0.00,	0.00,	0.00,
150,	VFBGA60B4L  ,	AAB060NR1007A       ,	060NRAB016               ,	0.00,	0.00,	0.00,	0.00,	0.00,	0.00,
151,	VFBGA63BFU  ,	AAB063NW3008A       ,	063NWAB006               ,	0.00,	0.00,	0.00,	0.00,	0.00,	0.00,
152,	TSOP2-66ME  ,	AAB066TN1001A       ,	066TNAB026               ,	0.00,	0.00,	0.00,	0.00,	0.00,	0.00,
153,	FBGA-84UC2H ,	AAB084CC9002A       ,	084UCAB028               ,	0.00,	0.00,	0.00,	0.00,	0.00,	0.00,
154,	FBGA96UEL(2),	AAB096EL1003A       ,	096ELAB016               ,	0.00,	0.00,	22.96,	0.00,	0.00,	0.00,
155,	TSOP2-66CME ,	ATE066TS1001A       ,	066TSTE002               ,	0.00,	0.00,	0.00,	0.00,	0.00,	0.00,
156,	FBGA-84UC(2),	AYZ084CC2001A       ,	084UCYZ001               ,	0.00,	0.00,	21.25,	0.00,	0.00,	0.00,
157,	WLCSP       ,	ENG                 ,	000IABW052               ,	0.00,	0.00,	0.00,	0.00,	0.00,	0.00,
158,	WLCSP       ,	                    ,	000IABW064               ,	0.00,	0.00,	0.00,	0.00,	0.00,	0.00,
159,	WLCSP       ,	                    ,	000IABW074               ,	0.00,	0.00,	0.00,	0.00,	0.00,	0.00,
160,	WLCSP       ,	                    ,	000IABW143               ,	0.00,	0.00,	0.00,	0.00,	0.00,	0.00,
161,	MBGA90G4U   ,	AQW090MV1016A       ,	090MVQW030               ,	0.00,	0.00,	0.00,	0.00,	0.00,	0.00,
162,	uSD08AQV-C  ,	AZA0086A1032A       ,	0086AZA042               ,	0.00,	0.00,	0.00,	0.00,	0.00,	0.00,
163,	TSOP2-54CMES,	ACS054TS1012A       ,	054TSCS005               ,	0.00,	0.00,	0.00,	0.00,	0.00,	0.00,
164,	MAT         ,	,	0008WPRT001              ,	0.00,	0.00,	0.00,	0.00,	0.00,	0.00,
165,	FCQFN-08OK2D,	ANI008OK2001A       ,	008OKNI002               ,	0.00,	0.00,	0.00,	0.00,	0.00,	0.00,
166,	FCQFN-08OK2D,	ANI008OK2001A       ,	008OKNI040               ,	0.00,	0.00,	0.00,	0.00,	0.00,	0.00,
167,	FCQFN-08OK2D,	ANI008OK2001A       ,	008OKNI067               ,	0.00,	0.00,	0.00,	0.00,	0.00,	0.00,
168,	FCQFN-08OK2D,	ANI008OK2001A       ,	008OKNI079               ,	0.00,	0.00,	0.00,	0.00,	0.00,	0.00,
169,	FCQFN-08OK2D,	ANI008OK2001A       ,	008OKNI097               ,	0.00,	0.00,	0.00,	0.00,	0.00,	0.00,
170,	FCDFN-08Y72D,	ANI008Y71001C       ,	008Y7NI030               ,	0.00,	0.00,	0.00,	0.00,	0.00,	0.00,
171,	FCDFN-08YZ2A,	ANI008YZ1001D       ,	008YZNI044               ,	0.00,	0.00,	0.00,	0.00,	0.00,	0.00,
172,	FCDFN-08YZ2A,	ANI008YZ1001D       ,	008YZNI048               ,	0.00,	0.00,	0.00,	0.00,	0.00,	0.00,
173,	QFN-10YK2A  ,	ANI010YK3001A       ,	010YKNI054               ,	0.00,	0.00,	0.00,	0.00,	0.00,	0.00,
174,	DFN-12Y12A  ,	ANI012Y11002C       ,	012Y1NI048               ,	0.00,	0.00,	0.00,	0.00,	0.00,	0.00,
175,	DFN-12Y12A  ,	ANI012Y11002C       ,	012Y1NI053               ,	0.00,	0.00,	0.00,	0.00,	0.00,	0.00,
176,	FCQFN-12Y32D,	ANI012Y32002D       ,	012Y3NI060               ,	0.00,	0.00,	0.00,	0.00,	0.00,	0.00,
177,	FCQFN-12Y32D,	ANI012Y32001B       ,	012Y3NI120               ,	0.00,	0.00,	0.00,	0.00,	0.00,	0.00,
178,	FCQFN-12Y32D,	ANI012Y32002D       ,	012Y3NI139               ,	0.00,	0.00,	0.00,	0.00,	0.00,	0.00,
179,	FCQFN-12Y32D,	ANI012Y32001B       ,	012Y3NI143               ,	0.00,	0.00,	0.00,	0.00,	0.00,	0.00,
180,	FCQFN-12Y32D,	ANI012Y32002D       ,	012Y3NI163               ,	0.00,	0.00,	0.00,	0.00,	0.00,	0.00,
181,	FCQFN-12Y32D,	ANI012Y32002D       ,	012Y3NI190               ,	0.00,	0.00,	0.00,	0.00,	0.00,	0.00,
182,	FCQFN-14OA2D,	ANI014OA1001C       ,	014OANI054               ,	0.00,	0.00,	0.00,	0.00,	0.00,	0.00,
183,	FCQFN-14OA2D,	ANI014OA1001C       ,	014OANI075               ,	0.00,	0.00,	0.00,	0.00,	0.00,	0.00,
184,	QFN-20YU2D  ,	ANI020YU1005C       ,	020YUNI133               ,	0.00,	0.00,	0.00,	0.00,	0.00,	0.00,
185,	QFN-20YU2D  ,	ANI020YU1001M       ,	020YUNI135               ,	0.00,	0.00,	0.00,	0.00,	0.00,	0.00,
186,	QFN-20YU2D  ,	ANI020YU1002B       ,	020YUNI145               ,	0.00,	0.00,	0.00,	0.00,	0.00,	0.00,
187,	QFN-20YU2D  ,	ANI020YU1002B       ,	020YUNI148               ,	0.00,	0.00,	0.00,	0.00,	0.00,	0.00,
188,	QFN-20YU2D  ,	ANI020YU1001M       ,	020YUNI151               ,	0.00,	0.00,	0.00,	0.00,	0.00,	0.00,
189,	QFN-20YU2D  ,	ANI020YU1002B       ,	020YUNI187               ,	0.00,	0.00,	0.00,	0.00,	0.00,	0.00,
190,	QFN-20YU2D  ,	ANI020YU1002B       ,	020YUNI210               ,	0.00,	0.00,	0.00,	0.00,	0.00,	0.00,
191,	QFN-20YU2D  ,	ANI020YU1002B       ,	020YUNI211               ,	0.00,	0.00,	0.00,	0.00,	0.00,	0.00,
192,	QFN-20YU2D  ,	ANI020YU1002B       ,	020YUNI219               ,	0.00,	0.00,	0.00,	0.00,	0.00,	0.00,
193,	QFN-20YU2D  ,	ANI020YU1002B       ,	020YUNI244               ,	0.00,	0.00,	0.00,	0.00,	0.00,	0.00,
194,	QFN-20YU2D  ,	ANI020YU1002B       ,	020YUNI247               ,	0.00,	0.00,	0.00,	0.00,	0.00,	0.00,
195,	QFN-20YU2D  ,	ANI020YU1001M       ,	020YUNI267               ,	0.00,	0.00,	0.00,	0.00,	0.00,	0.00,
196,	QFN-20YU2D  ,	ANI020YU1002B       ,	020YUNI280               ,	0.00,	0.00,	0.00,	0.00,	0.00,	0.00,
197,	QFN-20YU2D  ,	ANI020YU1002B       ,	020YUNI327               ,	0.00,	0.00,	0.00,	0.00,	0.00,	0.00,
198,	QFN-20YU2D  ,	ANI020YU1002B       ,	020YUNI346               ,	0.00,	0.00,	0.00,	0.00,	0.00,	0.00,
199,	QFN-20YU2D  ,	ANI020YU1002B       ,	020YUNI351               ,	0.00,	0.00,	0.00,	0.00,	0.00,	0.00,
200,	QFN-20YU2D  ,	ANI020YU1005C       ,	020YUNI376               ,	0.00,	0.00,	0.00,	0.00,	0.00,	0.00,
201,	QFN-20YU2D  ,	ANI020YU1001M       ,	020YUNI400               ,	0.00,	0.00,	0.00,	0.00,	0.00,	0.00,
202,	FPSTLGA44YBV,	AHQ0442J3005A       ,	0442JHQ027               ,	74.20,	0.00,	0.00,	0.00,	0.00,	0.00,
203,	WLCSP       ,	ENG                 ,	000IACM120ENG            ,	0.00,	0.00,	0.00,	0.00,	0.00,	0.00,
204,	uSD08AQV    ,	ANV0086A1058A       ,	0086ACM130ENG            ,	0.00,	0.00,	0.00,	0.00,	0.00,	0.00,
205,	STDFN08YQ3AW,	AAB008YQ3013A       ,	008YQCME67ENG            ,	0.00,	0.00,	0.00,	0.00,	0.00,	0.00,
206,	FBGA-96UEI  ,	AYZ096EI1002A       ,	096EICM028ENG            ,	0.00,	0.00,	0.00,	0.00,	0.00,	0.00,
207,	STBGA100D4U ,	ABU100X69011A       ,	100X6CM013ENG            ,	0.00,	0.00,	0.00,	0.00,	0.00,	0.00,
208,	STBGA252C4V ,	AEU252X20001A       ,	252X2CM013ENG            ,	0.00,	0.00,	0.00,	0.00,	0.00,	0.00,
209,	VTLGA08J4U  ,	AAS008DR1029A       ,	008DRAS016               ,	0.00,	0.00,	0.00,	0.00,	0.00,	0.00,
210,	DFN-08YD2A  ,	AAS008YD2034A       ,	008YDAS078               ,	0.00,	0.00,	0.00,	0.00,	0.00,	0.00,
211,	DFN-08YQ2A  ,	AAS008YQ2001B       ,	008YQAS021               ,	0.00,	0.00,	0.00,	0.00,	0.00,	0.00,
212,	TSOP1-48/48M,	AAS048TP2029A       ,	048TPAS012               ,	0.00,	0.00,	0.00,	0.00,	0.00,	0.00,
213,	WLCSP       ,	                    ,	000IAQR012               ,	0.00,	0.00,	0.00,	0.00,	0.00,	0.00,
214,	FBGA-96UEF  ,	ABU096EF2001A       ,	096EFBU001               ,	0.00,	10.00,	38.22,	0.00,	0.00,	0.00,
215,	STBGA168DEU ,	ABU168XI2001A       ,	168XIBU002               ,	0.00,	0.00,	0.00,	0.00,	0.00,	0.00,
216,	MBGA24J4U   ,	ABU024MAA007A       ,	024MAVG026               ,	0.00,	0.00,	0.00,	0.00,	0.00,	0.00,
217,	FBGA-78UEP  ,	AMS078EP1001A       ,	078EPMS003               ,	0.00,	0.00,	0.00,	0.00,	0.00,	0.00,
218,	FBGA-78U9   ,	AMS078C93001B       ,	078U9MS017               ,	0.00,	6.65,	87.93,	0.00,	0.00,	6.72,
219,	MAT         ,	ENG                 ,	0008WAW065               ,	0.00,	0.00,	0.00,	0.00,	0.00,	0.00,
220,	MAT         ,	                    ,	0008WAW097               ,	0.00,	0.00,	0.00,	0.00,	0.00,	0.00,
221,	DFN-08Y62D  ,	AAW008Y62019A       ,	008Y6AW038               ,	0.00,	0.00,	15.04,	0.00,	0.00,	0.00,
222,	SSLGA16DOU  ,	AAW016D53004A       ,	016D5AW011               ,	68.67,	2.48,	109.89,	1.26,	0.00,	4.79,
223,	MINIBGA24A3L,	AAW024MA6005B       ,	024MAAW006               ,	0.20,	0.00,	0.00,	0.00,	0.00,	0.60,
224,	STBGA24D4U  ,	AAW024XJ4017A       ,	024XJAW049               ,	0.00,	0.00,	0.00,	0.00,	0.00,	0.00,
225,	TSOP1-48/48M,	AAW048TP1085A       ,	048TPAW199               ,	0.00,	0.00,	0.00,	0.00,	0.00,	0.00,
226,	MAT         ,	                    ,	0008WNV366               ,	0.00,	0.00,	0.00,	0.00,	0.00,	0.00,
227,	SMT         ,	ANV0086A1065A       ,	000SNV295                ,	0.00,	0.00,	0.00,	0.00,	0.00,	0.00,
228,	uSD08AQV    ,	ANV0086A1008A       ,	0086ANV114               ,	0.00,	0.00,	0.00,	0.00,	0.00,	0.00,
229,	uSD08AQV-C  ,	ANV0086A1081A       ,	0086ANV213               ,	0.00,	0.00,	0.00,	0.00,	0.00,	0.00,
230,	uSD08AQV-C  ,	ANV0086A1061A       ,	0086ANV215               ,	0.00,	0.00,	0.00,	0.00,	0.00,	0.00,
231,	uSD08AQV-C  ,	ANV0086A1106A       ,	0086ANV224               ,	0.00,	0.00,	0.00,	0.00,	0.00,	0.00,
232,	uSD08AQV-C  ,	ANV0086A1075A       ,	0086ANV229               ,	0.00,	0.00,	0.00,	0.00,	0.00,	0.00,
233,	STBGA153JAVT,	ANV153XT9069A       ,	153XTNV150               ,	0.00,	0.00,	0.00,	0.00,	0.00,	0.00,
234,	STBGA345NBC ,	ANV345XTG002A       ,	345XTNV080               ,	0.00,	0.00,	0.00,	0.00,	0.00,	0.00,
235,	WLCSP       ,	                    ,	000IAAB002               ,	0.00,	0.00,	0.00,	0.00,	0.00,	0.00,
236,	DFN-08YB2G  ,	AAB008YB2016A       ,	008YBAB027               ,	0.00,	0.00,	0.00,	0.00,	0.00,	0.00,
237,	DFN-08YQ2A  ,	AAB008YQ2038A       ,	008YQAB088               ,	0.00,	0.00,	0.00,	0.00,	0.00,	0.00,
238,	STDFN-08YQ2A,	AAB008YQ2043A       ,	008YQAB091               ,	0.00,	0.00,	0.00,	0.00,	0.00,	0.00,
239,	STDFN08YQ3AW,	AAB008YQ3013A       ,	008YQAB113               ,	0.00,	0.00,	3.29,	0.00,	0.00,	0.00,
240,	VFBGA60B4L  ,	AAB060NR1006A       ,	060NRAB010               ,	0.00,	0.00,	0.00,	0.00,	0.00,	0.00,
241,	VFBGA60B4U  ,	AAB060NR2004A       ,	060NRAB028               ,	0.00,	0.00,	0.00,	0.00,	0.00,	0.00,
242,	FBGA-84UC2H ,	AAB084CC9005A       ,	084UCAB032               ,	0.00,	0.00,	0.00,	0.00,	0.00,	0.00,
243,	VFBGA90B4U  ,	AAB090NC7001A       ,	090NCAB030               ,	0.00,	0.00,	0.00,	0.00,	0.00,	0.00,
244,	VFBGA134BFU ,	AAB134N94001A       ,	134N9AB006               ,	0.00,	0.00,	0.00,	0.00,	0.00,	0.00,
245,	WLCSP       ,	                    ,	000IABW045               ,	0.00,	0.00,	0.00,	0.00,	0.00,	0.00,
246,	WLCSP       ,	                    ,	000IABW053               ,	0.00,	0.00,	0.00,	0.00,	0.00,	0.00,
247,	WLCSP       ,	                    ,	000IABW094               ,	0.00,	0.00,	0.00,	0.00,	0.00,	0.00,
248,	WLCSP       ,	ENG                 ,	000IABW109               ,	0.00,	0.00,	0.00,	0.00,	0.00,	0.00,
249,	WLCSP       ,	                    ,	000IABW144               ,	0.00,	0.00,	0.00,	0.00,	0.00,	0.00,
250,	uSD08AQV-C  ,	AZA0086A1007A       ,	0086AZA041               ,	0.00,	0.00,	0.00,	0.00,	0.00,	0.00,
251,	uSD08AQV-C  ,	AZA0086A1032A       ,	0086AZA043               ,	0.00,	0.00,	0.00,	0.00,	0.00,	0.00,
252,	MAT         ,	,	0008WSMT001              ,	0.00,	0.00,	0.00,	0.00,	0.00,	0.00,
253,	FCQFN-08OK2D,	ANI008OK2001A       ,	008OKNI039               ,	0.00,	0.00,	0.00,	0.00,	0.00,	0.00,
254,	FCQFN-08OK2D,	ANI008OK2001A       ,	008OKNI046               ,	0.00,	0.00,	0.00,	0.00,	0.00,	0.00,
255,	FCQFN-08OK2D,	ANI008OK2001A       ,	008OKNI064               ,	0.00,	0.00,	0.00,	0.00,	0.00,	0.00,
256,	FCQFN-08OK2D,	ANI008OK2001A       ,	008OKNI075               ,	0.00,	0.00,	0.00,	0.00,	0.00,	0.00,
257,	FCQFN-08OK2D,	ANI008OK2001A       ,	008OKNI098               ,	0.00,	0.00,	0.00,	0.00,	0.00,	0.00,
258,	FCQFN-08OK2D,	ANI008OK2001A       ,	008OKNI100               ,	0.00,	0.00,	0.00,	0.00,	0.00,	0.00,
259,	DFN-08YK2A  ,	ANI008YK3002A       ,	008YKNI092               ,	0.00,	0.00,	0.00,	0.00,	0.00,	0.00,
260,	FCQFN-12Y32D,	ANI012Y32002D       ,	012Y3NI071               ,	0.00,	0.00,	0.00,	0.00,	0.00,	0.00,
261,	FCQFN-12Y32D,	ANI012Y32001B       ,	012Y3NI086               ,	0.00,	0.00,	0.00,	0.00,	0.00,	0.00,
262,	FCQFN-12Y32D,	ANI012Y32001B       ,	012Y3NI132               ,	0.00,	0.00,	0.00,	0.00,	0.00,	0.00,
263,	FCQFN-12Y32D,	ANI012Y32002D       ,	012Y3NI134               ,	0.00,	0.00,	0.00,	0.00,	0.00,	0.00,
264,	FCQFN-12Y32D,	ANI012Y32001B       ,	012Y3NI151               ,	0.00,	0.00,	0.00,	0.00,	0.00,	0.00,
265,	FCQFN-12Y32D,	ANI012Y32001B       ,	012Y3NI188               ,	0.00,	0.00,	0.00,	0.00,	0.00,	0.00,
266,	FCQFN-12Y32D,	ANI012Y32001B       ,	012Y3NI214               ,	0.00,	0.00,	0.00,	0.00,	0.00,	0.00,
267,	FCQFN-12Y32D,	ANI012Y32001B       ,	012Y3NI230               ,	0.00,	0.00,	0.00,	0.00,	0.00,	0.00,
268,	FCQFN-12Y32D,	ANI012Y32002D       ,	012Y3NI235               ,	0.00,	0.00,	0.00,	0.00,	0.00,	0.00,
269,	FCQFN-14OA2D,	ANI014OA1001C       ,	014OANI061               ,	0.00,	0.00,	0.00,	0.00,	0.00,	0.00,
270,	FCQFN-14OA2D,	ANI014OA1001C       ,	014OANI067               ,	0.00,	0.00,	0.00,	0.00,	0.00,	0.00,
271,	FCQFN-14OL2D,	ANI014OL1001C       ,	014OLNI044               ,	0.00,	0.00,	0.00,	0.00,	0.00,	0.00,
272,	FCQFN-14OL2D,	ANI014OL1001C       ,	014OLNI062               ,	0.00,	0.00,	0.00,	0.00,	0.00,	0.00,
273,	QFN-20YU2D  ,	ANI020YU1005C       ,	020YUNI075               ,	0.00,	0.00,	0.00,	0.00,	0.00,	0.00,
274,	QFN-20YU2D  ,	ANI020YU1002B       ,	020YUNI119               ,	0.00,	0.00,	0.00,	0.00,	0.00,	0.00,
275,	QFN-20YU2D  ,	ANI020YU1002B       ,	020YUNI174               ,	0.00,	0.00,	0.00,	0.00,	0.00,	0.00,
276,	QFN-20YU2D  ,	ANI020YU1002B       ,	020YUNI203               ,	0.00,	0.00,	0.00,	0.00,	0.00,	0.00,
277,	QFN-20YU2D  ,	ANI020YU1002B       ,	020YUNI209               ,	0.00,	0.00,	0.00,	0.00,	0.00,	0.00,
278,	QFN-20YU2D  ,	ANI020YU1001M       ,	020YUNI242               ,	0.00,	0.00,	0.00,	0.00,	0.00,	0.00,
279,	QFN-20YU2D  ,	ANI020YU1002B       ,	020YUNI246               ,	0.00,	0.00,	0.00,	0.00,	0.00,	0.00,
280,	QFN-20YU2D  ,	ANI020YU1002B       ,	020YUNI256               ,	0.00,	0.00,	0.00,	0.00,	0.00,	0.00,
281,	QFN-20YU2D  ,	ANI020YU1002B       ,	020YUNI275               ,	0.00,	0.00,	0.00,	0.00,	0.00,	0.00,
282,	QFN-20YU2D  ,	ANI020YU1002B       ,	020YUNI311               ,	0.00,	0.00,	0.00,	0.00,	0.00,	0.00,
283,	QFN-20YU2D  ,	ANI020YU1002B       ,	020YUNI333               ,	0.00,	0.00,	0.00,	0.00,	0.00,	0.00,
284,	QFN-20YU2D  ,	ANI020YU1002B       ,	020YUNI341               ,	0.00,	0.00,	0.00,	0.00,	0.00,	0.00,
285,	QFN-20YU2D  ,	ANI020YU1002B       ,	020YUNI410               ,	0.00,	0.00,	0.00,	0.00,	0.00,	0.00,
286,	FPSSLGA28N6V,	AHQ0282J2006B       ,	0282JHQ035               ,	0.00,	0.00,	0.00,	0.00,	0.00,	0.00,
287,	TSOP1-56/56S,	AAW056TH1022A       ,	056THCM130ENG            ,	0.00,	0.00,	0.00,	0.00,	0.00,	0.00,
288,	QFN-64AE1   ,	ABW064AE1005A       ,	064AECM057ENG            ,	0.00,	0.00,	0.00,	0.00,	0.00,	0.00,
289,	FBGA-96UEL  ,	AAS096EL1009B       ,	096ELCME15ENG            ,	0.00,	0.00,	0.00,	0.00,	0.00,	0.00,
290,	MBGA132G4VT ,	ANV132X2C075A       ,	132X2CME63ENG            ,	0.00,	0.00,	0.00,	0.00,	0.00,	0.00,
291,	QFN132Y23FW ,	ATO132Y23001A       ,	132Y2CM001ENG            ,	0.00,	0.00,	0.00,	0.00,	0.00,	0.00,
292,	SSBGA153JAVT,	AAS153XT9018A       ,	153XTCME014ENG           ,	0.00,	0.00,	0.00,	0.00,	0.00,	0.00,
293,	STBGA162B4U ,	AAS162KE1016A       ,	162KECME21ENG            ,	0.00,	0.00,	0.00,	0.00,	0.00,	0.00,
294,	MAT         ,	                    ,	0008WAS112               ,	0.00,	0.00,	0.00,	0.00,	0.00,	0.00,
295,	FBGA-84UC   ,	AAS084CC2023A       ,	084UCAS108               ,	0.00,	0.00,	0.00,	0.00,	0.00,	0.00,
296,	MAT         ,	                    ,	0008WVE008               ,	0.00,	0.00,	0.00,	0.00,	0.00,	0.00,
297,	MAT         ,	ENG                 ,	0008WVE041               ,	0.00,	0.00,	0.00,	0.00,	0.00,	0.00,
298,	STBGA48P4L  ,	AVE048XZ3001A       ,	048XZVE005               ,	0.00,	0.00,	0.00,	0.00,	0.00,	0.00,
299,	STBGA48P4L  ,	AVE048XZ3007A       ,	048XZVE007               ,	0.00,	0.00,	0.00,	0.00,	0.00,	2.17,
300,	VFBGA90B4L  ,	ABU090NC8003B       ,	090NCBU016               ,	0.00,	0.00,	0.00,	0.00,	0.00,	0.00,
301,	FBGA-96LEA  ,	ABU096EA1003A       ,	096EABU007               ,	0.00,	0.00,	0.00,	0.00,	0.00,	0.00,
302,	DFN-08Y62D  ,	ABU008Y62005A       ,	008Y6VG011               ,	0.00,	0.00,	0.00,	0.00,	0.00,	0.00,
303,	DFN-08YM2D  ,	ABU008YM2008A       ,	008YMVG008               ,	0.00,	0.00,	0.00,	0.00,	0.00,	0.00,
304,	MBGA24J4U   ,	ABU024MA6005A       ,	024MAVG002               ,	0.00,	0.00,	0.00,	0.00,	0.00,	0.00,
305,	MINIBGA24J4U,	ABU024MA6008A       ,	024MAVG008               ,	0.00,	0.00,	0.00,	0.00,	0.00,	0.00,
306,	VFBGA64B4U  ,	ABU064RK1003A       ,	064RKVG003               ,	0.00,	0.00,	0.00,	0.00,	0.00,	0.00,
307,	SSLGA16DOU  ,	AOK016D53002A       ,	016D5OK004               ,	0.00,	0.00,	0.00,	0.00,	0.00,	0.00,
308,	MAT         ,	ENG                 ,	0008WAW056               ,	0.00,	0.00,	0.00,	0.00,	0.00,	0.00,
309,	TSOP1-56/56S,	AAW056TH1022A       ,	056THAW029               ,	0.00,	0.00,	0.00,	0.00,	0.00,	0.00,
310,	SMT         ,	ANV345XTB016A       ,	000SNV332                ,	0.00,	0.00,	0.00,	0.00,	0.00,	0.00,
311,	uSD08AQV-C  ,	ANV0086A1081A       ,	0086ANV214               ,	0.00,	0.00,	0.00,	0.00,	0.00,	0.00,
312,	TSOP1-48MR2 ,	ANV048TR2008B       ,	048TRNV056               ,	0.00,	0.00,	0.00,	0.00,	0.00,	0.00,
313,	TSOP1-48MR-C,	ANV048TR2033A       ,	048TRNV091               ,	0.00,	0.00,	0.00,	0.00,	0.00,	0.00,
314,	SSBGA132G4VT,	ANV132X2C049A       ,	132X2NV170               ,	0.00,	0.00,	0.00,	0.00,	0.00,	0.00,
315,	DFN-08YB2G  ,	AAB008YB2005A       ,	008YBAB011               ,	0.00,	0.00,	26.59,	0.00,	0.00,	0.00,
316,	STDFN08YD4AW,	AAB008YD4004A       ,	008YDAB031               ,	0.00,	0.00,	23.26,	0.00,	0.00,	0.00,
317,	DFN-08YM2D  ,	AAB008YM2018A       ,	008YMAB068               ,	0.00,	0.00,	0.00,	0.00,	0.00,	0.00,
318,	FBGA96UEF3-2,	AAB096EF3001A       ,	096EFAB009               ,	0.00,	0.00,	29.44,	0.00,	0.00,	0.00,
319,	STBGA252G4V ,	AGJ252X02001A       ,	252X0GJ004               ,	0.00,	0.00,	29.86,	2.24,	0.00,	0.00,
320,	STBGA252C4V ,	AGJ252X20003A       ,	252X2GJ006               ,	0.00,	0.00,	0.00,	0.00,	0.00,	0.00,
321,	WLCSP       ,	ENG                 ,	000IABW020               ,	0.00,	0.00,	0.00,	0.00,	0.00,	0.00,
322,	WLCSP       ,	ENG                 ,	000IABW032               ,	0.00,	0.00,	0.00,	0.00,	0.00,	0.00,
323,	WLCSP       ,	ENG                 ,	000IABW040               ,	0.00,	0.00,	0.00,	0.00,	0.00,	0.00,
324,	WLCSP-WAFER ,	                    ,	000IABW124               ,	0.00,	0.00,	0.00,	0.00,	0.00,	0.00,
325,	QFN-32YF1A  ,	ABW032YF1012A       ,	032YFBW027               ,	0.00,	0.00,	42.22,	0.00,	0.00,	11.41,
326,	QFN-48AC1   ,	ABW048AC1012A       ,	048ACBW048               ,	0.00,	0.00,	0.00,	0.00,	0.00,	0.00,
327,	QFN-64AE1   ,	ABW064AE1008A       ,	064AEBW035               ,	20.91,	2.16,	0.00,	0.00,	0.00,	6.48,
328,	TSOP2-54CME ,	ACS054TS1006A       ,	054TSCS009               ,	0.00,	0.00,	0.00,	0.00,	0.00,	0.00,
329,	MAT         ,	,	0008WDAE001              ,	0.00,	0.00,	0.00,	0.00,	0.00,	0.00,
330,	MAT         ,	,	0008WDAF001              ,	0.00,	0.00,	0.00,	0.00,	0.00,	0.00,
331,	FCQFN-08OK2D,	ANI008OK2001A       ,	008OKNI042               ,	0.00,	0.00,	0.00,	0.00,	0.00,	0.00,
332,	FCQFN-08OK2D,	ANI008OK2001A       ,	008OKNI071               ,	0.00,	0.00,	0.00,	0.00,	0.00,	0.00,
333,	FCDFN-08Y72D,	ANI008Y71001C       ,	008Y7NI029               ,	0.00,	0.00,	0.00,	0.00,	0.00,	0.00,
334,	FCDFN-08YZ2A,	ANI008YZ1001D       ,	008YZNI040               ,	0.00,	0.00,	0.00,	0.00,	0.00,	0.00,
335,	FCDFN-09YZ2A,	ANI009YZ1001A       ,	009YZNI012               ,	0.00,	0.00,	0.00,	0.00,	0.00,	0.00,
336,	FCQFN-12Y32D,	ANI012Y32002D       ,	012Y3NI148               ,	0.00,	0.00,	0.00,	0.00,	0.00,	0.00,
337,	FCQFN-12Y32D,	ANI012Y32002D       ,	012Y3NI150               ,	0.00,	0.00,	0.00,	0.00,	0.00,	0.00,
338,	FCQFN-12Y32D,	ANI012Y32001B       ,	012Y3NI154               ,	0.00,	0.00,	0.00,	0.00,	0.00,	0.00,
339,	FCQFN-12Y32D,	ANI012Y32002D       ,	012Y3NI179               ,	0.00,	0.00,	0.00,	0.00,	0.00,	0.00,
340,	FCQFN-12Y32D,	ANI012Y32002D       ,	012Y3NI181               ,	0.00,	0.00,	0.00,	0.00,	0.00,	0.00,
341,	FCQFN-12Y32D,	ANI012Y32001B       ,	012Y3NI215               ,	0.00,	0.00,	0.00,	0.00,	0.00,	0.00,
342,	FCQFN-14OL2D,	ANI014OL1001C       ,	014OLNI046               ,	0.00,	0.00,	0.00,	0.00,	0.00,	0.00,
343,	FCQFN-14OL2D,	ANI014OL1001C       ,	014OLNI057               ,	0.00,	0.00,	0.00,	0.00,	0.00,	0.00,
344,	FCQFN-16OF2D,	ANI016OF2003A       ,	016OFNI035               ,	0.00,	0.00,	0.00,	0.00,	0.00,	0.00,
345,	QFN-20YU2D  ,	ANI020YU1005C       ,	020YUNI095               ,	0.00,	0.00,	0.00,	0.00,	0.00,	0.00,
346,	QFN-20YU2D  ,	ANI020YU1002B       ,	020YUNI123               ,	0.00,	0.00,	0.00,	0.00,	0.00,	0.00,
347,	QFN-20YU2D  ,	ANI020YU1001M       ,	020YUNI163               ,	0.00,	0.00,	0.00,	0.00,	0.00,	0.00,
348,	QFN-20YU2D  ,	ANI020YU1002B       ,	020YUNI175               ,	0.00,	0.00,	0.00,	0.00,	0.00,	0.00,
349,	QFN-20YU2D  ,	ANI020YU1002B       ,	020YUNI178               ,	0.00,	0.00,	0.00,	0.00,	0.00,	0.00,
350,	QFN-20YU2D  ,	ANI020YU1002B       ,	020YUNI202               ,	0.00,	0.00,	0.00,	0.00,	0.00,	0.00,
351,	QFN-20YU2D  ,	ANI020YU1002B       ,	020YUNI207               ,	0.00,	0.00,	0.00,	0.00,	0.00,	0.00,
352,	QFN-20YU2D  ,	ANI020YU1002B       ,	020YUNI224               ,	0.00,	0.00,	0.00,	0.00,	0.00,	0.00,
353,	QFN-20YU2D  ,	ANI020YU1001M       ,	020YUNI228               ,	0.00,	0.00,	0.00,	0.00,	0.00,	0.00,
354,	QFN-20YU2D  ,	ANI020YU1002B       ,	020YUNI248               ,	0.00,	0.00,	0.00,	0.00,	0.00,	0.00,
355,	QFN-20YU2D  ,	ANI020YU1002B       ,	020YUNI295               ,	0.00,	0.00,	0.00,	0.00,	0.00,	0.00,
356,	QFN-20YU2D  ,	ANI020YU1002B       ,	020YUNI309               ,	0.00,	0.00,	0.00,	0.00,	0.00,	0.00,
357,	QFN-20YU2D  ,	ANI020YU1005C       ,	020YUNI385               ,	0.00,	0.00,	0.00,	0.00,	0.00,	0.00,
358,	QFN-20YU2D  ,	ANI020YU1005C       ,	020YUNI387               ,	0.00,	0.00,	0.00,	0.00,	0.00,	0.00,
359,	WLCSP       ,	                    ,	000IAHQ011               ,	0.00,	0.00,	0.00,	0.00,	0.00,	0.00,
360,	FPSLGA22AR5P,	AHQ0225H1001A       ,	0225HHQ005               ,	0.00,	0.00,	0.00,	0.00,	0.00,	0.00,
361,	DFN-08YD4AW ,	AAB008YD4003A       ,	008YDCME29ENG            ,	0.00,	0.00,	0.00,	0.00,	0.00,	0.00,
362,	STDFN08YQ3AW,	AAB008YQ3004A       ,	008YQCME58               ,	0.00,	0.00,	0.00,	0.00,	0.00,	0.00,
363,	FPSLGA22O5V ,	AHQ0223R1001B       ,	0223RCM006ENG            ,	0.00,	0.00,	0.00,	0.00,	0.00,	0.00,
364,	MBGA24J3U   ,	AAB024MA6021A       ,	024MACM137ENG            ,	0.00,	0.00,	0.00,	0.00,	0.00,	0.00,
365,	TSOP1-48MR  ,	ANV048TR2070A       ,	048TRCM063ENG            ,	0.00,	0.00,	0.00,	0.00,	0.00,	0.00,
366,	TSOP2-54ME  ,	ACS054TN1004A       ,	054TNCM106ENG            ,	0.00,	0.00,	0.00,	0.00,	0.00,	0.00,
367,	QFN88Y23AW  ,	AMF088Y23001A       ,	088Y2CM003ENG            ,	0.00,	0.00,	0.00,	0.00,	0.00,	0.00,
368,	FBGAS-96UEF7,	ABU096EF5001A       ,	096EFCM071ENG            ,	0.00,	0.00,	0.00,	0.00,	0.00,	0.00,
369,	STBGA345UBC ,	ANV345XTA010A       ,	345XTCM032ENG            ,	0.00,	0.00,	0.00,	0.00,	0.00,	0.00,
370,	DFN-08Y62DW ,	AAS008Y62012A       ,	008Y6AS009               ,	0.00,	0.00,	0.00,	0.00,	0.00,	0.00,
371,	DFN-08YM2G  ,	AAS008YM2020A       ,	008YMAS056               ,	0.00,	0.00,	0.00,	0.00,	0.00,	0.00,
372,	MAT         ,	ENG                 ,	0008WVE002               ,	0.00,	0.00,	0.00,	0.00,	0.00,	0.00,
373,	WLCSP       ,	                    ,	000IAQR036               ,	0.00,	0.00,	0.00,	0.00,	0.00,	0.00,
374,	SSBGA153JAU ,	ASS153XT3001A       ,	153XTSS004               ,	0.00,	0.00,	0.00,	0.00,	0.00,	0.00,
375,	STBGA153JAU ,	ASS153XT3003A       ,	153XTSS005               ,	0.00,	0.00,	0.00,	0.00,	0.00,	0.00,
376,	MINIBGA54J4U,	ABU054MF6001A       ,	054MFBU009               ,	0.00,	0.00,	0.00,	0.00,	0.00,	0.00,
377,	FBGA-78LEA  ,	ABU078EA1001A       ,	078EABU001               ,	0.00,	0.00,	10.80,	0.00,	0.00,	0.00,
378,	STBGA84D4P  ,	ABU084XU2001B       ,	084XUBU007               ,	0.00,	0.00,	4.71,	0.00,	0.00,	0.00,
379,	TSOP2-86E   ,	ABU086TA1007A       ,	086TABU026               ,	0.00,	0.00,	0.00,	0.00,	0.00,	0.00,
380,	QFN-72AF1   ,	AQH072AF1001A       ,	072AFQH001               ,	0.00,	0.00,	0.00,	0.00,	0.00,	0.00,
381,	TSOP1-48AM  ,	AMS048TW1046A       ,	048TWMS087               ,	0.00,	0.00,	0.00,	0.00,	0.00,	0.00,
382,	FBGA-78U9   ,	AMS078C91003A       ,	078U9MS012               ,	0.00,	0.00,	0.00,	0.00,	0.00,	0.00,
383,	MAT         ,	                    ,	0008WAW086               ,	0.00,	0.00,	0.00,	0.00,	0.00,	0.00,
384,	MAT         ,	                    ,	0008WAW157               ,	0.00,	0.00,	0.00,	0.00,	0.00,	0.00,
385,	MINIBGA24A4L,	AAW024MA6027C       ,	024MAAW051               ,	0.00,	0.00,	0.00,	0.00,	0.00,	0.00,
386,	MINIBGA24A3L,	AAW024MA6045A       ,	024MAAW079               ,	0.00,	0.00,	0.00,	0.00,	0.00,	0.00,
387,	STBGA24A4L  ,	AAW024XJ6010B       ,	024XJAW020               ,	0.00,	0.00,	13.35,	0.00,	0.00,	0.00,
388,	MBGA64J4U   ,	AAW064MR1012A       ,	064MRAW035               ,	0.00,	0.00,	0.00,	0.00,	0.00,	0.00,
389,	MAT         ,	                    ,	0008WNV448               ,	0.00,	0.00,	0.00,	0.00,	0.00,	0.00,
390,	MAT         ,	                    ,	0008WNV489               ,	0.00,	0.00,	0.00,	0.00,	0.00,	0.00,
391,	MAT         ,	                    ,	0008WNV501               ,	0.00,	0.00,	0.00,	0.00,	0.00,	0.00,
392,	SMT         ,	ANV153XT8010A       ,	000SNV187                ,	0.00,	0.00,	0.00,	0.00,	0.00,	0.00,
393,	SMT         ,	ANV0086A1032A       ,	000SNV294                ,	0.00,	0.00,	0.00,	0.00,	0.00,	0.00,
394,	uSD08AQV-C  ,	ANV0086A1069A       ,	0086ANV208               ,	0.00,	0.00,	0.00,	0.00,	0.00,	0.00,
395,	TSOP1-48MR-C,	ANV048TR2009A       ,	048TRNV039               ,	0.00,	0.00,	0.00,	0.00,	0.00,	0.00,
396,	TSOP1-48MR-C,	ANV048TR2025A       ,	048TRNV077               ,	0.00,	0.00,	0.00,	0.00,	0.00,	0.00,
397,	STBGA132G4VT,	ANV132X2C059A       ,	132X2NV158               ,	3.72,	0.00,	19.86,	0.00,	0.00,	0.00,
398,	STBGA132G4VT,	ANV132X2C009A       ,	132X2NV213               ,	0.00,	0.00,	0.00,	0.00,	0.00,	0.00,
399,	SSBGA153HEV ,	ANV153XT8008A       ,	153XTNV065               ,	0.00,	0.00,	0.00,	0.00,	0.00,	0.00,
400,	SSBGA153JAVT,	ANV153XT9071A       ,	153XTNV148               ,	0.00,	0.00,	0.00,	0.00,	0.00,	0.00,
401,	STBGA345SBC ,	ANV345XTB029A       ,	345XTNV086               ,	0.00,	0.00,	0.00,	0.00,	0.00,	0.00,
402,	WLCSP       ,	ENG                 ,	000IAVT001               ,	0.00,	0.00,	0.00,	0.00,	0.00,	0.00,
403,	TSOP1-48MR-C,	AEU048TR2004A       ,	048TREU027               ,	0.00,	0.00,	0.00,	0.00,	0.00,	0.00,
404,	DFN-08YM2D  ,	AAB008YM2020A       ,	008YMAB052               ,	0.00,	0.00,	0.00,	0.00,	0.00,	0.00,
405,	MBGA24J3U   ,	AAB024MAA005A       ,	024MAAB081               ,	0.00,	0.00,	0.00,	0.00,	0.00,	0.00,
406,	MBGA24J3U   ,	AAB024MA6021A       ,	024MAAB117               ,	0.00,	0.00,	0.00,	0.00,	0.00,	0.00,
407,	VFBGA90B4U  ,	AAB090NC7001A       ,	090NCAB017               ,	0.00,	0.00,	0.00,	0.00,	0.00,	0.00,
408,	FBGA96UEL(2),	AAB096EL1021A       ,	096ELAB051               ,	0.00,	0.00,	0.00,	0.00,	0.00,	0.00,
409,	VFBGA178JEU ,	AAB178NN2001A       ,	178NNAB002               ,	0.00,	0.00,	0.00,	0.00,	0.00,	0.00,
410,	WLCSP       ,	                    ,	000IABW072               ,	0.00,	0.00,	0.00,	0.00,	0.00,	0.00,
411,	WLCSP-WAFER ,	                    ,	000IABW091               ,	0.00,	0.00,	0.00,	0.00,	0.00,	0.00,
412,	WLCSP       ,	                    ,	000IABW123               ,	0.00,	0.00,	0.00,	0.00,	0.00,	0.00,
413,	uSD08AQV-C  ,	AZA0086A1007A       ,	0086AZA013               ,	0.00,	0.00,	0.00,	0.00,	0.00,	0.00,
414,	uSD08AQV-C  ,	AZA0086A1033A       ,	0086AZA044               ,	0.00,	0.00,	0.13,	0.00,	0.00,	0.00,
415,	FCQFN-08OK2D,	ANI008OK2001A       ,	008OKNI065               ,	0.00,	0.00,	0.00,	0.00,	0.00,	0.00,
416,	FCQFN-08OK2D,	ANI008OK2001A       ,	008OKNI087               ,	0.00,	0.00,	0.00,	0.00,	0.00,	0.00,
417,	FCQFN-08OK2D,	ANI008OK2001A       ,	008OKNI106               ,	0.00,	0.00,	0.00,	0.00,	0.00,	0.00,
418,	DFN-12Y12A  ,	ANI012Y11002C       ,	012Y1NI057               ,	0.00,	0.00,	0.00,	0.00,	0.00,	0.00,
419,	FCQFN-12Y32D,	ANI012Y32001B       ,	012Y3NI004               ,	238.07,	17.40,	0.00,	0.00,	0.00,	0.00,
420,	FCQFN-12Y32D,	ANI012Y32002D       ,	012Y3NI068               ,	0.00,	0.00,	0.00,	0.00,	0.00,	0.00,
421,	FCQFN-12Y32D,	ANI012Y32001B       ,	012Y3NI096               ,	0.00,	0.00,	0.00,	0.00,	0.00,	0.00,
422,	FCQFN-12Y32D,	ANI012Y32001B       ,	012Y3NI122               ,	0.00,	0.00,	0.00,	0.00,	0.00,	0.00,
423,	FCQFN-12Y32D,	ANI012Y32001B       ,	012Y3NI126               ,	0.00,	0.00,	0.00,	0.00,	0.00,	0.00,
424,	FCQFN-12Y32D,	ANI012Y32002D       ,	012Y3NI129               ,	0.00,	0.00,	0.00,	0.00,	0.00,	0.00,
425,	FCQFN-12Y32D,	ANI012Y32002D       ,	012Y3NI145               ,	0.00,	0.00,	0.00,	0.00,	0.00,	0.00,
426,	FCQFN-12Y32D,	ANI012Y32002D       ,	012Y3NI146               ,	0.00,	0.00,	0.00,	0.00,	0.00,	0.00,
427,	FCQFN-12Y32D,	ANI012Y32002D       ,	012Y3NI162               ,	0.00,	0.00,	0.00,	0.00,	0.00,	0.00,
428,	FCQFN-12Y32D,	ANI012Y32002D       ,	012Y3NI169               ,	0.00,	0.00,	0.00,	0.00,	0.00,	0.00,
429,	FCQFN-12Y32D,	ANI012Y32001B       ,	012Y3NI208               ,	0.00,	0.00,	0.00,	0.00,	0.00,	0.00,
430,	FCQFN-12Y32D,	ANI012Y32002D       ,	012Y3NI238               ,	0.00,	0.00,	0.00,	0.00,	0.00,	0.00,
431,	FCQFN-14OA2D,	ANI014OA1001C       ,	014OANI052               ,	0.00,	0.00,	0.00,	0.00,	0.00,	0.00,
432,	FCQFN-14OA2D,	ANI014OA1001C       ,	014OANI060               ,	0.00,	0.00,	0.00,	0.00,	0.00,	0.00,
433,	FCQFN-14OL2D,	ANI014OL1001C       ,	014OLNI029               ,	0.00,	0.00,	0.00,	0.00,	0.00,	0.00,
434,	FCQFN-14OL2D,	ANI014OL1001C       ,	014OLNI031               ,	0.00,	0.00,	0.00,	0.00,	0.00,	0.00,
435,	FCQFN-14OL2D,	ANI014OL1001C       ,	014OLNI042               ,	0.00,	0.00,	0.00,	0.00,	0.00,	0.00,
436,	FCQFN-16OF2D,	ANI016OF2001B       ,	016OFNI045               ,	0.00,	0.00,	0.00,	0.00,	0.00,	0.00,
437,	QFN-20YU2D  ,	ANI020YU1001M       ,	020YUNI101               ,	0.00,	0.00,	0.00,	0.00,	0.00,	0.00,
438,	QFN-20YU2D  ,	ANI020YU1002B       ,	020YUNI125               ,	0.00,	0.00,	0.00,	0.00,	0.00,	0.00,
439,	QFN-20YU2D  ,	ANI020YU1005C       ,	020YUNI156               ,	0.00,	0.00,	0.00,	0.00,	0.00,	0.00,
440,	QFN-20YU2D  ,	ANI020YU1001M       ,	020YUNI162               ,	0.00,	0.00,	0.00,	0.00,	0.00,	0.00,
441,	QFN-20YU2D  ,	ANI020YU1002B       ,	020YUNI250               ,	0.00,	0.00,	0.00,	0.00,	0.00,	0.00,
442,	QFN-20YU2D  ,	ANI020YU1002B       ,	020YUNI252               ,	0.00,	0.00,	0.00,	0.00,	0.00,	0.00,
443,	QFN-20YU2D  ,	ANI020YU1002B       ,	020YUNI274               ,	0.00,	0.00,	0.00,	0.00,	0.00,	0.00,
444,	QFN-20YU2D  ,	ANI020YU1002B       ,	020YUNI293               ,	0.00,	0.00,	0.00,	0.00,	0.00,	0.00,
445,	QFN-20YU2D  ,	ANI020YU1002B       ,	020YUNI306               ,	0.00,	0.00,	0.00,	0.00,	0.00,	0.00,
446,	QFN-20YU2D  ,	ANI020YU1001M       ,	020YUNI315               ,	0.00,	0.00,	0.00,	0.00,	0.00,	0.00,
447,	QFN-20YU2D  ,	ANI020YU1002B       ,	020YUNI348               ,	0.00,	0.00,	0.00,	0.00,	0.00,	0.00,
448,	QFN-20YU2D  ,	ANI020YU1002B       ,	020YUNI349               ,	0.00,	0.00,	0.00,	0.00,	0.00,	0.00,
449,	QFN-20YU2D  ,	ANI020YU1002B       ,	020YUNI352               ,	0.00,	0.00,	0.00,	0.00,	0.00,	0.00,
450,	QFN-20YU2D  ,	ANI020YU1002B       ,	020YUNI356               ,	0.00,	0.00,	0.00,	0.00,	0.00,	0.00,
451,	QFN-20YU2D  ,	ANI020YU1005C       ,	020YUNI368               ,	0.00,	0.00,	0.00,	0.00,	0.00,	0.00,
452,	MAT         ,	                    ,	0008WHQ168               ,	0.00,	0.00,	0.00,	0.00,	0.00,	0.00,
453,	FPSLGA28N6V ,	AHQ0282L3008A       ,	0282LHQ064               ,	0.00,	0.00,	0.00,	0.00,	0.00,	0.00,
454,	MAT         ,	                    ,	0008WCME502ENG           ,	0.00,	0.00,	0.00,	0.00,	0.00,	0.00,
455,	DFN-08YM2D  ,	ACM008YM2001A       ,	008YMCME59ENG            ,	0.00,	0.00,	0.00,	0.00,	0.00,	0.00,
456,	QFN-32YF1A  ,	ABW032YF1002B       ,	032YFCM022ENG            ,	0.00,	0.00,	0.00,	0.00,	0.00,	0.00,
457,	FBGA-96UEI  ,	AQB096EI1001A       ,	096EICME001ENG           ,	0.00,	0.00,	0.00,	0.00,	0.00,	0.00,
458,	STBGA132G4U ,	ANV132X2A022A       ,	132X2CM107ENG            ,	0.00,	0.00,	0.00,	0.00,	0.00,	0.00,
459,	VFBGA200BEP ,	ABU200N74005A       ,	200N7CM010ENG            ,	0.00,	0.00,	0.00,	0.00,	0.00,	0.00,
460,	STBGA345FBC ,	ANV345XTC011A       ,	345XTCM030ENG            ,	0.00,	0.00,	0.00,	0.00,	0.00,	0.00,
461,	WLCSP       ,	                    ,	000IAQR004               ,	0.00,	0.00,	0.00,	0.00,	0.00,	0.00,
462,	WLCSP       ,	                    ,	000IAQR014               ,	0.00,	0.00,	0.00,	0.00,	0.00,	0.00,
463,	MINIBGA54A4 ,	BU054MF1002A        ,	054MFBU004               ,	6.79,	0.00,	8.76,	0.00,	0.00,	11.63,
464,	FBGA-60U9(2),	ABU060C91001D       ,	060U9BU001               ,	0.00,	0.00,	0.00,	0.00,	0.00,	0.00,
465,	FBGA-78LEA  ,	ABU078EA1005A       ,	078EABU006               ,	0.00,	0.00,	0.00,	0.00,	0.00,	0.00,
466,	FBGAS-96UEF7,	ABU096EF5001A       ,	096EFBU003               ,	0.00,	0.00,	33.24,	0.00,	0.00,	0.00,
467,	DFN-08YD2A  ,	ABU008YD2005A       ,	008YDVG012               ,	0.00,	0.00,	0.00,	0.00,	0.00,	0.00,
468,	STBGA24D4U  ,	ABU024XJ8004A       ,	024XJVG008               ,	0.00,	0.00,	0.00,	0.00,	0.00,	0.00,
469,	STBGA153JAV ,	ABU153XT9013A       ,	153XTVG014               ,	0.00,	0.00,	0.00,	0.00,	0.00,	0.00,
470,	FCBGA85A3F  ,	AST085UO1001A       ,	085UOST002               ,	0.00,	0.00,	0.00,	0.00,	0.00,	0.00,
471,	TSOP1-48AM  ,	AMS048TW1058A       ,	048TWMS068               ,	0.00,	0.00,	0.00,	0.00,	0.00,	0.00,
472,	FBGA-96UEC  ,	AMS096EC1002A       ,	096ECMS003               ,	271.46,	0.00,	239.15,	0.00,	0.00,	22.26,
473,	MINIBGA24A3L,	AAW024MA6015B       ,	024MAAW028               ,	0.00,	0.00,	6.57,	0.00,	0.00,	0.00,
474,	MBGA24J3U   ,	AAW024MAA006A       ,	024MAAW083               ,	0.00,	0.00,	0.00,	0.00,	0.00,	0.00,
475,	SMT         ,	ANV0086A1106A       ,	000SNV411                ,	0.00,	0.00,	0.00,	0.00,	0.00,	0.00,
476,	STBGA132G4VT,	ANV132X2C034A       ,	132X2NV154               ,	0.00,	0.00,	0.00,	0.00,	0.00,	0.00,
477,	SSBGA132G4U ,	ANV132X2A023A       ,	132X2NV201               ,	0.00,	0.00,	0.00,	0.00,	0.00,	0.00,
478,	WLCSP       ,	                    ,	000IAVT005               ,	0.00,	0.00,	0.00,	0.00,	0.00,	0.00,
479,	DFN-08YB2G  ,	AAB008YB2007A       ,	008YBAB016               ,	10.33,	0.00,	128.89,	6.24,	0.00,	0.00,
480,	STDFN-08YQ2A,	AAB008YQ2019A       ,	008YQAB068               ,	15.79,	0.00,	0.00,	0.00,	0.00,	0.00,
481,	DFN-08YQ2A  ,	AAB008YQ2022A       ,	008YQAB072               ,	20.56,	0.00,	0.61,	0.00,	0.00,	0.00,
482,	DFN-08YQ3AW ,	AAB008YQ3001A       ,	008YQAB096               ,	0.00,	0.00,	0.00,	0.00,	0.00,	0.00,
483,	TSOP2-54ME  ,	AAB054TN1005A       ,	054TNAB041               ,	35.65,	0.00,	4.63,	0.00,	0.00,	0.00,
484,	STBGA192B4U ,	AQT192X85001C       ,	192X8QT002               ,	0.00,	0.00,	0.00,	0.00,	0.00,	0.00,
485,	uSD08AQV-C  ,	AZA0086A1033A       ,	0086AZA045               ,	0.00,	0.00,	0.00,	0.00,	0.00,	0.00,
486,	MAT         ,	,	0008WLF001               ,	0.00,	0.00,	0.00,	0.00,	0.00,	0.00,
487,	FCQFN-08OK2D,	ANI008OK2001A       ,	008OKNI044               ,	0.00,	0.00,	0.00,	0.00,	0.00,	0.00,
488,	FCQFN-08OK2D,	ANI008OK2001A       ,	008OKNI057               ,	0.00,	0.00,	0.00,	0.00,	0.00,	0.00,
489,	FCQFN-08OK2D,	ANI008OK2001A       ,	008OKNI061               ,	0.00,	0.00,	0.00,	0.00,	0.00,	0.00,
490,	FCQFN-08OK2D,	ANI008OK2001A       ,	008OKNI093               ,	0.00,	0.00,	0.00,	0.00,	0.00,	0.00,
491,	FCQFN-08OK2D,	ANI008OK2001A       ,	008OKNI102               ,	0.00,	0.00,	0.00,	0.00,	0.00,	0.00,
492,	FCQFN-08OK2D,	ANI008OK2001A       ,	008OKNI108               ,	0.00,	0.00,	0.00,	0.00,	0.00,	0.00,
493,	FCDFN-08YZ2A,	ANI008YZ1001D       ,	008YZNI035               ,	0.00,	0.00,	0.00,	0.00,	0.00,	0.00,
494,	FCDFN-09YZ2A,	ANI009YZ1001A       ,	009YZNI013               ,	0.00,	0.00,	0.00,	0.00,	0.00,	0.00,
495,	DFN-12Y12A  ,	ANI012Y11002C       ,	012Y1NI049               ,	0.00,	0.00,	0.00,	0.00,	0.00,	0.00,
496,	FCQFN-12Y32D,	ANI012Y32001B       ,	012Y3NI128               ,	0.00,	0.00,	0.00,	0.00,	0.00,	0.00,
497,	FCQFN-12Y32D,	ANI012Y32002D       ,	012Y3NI140               ,	0.00,	0.00,	0.00,	0.00,	0.00,	0.00,
498,	FCQFN-12Y32D,	ANI012Y32002D       ,	012Y3NI175               ,	0.00,	0.00,	0.00,	0.00,	0.00,	0.00,
499,	FCQFN-12Y32D,	ANI012Y32002D       ,	012Y3NI200               ,	0.00,	0.00,	0.00,	0.00,	0.00,	0.00,
500,	FCQFN-12Y32D,	ANI012Y32002D       ,	012Y3NI204               ,	0.00,	0.00,	0.00,	0.00,	0.00,	0.00,
501,	FCQFN-12Y32D,	ANI012Y32001B       ,	012Y3NI216               ,	0.00,	0.00,	0.00,	0.00,	0.00,	0.00,
502,	FCQFN-12Y32D,	ANI012Y32002D       ,	012Y3NI226               ,	0.00,	0.00,	0.00,	0.00,	0.00,	0.00,
503,	FCQFN-12Y32D,	ANI012Y32001B       ,	012Y3NI227               ,	0.00,	0.00,	0.00,	0.00,	0.00,	0.00,
504,	FCQFN-14OL2D,	ANI014OL1001C       ,	014OLNI048               ,	0.00,	0.00,	0.00,	0.00,	0.00,	0.00,
505,	QFN-20YU2D  ,	ANI020YU1001M       ,	020YUNI117               ,	0.00,	0.00,	0.00,	0.00,	0.00,	0.00,
506,	QFN-20YU2D  ,	ANI020YU1002B       ,	020YUNI136               ,	0.00,	0.00,	0.00,	0.00,	0.00,	0.00,
507,	QFN-20YU2D  ,	ANI020YU1001M       ,	020YUNI149               ,	0.00,	0.00,	0.00,	0.00,	0.00,	0.00,
508,	QFN-20YU2D  ,	ANI020YU1002B       ,	020YUNI169               ,	0.00,	0.00,	0.00,	0.00,	0.00,	0.00,
509,	QFN-20YU2D  ,	ANI020YU1002B       ,	020YUNI185               ,	0.00,	0.00,	0.00,	0.00,	0.00,	0.00,
510,	QFN-20YU2D  ,	ANI020YU1001M       ,	020YUNI265               ,	0.00,	0.00,	0.00,	0.00,	0.00,	0.00,
511,	QFN-20YU2D  ,	ANI020YU1001M       ,	020YUNI271               ,	0.00,	0.00,	0.00,	0.00,	0.00,	0.00,
512,	QFN-20YU2D  ,	ANI020YU1005C       ,	020YUNI289               ,	0.00,	0.00,	0.00,	0.00,	0.00,	0.00,
513,	QFN-20YU2D  ,	ANI020YU1002B       ,	020YUNI307               ,	0.00,	0.00,	0.00,	0.00,	0.00,	0.00,
514,	QFN-20YU2D  ,	ANI020YU1001M       ,	020YUNI314               ,	0.00,	0.00,	0.00,	0.00,	0.00,	0.00,
515,	QFN-20YU2D  ,	ANI020YU1001M       ,	020YUNI319               ,	0.00,	0.00,	0.00,	0.00,	0.00,	0.00,
516,	QFN-20YU2D  ,	ANI020YU1005C       ,	020YUNI339               ,	0.00,	0.00,	0.00,	0.00,	0.00,	0.00,
517,	QFN-20YU2D  ,	ANI020YU1002B       ,	020YUNI347               ,	0.00,	0.00,	0.00,	0.00,	0.00,	0.00,
518,	QFN-20YU2D  ,	ANI020YU1001M       ,	020YUNI394               ,	0.00,	0.00,	0.00,	0.00,	0.00,	0.00,
519,	QFN-20YU2D  ,	ANI020YU1001M       ,	020YUNI402               ,	0.00,	0.00,	0.00,	0.00,	0.00,	0.00,
520,	QFN-20YU2D  ,	ANI020YU1001M       ,	020YUNI404               ,	0.00,	0.00,	0.00,	0.00,	0.00,	0.00,
521,	MAT         ,	                    ,	0008WHQ181               ,	0.00,	0.00,	0.00,	0.00,	0.00,	0.00,
522,	MAT         ,	                    ,	0008WHQ259               ,	0.00,	0.00,	0.00,	0.00,	0.00,	0.00,
523,	FPSSLGA28N6V,	AHQ0282J2006B       ,	0282JHQ034               ,	0.00,	0.00,	0.00,	0.00,	0.00,	0.00,
524,	FPSTLGA44X4V,	AHQ0442J4004A       ,	0442JHQ038               ,	0.00,	0.00,	0.00,	0.00,	0.00,	0.00,
525,	WLCSP       ,	                    ,	000IACME239ENG           ,	0.00,	0.00,	0.00,	0.00,	0.00,	0.00,
526,	FPSTLGA44tBV,	AHQ0442J3003A       ,	0442JCM010ENG            ,	0.00,	0.00,	0.00,	0.00,	0.00,	0.00,
527,	FBGA-84UC(2),	ABU084CC2004B       ,	084UCCM137ENG            ,	0.00,	0.00,	0.00,	0.00,	0.00,	0.00,
528,	STBGA132G4VT,	ANV132X2C059A       ,	132X2CME67ENG            ,	0.00,	0.00,	0.00,	0.00,	0.00,	0.00,
529,	QFN132Y23FW ,	ATO132Y23001A       ,	132Y2CM002ENG            ,	0.00,	0.00,	0.00,	0.00,	0.00,	0.00,
530,	STBGA136QFV ,	AAS136XZ4001A       ,	136XZCME005ENG           ,	0.00,	0.00,	0.00,	0.00,	0.00,	0.00,
531,	SSBGA153JAVT,	ASS153XT9007A       ,	153XTCME011ENG           ,	0.00,	0.00,	0.00,	0.00,	0.00,	0.00,
532,	SSBGA153JAVT,	AAS153XT9018A       ,	153XTCME015ENG           ,	0.00,	0.00,	0.00,	0.00,	0.00,	0.00,
533,	TSOP2-54ME  ,	ACD054TN1001A       ,	054TNCD017               ,	38.92,	0.00,	66.42,	0.00,	0.00,	2.88,
534,	TSOP2-66ME  ,	CD066TA1007A        ,	066TNCD011               ,	0.00,	0.00,	0.00,	0.00,	0.00,	0.00,
535,	FBGA96UEL(2),	ACD096EL1003A       ,	096ELCD003               ,	0.00,	6.00,	73.73,	0.00,	0.00,	0.00,
536,	MAT         ,	                    ,	0008WVE009               ,	0.00,	0.00,	0.00,	0.00,	0.00,	0.00,
537,	TSOP1-48/48 ,	ABU048TG1002A       ,	048TGBU008               ,	0.00,	0.00,	0.00,	0.00,	0.00,	0.00,
538,	VFBGA200BEP ,	ABU200N74005A       ,	200N7BU028               ,	0.00,	0.00,	2.18,	0.00,	0.00,	0.00,
539,	DFN-08YD2A  ,	ABU008YD2002A       ,	008YDVG010               ,	0.00,	0.00,	0.00,	0.00,	0.00,	0.00,
540,	MBGA36Q3L   ,	AOK036RP1001A       ,	036RPOK001               ,	0.00,	0.00,	0.00,	0.00,	0.00,	0.00,
541,	TSOP1-48AM4 ,	AMS048TW1062A       ,	048TWMS077               ,	0.00,	0.00,	0.00,	0.00,	0.00,	0.00,
542,	FBGA-96UEF  ,	AMS096EF2001A       ,	096EFMS006               ,	0.00,	0.00,	0.00,	0.00,	0.00,	0.00,
543,	DFN-08Y62D  ,	AAW008Y62016A       ,	008Y6AW035               ,	0.00,	0.00,	16.64,	8.32,	0.00,	0.00,
544,	MINIBGA24A3L,	AAW024MA6013C       ,	024MAAW023               ,	110.87,	0.00,	0.00,	0.00,	0.00,	8.64,
545,	STBGA24A3L  ,	AAW024XJ6008B       ,	024XJAW014               ,	0.00,	0.00,	0.00,	0.00,	0.00,	0.00,
546,	TSOP1-48/M2 ,	AAW048TP1008B       ,	048TPAW103               ,	94.92,	0.72,	0.00,	0.00,	0.00,	0.00,
547,	MBGA64J4U   ,	AAW064MR1007A       ,	064MRAW028               ,	0.00,	0.00,	0.00,	0.00,	0.00,	0.00,
548,	uSD08AQV-C  ,	ANV0086A1075A       ,	0086ANV172               ,	0.00,	0.00,	0.00,	0.00,	0.00,	0.00,
549,	uSD08AQV-C  ,	ANV0086A1061A       ,	0086ANV216               ,	0.00,	0.00,	0.00,	0.00,	0.00,	0.00,
550,	uSD08AQV-C  ,	ANV0086A1081A       ,	0086ANV225               ,	0.00,	0.00,	0.00,	0.00,	0.00,	0.00,
551,	TSOP1-48MR-C,	ANV048TR2037A       ,	048TRNV088               ,	0.00,	0.00,	5.01,	0.00,	0.00,	0.00,
552,	TSOP1-48MR-C,	ANV048TR2053A       ,	048TRNV107               ,	0.00,	0.00,	0.00,	0.00,	0.00,	0.00,
553,	STBGA132G4VT,	ANV132X2C051A       ,	132X2NV145               ,	0.00,	0.00,	0.00,	0.00,	0.00,	0.00,
554,	FCCSP319A3G ,	ANV319UK1001A       ,	319UKNV002               ,	0.12,	0.00,	0.00,	0.00,	0.00,	0.00,
555,	WLCSP       ,	                    ,	000IAVT006               ,	0.00,	0.00,	0.00,	0.00,	0.00,	0.00,
556,	uSD08GEV    ,	AEU0086B1011A       ,	0086BEU017               ,	0.00,	0.00,	0.00,	0.00,	0.00,	0.00,
557,	DFN-08YB2G  ,	AAB008YB2004A       ,	008YBAB009               ,	16.42,	0.00,	0.00,	0.00,	0.00,	0.00,
558,	DFN-08YB2G  ,	AAB008YB2003A       ,	008YBAB012               ,	0.00,	0.00,	0.00,	0.00,	0.00,	0.00,
559,	DFN-08YD4AW ,	AAB008YD4003A       ,	008YDAB032               ,	0.00,	0.00,	0.00,	0.00,	0.00,	0.00,
560,	DFN-08YM2D  ,	AAB008YM2025A       ,	008YMAB072               ,	347.37,	0.00,	178.59,	0.00,	0.00,	0.00,
561,	MBGA24D6U   ,	AAB024MA6020A       ,	024MAAB053               ,	0.00,	0.00,	0.00,	2.80,	0.00,	0.00,
562,	MBGA24J3U   ,	AAB024MAA006A       ,	024MAAB084               ,	0.00,	0.00,	0.00,	0.00,	0.00,	0.00,
563,	TSOP2-54ME  ,	AAB054TN1002A       ,	054TNAB027               ,	37.43,	0.00,	0.00,	0.00,	0.00,	0.00,
564,	TSOP2-54ME  ,	AAB054TN1005A       ,	054TNAB036               ,	0.00,	0.00,	34.00,	2.88,	0.00,	5.76,
565,	TSOP2-54ME  ,	AAB054TN1004A       ,	054TNAB037               ,	0.00,	0.00,	54.53,	2.88,	0.00,	0.00,
566,	FBGA-84UC(2),	AYZ084CC2003A       ,	084UCYZ003               ,	0.00,	0.00,	0.00,	0.00,	0.00,	0.00,
567,	WLCSP       ,	ENG                 ,	000IABW031               ,	0.00,	0.00,	0.00,	0.00,	0.00,	0.00,
568,	WLCSP       ,	                    ,	000IABW058               ,	0.00,	0.00,	0.00,	0.00,	0.00,	0.00,
569,	WLCSP-WAFER ,	                    ,	000IABW080               ,	0.00,	0.00,	0.00,	0.00,	0.00,	0.00,
570,	WLCSP       ,	                    ,	000IABW108               ,	0.00,	0.00,	0.00,	0.00,	0.00,	0.00,
571,	WLCSP       ,	                    ,	000IABW115               ,	0.00,	0.00,	0.00,	0.00,	0.00,	0.00,
572,	QFN-36AB1   ,	ABW036AB1004A       ,	036ABBW009               ,	18.65,	0.00,	0.00,	0.00,	0.00,	6.40,
573,	uSD08AQV-C  ,	AZA0086A1016A       ,	0086AZA021               ,	0.00,	0.00,	0.00,	0.00,	0.00,	0.00,
574,	MAT         ,	,	0008WPRT005              ,	0.00,	0.00,	0.00,	0.00,	0.00,	0.00,
575,	FCQFN-08OK2D,	ANI008OK2001A       ,	008OKNI038               ,	0.00,	0.00,	0.00,	0.00,	0.00,	0.00,
576,	FCQFN-08OK2D,	ANI008OK2001A       ,	008OKNI043               ,	0.00,	0.00,	0.00,	0.00,	0.00,	0.00,
577,	FCQFN-08OK2D,	ANI008OK2001A       ,	008OKNI048               ,	0.00,	0.00,	0.00,	0.00,	0.00,	0.00,
578,	FCQFN-08OK2D,	ANI008OK2001A       ,	008OKNI110               ,	0.00,	0.00,	0.00,	0.00,	0.00,	0.00,
579,	FCDFN-08Y72D,	ANI008Y71001C       ,	008Y7NI035               ,	0.00,	0.00,	0.00,	0.00,	0.00,	0.00,
580,	FCDFN-08YZ2A,	ANI008YZ1001D       ,	008YZNI036               ,	0.00,	0.00,	0.00,	0.00,	0.00,	0.00,
581,	FCDFN-08YZ2A,	ANI008YZ1001D       ,	008YZNI039               ,	0.00,	0.00,	0.00,	0.00,	0.00,	0.00,
582,	QFN-10YK2A  ,	ANI010YK3005A       ,	010YKNI052               ,	0.00,	0.00,	0.00,	0.00,	0.00,	0.00,
583,	DFN-12Y12A  ,	ANI012Y11002C       ,	012Y1NI061               ,	0.00,	0.00,	0.00,	0.00,	0.00,	0.00,
584,	FCQFN-12Y32D,	ANI012Y32002D       ,	012Y3NI003               ,	0.00,	0.00,	0.00,	0.00,	0.00,	0.00,
585,	FCQFN-12Y32D,	ANI012Y32002D       ,	012Y3NI092               ,	0.00,	0.00,	0.00,	0.00,	0.00,	0.00,
586,	FCQFN-12Y32D,	ANI012Y32002D       ,	012Y3NI124               ,	0.00,	0.00,	0.00,	0.00,	0.00,	0.00,
587,	FCQFN-12Y32D,	ANI012Y32001B       ,	012Y3NI159               ,	0.00,	0.00,	0.00,	0.00,	0.00,	0.00,
588,	FCQFN-12Y32D,	ANI012Y32001B       ,	012Y3NI167               ,	0.00,	0.00,	0.00,	0.00,	0.00,	0.00,
589,	FCQFN-12Y32D,	ANI012Y32001B       ,	012Y3NI206               ,	0.00,	0.00,	0.00,	0.00,	0.00,	0.00,
590,	FCQFN-12Y32D,	ANI012Y32002D       ,	012Y3NI222               ,	0.00,	0.00,	0.00,	0.00,	0.00,	0.00,
591,	FCQFN-14OL2D,	ANI014OL1001C       ,	014OLNI034               ,	0.00,	0.00,	0.00,	0.00,	0.00,	0.00,
592,	FCQFN-14OL2D,	ANI014OL1001C       ,	014OLNI038               ,	0.00,	0.00,	0.00,	0.00,	0.00,	0.00,
593,	FCQFN-16OF2D,	ANI016OF2001B       ,	016OFNI032               ,	0.00,	0.00,	0.00,	0.00,	0.00,	0.00,
594,	QFN-20YU2D  ,	ANI020YU1001M       ,	020YUNI005               ,	0.00,	0.00,	0.00,	0.00,	0.00,	0.00,
595,	QFN-20YU2D  ,	ANI020YU1005C       ,	020YUNI024               ,	215.93,	0.00,	105.81,	0.00,	0.00,	0.00,
596,	QFN-20YU2D  ,	ANI020YU1005C       ,	020YUNI084               ,	0.00,	0.00,	0.00,	0.00,	0.00,	0.00,
597,	QFN-20YU2D  ,	ANI020YU1005C       ,	020YUNI109               ,	0.00,	0.00,	0.00,	0.00,	0.00,	0.00,
598,	QFN-20YU2D  ,	ANI020YU1005C       ,	020YUNI160               ,	0.00,	0.00,	0.00,	0.00,	0.00,	0.00,
599,	QFN-20YU2D  ,	ANI020YU1002B       ,	020YUNI181               ,	0.00,	0.00,	0.00,	0.00,	0.00,	0.00,
600,	QFN-20YU2D  ,	ANI020YU1002B       ,	020YUNI204               ,	0.00,	0.00,	0.00,	0.00,	0.00,	0.00,
601,	QFN-20YU2D  ,	ANI020YU1002B       ,	020YUNI221               ,	0.00,	0.00,	0.00,	0.00,	0.00,	0.00,
602,	QFN-20YU2D  ,	ANI020YU1001M       ,	020YUNI232               ,	0.00,	0.00,	0.00,	0.00,	0.00,	0.00,
603,	QFN-20YU2D  ,	ANI020YU1001M       ,	020YUNI234               ,	0.00,	0.00,	0.00,	0.00,	0.00,	0.00,
604,	QFN-20YU2D  ,	ANI020YU1002B       ,	020YUNI290               ,	0.00,	0.00,	0.00,	0.00,	0.00,	0.00,
605,	QFN-20YU2D  ,	ANI020YU1005C       ,	020YUNI313               ,	0.00,	0.00,	0.00,	0.00,	0.00,	0.00,
606,	QFN-20YU2D  ,	ANI020YU1005C       ,	020YUNI360               ,	0.00,	0.00,	0.00,	0.00,	0.00,	0.00,
607,	FPSTLGA44YBV,	AHQ0442J3008A       ,	0442JHQ033               ,	0.00,	0.00,	30.06,	0.00,	0.00,	0.00,
608,	WLCSP       ,	                    ,	000IACM233ENG            ,	0.00,	0.00,	0.00,	0.00,	0.00,	0.00,
609,	QFN88Y23AW  ,	AMF088Y23001A       ,	088Y2CME002ENG           ,	0.00,	0.00,	0.00,	0.00,	0.00,	0.00,
610,	FBGA96UEL(2),	ACD096EL1001A       ,	096ELCM041ENG            ,	0.00,	0.00,	0.00,	0.00,	0.00,	0.00,
611,	SSBGA153JAU ,	ASS153XT3001A       ,	153XTCM108ENG            ,	0.00,	0.00,	0.00,	0.00,	0.00,	0.00,
612,	STBGA153JAV ,	ABU153XT9005A       ,	153XTCM116ENG            ,	0.00,	0.00,	0.00,	0.00,	0.00,	0.00,
613,	SSBGA153JAVT,	ABU153XT9017A       ,	153XTCM127ENG            ,	0.00,	0.00,	0.00,	0.00,	0.00,	0.00,
614,	STBGA192B4U ,	AQT192X85001C       ,	192X8CM005ENG            ,	0.00,	0.00,	0.00,	0.00,	0.00,	0.00,
615,	MBGA54A2L   ,	ACD054MF2001A       ,	054MFCD002               ,	41.07,	0.00,	82.19,	0.00,	0.00,	0.00,
616,	DFN-08YD2A  ,	AAS008YD2026A       ,	008YDAS088               ,	0.00,	0.00,	0.00,	0.00,	0.00,	0.00,
617,	DFN-08YQ2AW ,	AAS008YQ2013A       ,	008YQAS034               ,	0.00,	0.00,	0.00,	0.00,	0.00,	0.00,
618,	MBGA48J2U   ,	AGA048MA7001A       ,	048MAGA037               ,	0.00,	0.00,	0.00,	0.00,	0.00,	0.00,
619,	WLCSP       ,	                    ,	000IAQR041               ,	0.00,	0.00,	0.00,	0.00,	0.00,	0.00,
620,	FBGA-84UC(2),	ABU084CC2004B       ,	084UCBU006               ,	0.00,	0.00,	0.00,	0.00,	0.00,	0.00,
621,	VFBGA64B4U  ,	ABU064RK1002A       ,	064RKVG001               ,	0.00,	0.00,	0.00,	0.00,	0.00,	0.00,
622,	TSOP1-48AM  ,	AMS048TW1053A       ,	048TWMS063               ,	0.00,	0.00,	0.00,	0.00,	0.00,	0.00,
623,	TSOP1-48AM  ,	AMS048TW1065A       ,	048TWMS080               ,	76.14,	0.00,	78.64,	0.00,	0.00,	0.00,
624,	MAT         ,	                    ,	0008WAW094               ,	0.00,	0.00,	0.00,	0.00,	0.00,	0.00,
625,	MAT         ,	                    ,	0008WAW135               ,	0.00,	0.00,	0.00,	0.00,	0.00,	0.00,
626,	DFN-08Y62D  ,	AAW008Y62013B       ,	008Y6AW040               ,	25.76,	0.00,	0.00,	0.00,	0.00,	0.00,
627,	SSLGA16DOU  ,	AAW016D53018A       ,	016D5AW049               ,	0.00,	0.00,	0.00,	0.00,	0.00,	0.00,
628,	STBGA24A3L  ,	AAW024XJ6014A       ,	024XJAW021               ,	0.00,	0.00,	0.00,	0.00,	0.00,	0.00,
629,	MAT         ,	                    ,	0008WNV450               ,	0.00,	0.00,	0.00,	0.00,	0.00,	0.00,
630,	SMT         ,	TDANV153XT8028A-A   ,	000SNV149                ,	0.00,	0.00,	0.00,	0.00,	0.00,	0.00,
631,	SSBGA132G4VT,	ANV132X2C057A       ,	132X2NV159               ,	0.00,	0.00,	0.00,	0.00,	0.00,	0.00,
632,	STBGA345UBC ,	ANV345XTA010A       ,	345XTNV066               ,	0.00,	0.00,	0.00,	0.00,	0.00,	0.00,
633,	STBGA252D4V ,	AEU252X02002A       ,	252X0EU004               ,	0.00,	0.00,	1.17,	0.00,	0.00,	0.00,
634,	QFN132Y23FW ,	ATO132Y23001A       ,	132Y2TO001               ,	0.00,	0.00,	0.00,	0.00,	0.00,	0.00,
635,	STDFN-08YD2A,	AAB008YD2009A       ,	008YDAB023               ,	0.00,	0.00,	2.83,	0.00,	0.00,	0.00,
636,	STDFN-08YQ2A,	AAB008YQ2023A       ,	008YQAB074               ,	0.00,	0.00,	0.00,	0.00,	0.00,	0.00,
637,	STDFN08YQ3AW,	AAB008YQ3021A       ,	008YQAB114               ,	0.00,	0.00,	41.65,	0.00,	0.00,	0.00,
638,	TSOP1-48AM  ,	AAB048TW2005A       ,	048TWAB014               ,	26.17,	2.16,	0.00,	0.00,	0.00,	10.80,
639,	VFBGA54B4   ,	AB054NB2002A        ,	054NBAB001               ,	0.00,	0.00,	0.00,	0.00,	0.00,	0.00,
640,	TSOP2-54CME ,	AAB054TS1004A       ,	054TSAB011               ,	0.00,	0.00,	0.00,	0.00,	0.00,	0.00,
641,	FBGA-84UC(2),	AYZ084CC2004B       ,	084UCYZ004               ,	0.00,	0.00,	0.00,	0.00,	0.00,	0.00,
642,	WLCSP       ,	ENG                 ,	000IABW015               ,	0.00,	0.00,	0.00,	0.00,	0.00,	0.00,
643,	WLCSP       ,	                    ,	000IABW056               ,	0.00,	0.00,	0.00,	0.00,	0.00,	0.00,
644,	uSD08AQV-C  ,	AZA0086A1026A       ,	0086AZA026               ,	0.00,	0.00,	0.00,	0.00,	0.00,	0.00,
645,	FCQFN-08OK2D,	ANI008OK2001A       ,	008OKNI031               ,	0.00,	0.00,	0.00,	0.00,	0.00,	0.00,
646,	FCQFN-08OK2D,	ANI008OK2001A       ,	008OKNI036               ,	0.00,	0.00,	0.00,	0.00,	0.00,	0.00,
647,	FCQFN-08OK2D,	ANI008OK2001A       ,	008OKNI041               ,	0.00,	0.00,	0.00,	0.00,	0.00,	0.00,
648,	FCQFN-08OK2D,	ANI008OK2001A       ,	008OKNI077               ,	0.00,	0.00,	0.00,	0.00,	0.00,	0.00,
649,	DFN-08YK2A  ,	ANI008YK1006A       ,	008YKNI084               ,	0.00,	0.00,	0.00,	0.00,	0.00,	0.00,
650,	DFN-08YK2A  ,	ANI008YK3002A       ,	008YKNI097               ,	0.00,	0.00,	0.00,	0.00,	0.00,	0.00,
651,	QFN-10YK2A  ,	ANI010YK3003A       ,	010YKNI043               ,	0.00,	0.00,	0.00,	0.00,	0.00,	0.00,
652,	QFN-10YK2A  ,	ANI010YK2001A       ,	010YKNI046               ,	0.00,	0.00,	0.00,	0.00,	0.00,	0.00,
653,	DFN-12Y12A  ,	ANI012Y11002C       ,	012Y1NI054               ,	0.00,	0.00,	0.00,	0.00,	0.00,	0.00,
654,	DFN-12Y12A  ,	ANI012Y11002C       ,	012Y1NI055               ,	0.00,	0.00,	0.00,	0.00,	0.00,	0.00,
655,	FCQFN-12Y32D,	ANI012Y32002D       ,	012Y3NI130               ,	0.00,	0.00,	0.00,	0.00,	0.00,	0.00,
656,	FCQFN-12Y32D,	ANI012Y32002D       ,	012Y3NI137               ,	0.00,	0.00,	0.00,	0.00,	0.00,	0.00,
657,	FCQFN-12Y32D,	ANI012Y32002D       ,	012Y3NI149               ,	0.00,	0.00,	0.00,	0.00,	0.00,	0.00,
658,	FCQFN-12Y32D,	ANI012Y32001B       ,	012Y3NI157               ,	0.00,	0.00,	0.00,	0.00,	0.00,	0.00,
659,	FCQFN-12Y32D,	ANI012Y32002D       ,	012Y3NI164               ,	0.00,	0.00,	0.00,	0.00,	0.00,	0.00,
660,	FCQFN-12Y32D,	ANI012Y32002D       ,	012Y3NI184               ,	0.00,	0.00,	0.00,	0.00,	0.00,	0.00,
661,	FCQFN-12Y32D,	ANI012Y32002D       ,	012Y3NI185               ,	0.00,	0.00,	0.00,	0.00,	0.00,	0.00,
662,	FCQFN-12Y32D,	ANI012Y32002D       ,	012Y3NI192               ,	0.00,	0.00,	0.00,	0.00,	0.00,	0.00,
663,	FCQFN-12Y32D,	ANI012Y32002D       ,	012Y3NI212               ,	0.00,	0.00,	0.00,	0.00,	0.00,	0.00,
664,	FCQFN-12Y32D,	ANI012Y32001B       ,	012Y3NI233               ,	0.00,	0.00,	0.00,	0.00,	0.00,	0.00,
665,	FCQFN-14OA2D,	ANI014OA1001C       ,	014OANI065               ,	0.00,	0.00,	0.00,	0.00,	0.00,	0.00,
666,	FCQFN-14OL2D,	ANI014OL1001C       ,	014OLNI028               ,	0.00,	0.00,	0.00,	0.00,	0.00,	0.00,
667,	FCQFN-14OL2D,	ANI014OL1001C       ,	014OLNI036               ,	0.00,	0.00,	0.00,	0.00,	0.00,	0.00,
668,	FCQFN-14OL2D,	ANI014OL1001C       ,	014OLNI059               ,	0.00,	0.00,	0.00,	0.00,	0.00,	0.00,
669,	FCQFN-16OF2D,	ANI016OF2003A       ,	016OFNI016               ,	0.00,	0.00,	0.00,	0.00,	0.00,	0.00,
670,	QFN-20YU2D  ,	ANI020YU1005C       ,	020YUNI104               ,	0.00,	0.00,	0.00,	0.00,	0.00,	0.00,
671,	QFN-20YU2D  ,	ANI020YU1002B       ,	020YUNI115               ,	0.00,	0.00,	0.00,	0.00,	0.00,	0.00,
672,	QFN-20YU2D  ,	ANI020YU1002B       ,	020YUNI116               ,	0.00,	0.00,	0.00,	0.00,	0.00,	0.00,
673,	QFN-20YU2D  ,	ANI020YU1002B       ,	020YUNI139               ,	0.00,	0.00,	0.00,	0.00,	0.00,	0.00,
674,	QFN-20YU2D  ,	ANI020YU1002B       ,	020YUNI216               ,	0.00,	0.00,	0.00,	0.00,	0.00,	0.00,
675,	QFN-20YU2D  ,	ANI020YU1001M       ,	020YUNI230               ,	0.00,	0.00,	0.00,	0.00,	0.00,	0.00,
676,	QFN-20YU2D  ,	ANI020YU1001M       ,	020YUNI236               ,	0.00,	0.00,	0.00,	0.00,	0.00,	0.00,
677,	QFN-20YU2D  ,	ANI020YU1002B       ,	020YUNI276               ,	0.00,	0.00,	0.00,	0.00,	0.00,	0.00,
678,	QFN-20YU2D  ,	ANI020YU1002B       ,	020YUNI297               ,	0.00,	0.00,	0.00,	0.00,	0.00,	0.00,
679,	QFN-20YU2D  ,	ANI020YU1001M       ,	020YUNI317               ,	0.00,	0.00,	0.00,	0.00,	0.00,	0.00,
680,	QFN-20YU2D  ,	ANI020YU1002B       ,	020YUNI325               ,	0.00,	0.00,	0.00,	0.00,	0.00,	0.00,
681,	QFN-20YU2D  ,	ANI020YU1002B       ,	020YUNI331               ,	0.00,	0.00,	0.00,	0.00,	0.00,	0.00,
682,	QFN-20YU2D  ,	ANI020YU1002B       ,	020YUNI378               ,	0.00,	0.00,	0.00,	0.00,	0.00,	0.00,
683,	QFN-20YU2D  ,	ANI020YU1005C       ,	020YUNI380               ,	0.00,	0.00,	0.00,	0.00,	0.00,	0.00,
684,	QFN-20YU2D  ,	ANI020YU1001M       ,	020YUNI392               ,	0.00,	0.00,	0.00,	0.00,	0.00,	0.00,
685,	QFN-20YU2D  ,	ANI020YU1005C       ,	020YUNI398               ,	0.00,	0.00,	0.00,	0.00,	0.00,	0.00,
686,	QFN-20YU2D  ,	ANI020YU1002B       ,	020YUNI412               ,	0.00,	0.00,	0.00,	0.00,	0.00,	0.00,
687,	MAT         ,	                    ,	0008WHQ178               ,	0.00,	0.00,	0.00,	0.00,	0.00,	0.00,
688,	FPSLGA22t6V ,	AHQ0225N1002A       ,	0225NHQ012               ,	0.00,	0.00,	19.98,	0.00,	0.00,	2.76,
689,	MAT         ,	                    ,	0008WCME450ENG           ,	0.00,	0.00,	0.00,	0.00,	0.00,	0.00,
690,	uSD08AQV    ,	ANV0086A1055A       ,	0086ACM131ENG            ,	0.00,	0.00,	0.00,	0.00,	0.00,	0.00,
691,	DFN-08YQ3AW ,	AAS008YQ2044A       ,	008YQCME70ENG            ,	0.00,	0.00,	0.00,	0.00,	0.00,	0.00,
692,	STBGA24J3U  ,	AAW024XW3001C       ,	024XWCM002ENG            ,	0.00,	0.00,	0.00,	0.00,	0.00,	0.00,
693,	FPSLGA28N6V ,	AHQ0282L3008A       ,	0282LCM064ENG            ,	0.00,	0.00,	0.00,	0.00,	0.00,	0.00,
694,	FPSTLG44ALUV,	AHQ0445T2011A       ,	0445TCM014ENG            ,	0.00,	0.00,	0.00,	0.00,	0.00,	0.00,
695,	TSOP1-48/M2 ,	AAW048TP1008B       ,	048TPCM120ENG            ,	0.00,	0.00,	0.00,	0.00,	0.00,	0.00,
696,	VFBGA60B4U  ,	AAB060NR2004A       ,	060NRCME038ENG           ,	0.00,	0.00,	0.00,	0.00,	0.00,	0.00,
697,	TSOP2-54ME  ,	ACD054TN1001A       ,	054TNCD021               ,	0.00,	0.00,	0.00,	0.00,	0.00,	0.00,
698,	DFN-08YQ2AW ,	AAS008YQ2014A       ,	008YQAS031               ,	0.00,	0.00,	39.17,	3.60,	0.00,	4.77,
699,	MINIBGA48A1 ,	BU048MA2009B        ,	048MABU018               ,	38.46,	0.00,	0.00,	0.00,	0.00,	4.76,
700,	FBGA-60U9(2),	ABU060C91003A       ,	060U9BU003               ,	0.00,	0.00,	0.00,	0.00,	0.00,	0.00,
701,	FBGA-96LEA  ,	ABU096EA1001A       ,	096EABU001               ,	0.00,	0.00,	0.00,	0.00,	0.00,	0.00,
702,	DFN-08YQ2A  ,	ABU008YQ2001A       ,	008YQVG002               ,	0.00,	0.00,	0.00,	0.00,	0.00,	0.00,
703,	TSOP1-56/56 ,	ABU056TH2001A       ,	056THVG007               ,	0.00,	0.00,	0.00,	0.00,	0.00,	0.00,
704,	FBGA-96UEC  ,	AMS096EC3001B       ,	096ECMS010               ,	0.00,	5.52,	196.19,	16.80,	0.00,	21.85,
705,	FBGA-78U9   ,	ALW078C93001A       ,	078U9LW012               ,	0.00,	0.00,	0.00,	0.00,	0.00,	0.00,
706,	MAT         ,	                    ,	0008WAW082               ,	0.00,	0.00,	0.00,	0.00,	0.00,	0.00,
707,	MAT         ,	                    ,	0008WAW096               ,	0.00,	0.00,	0.00,	0.00,	0.00,	0.00,
708,	MAT         ,	                    ,	0008WAW136               ,	0.00,	0.00,	0.00,	0.00,	0.00,	0.00,
709,	MBGA64J4U   ,	AAW064MR1015A       ,	064MRAW021               ,	0.00,	0.00,	0.00,	0.00,	0.00,	0.00,
710,	uSD08AQV-C  ,	ANV0086A1076A       ,	0086ANV203               ,	0.00,	0.00,	0.00,	0.00,	0.00,	0.00,
711,	MBGA132G4VT ,	ANV132X2C075A       ,	132X2NV212               ,	0.00,	0.00,	0.00,	0.00,	0.00,	0.00,
712,	STBGA132G4U ,	ANV132X2A022A       ,	132X2NV216               ,	0.00,	0.00,	0.00,	0.00,	0.00,	0.00,
713,	STBGA153GEV ,	ANV153XT9067A       ,	153XTNV156               ,	0.00,	0.00,	0.00,	0.00,	0.00,	0.00,
714,	STDFN-08YQ2A,	AAB008YQ2004A       ,	008YQAB034               ,	0.00,	0.00,	0.00,	0.00,	0.00,	0.00,
715,	MBGA24D6U   ,	AAB024MA6024B       ,	024MAAB069               ,	0.00,	0.00,	0.00,	0.00,	0.00,	0.00,
716,	STBGA24D6U  ,	AAB024XW3001A       ,	024XWAB002               ,	0.00,	0.00,	21.80,	0.00,	0.00,	0.00,
717,	FBGA-84UC2H ,	AAB084CC9001A       ,	084UCAB027               ,	0.00,	0.00,	68.05,	0.00,	0.00,	0.00,
718,	SSBGA90J3U  ,	AAB090MV1002A       ,	090MVAB008               ,	0.00,	0.00,	0.00,	0.00,	0.00,	0.00,
719,	WLCSP       ,	                    ,	000IASE002               ,	0.00,	0.00,	0.00,	0.00,	0.00,	0.00,
720,	TSOP2-66CME ,	AYZ066TS1001A       ,	066TSYZ002               ,	43.80,	0.00,	60.42,	2.88,	0.00,	2.88,
721,	WLCSP       ,	                    ,	000IABW092               ,	0.00,	0.00,	0.00,	0.00,	0.00,	0.00,
722,	WLCSP       ,	                    ,	000IABW142               ,	0.00,	0.00,	0.00,	0.00,	0.00,	0.00,
723,	QFN-48AC1   ,	ABW048AC1007A       ,	048ACBW030               ,	0.00,	0.00,	0.00,	0.00,	0.00,	0.00,
724,	WLCSP       ,	                    ,	000IAQW002               ,	0.00,	0.00,	0.00,	0.00,	0.00,	0.00,
725,	TSOP2-54CMES,	ACS054TS1009A       ,	054TSCS013               ,	0.00,	0.00,	1.44,	0.00,	0.00,	0.00,
726,	FCQFN-08OK2D,	ANI008OK2001A       ,	008OKNI020               ,	0.00,	0.00,	0.00,	0.00,	0.00,	0.00,
727,	FCQFN-08OK2D,	ANI008OK2001A       ,	008OKNI035               ,	0.00,	0.00,	0.00,	0.00,	0.00,	0.00,
728,	FCQFN-08OK2D,	ANI008OK2001A       ,	008OKNI052               ,	0.00,	0.00,	0.00,	0.00,	0.00,	0.00,
729,	FCQFN-08OK2D,	ANI008OK2001A       ,	008OKNI055               ,	0.00,	0.00,	0.00,	0.00,	0.00,	0.00,
730,	FCQFN-08OK2D,	ANI008OK2001A       ,	008OKNI058               ,	0.00,	0.00,	0.00,	0.00,	0.00,	0.00,
731,	FCQFN-08OK2D,	ANI008OK2001A       ,	008OKNI059               ,	0.00,	0.00,	0.00,	0.00,	0.00,	0.00,
732,	FCQFN-08OK2D,	ANI008OK2001A       ,	008OKNI095               ,	0.00,	0.00,	0.00,	0.00,	0.00,	0.00,
733,	FCDFN-08Y72D,	ANI008Y71001C       ,	008Y7NI031               ,	0.00,	0.00,	0.00,	0.00,	0.00,	0.00,
734,	FCDFN-08YZ2A,	ANI008YZ1001D       ,	008YZNI043               ,	0.00,	0.00,	0.00,	0.00,	0.00,	0.00,
735,	QFN-10YK2A  ,	ANI010YK3001A       ,	010YKNI037               ,	131.84,	0.00,	0.00,	0.00,	0.00,	0.00,
736,	DFN-12Y12A  ,	ANI012Y11002C       ,	012Y1NI052               ,	0.00,	0.00,	0.00,	0.00,	0.00,	0.00,
737,	FCQFN-12Y32D,	ANI012Y32002D       ,	012Y3NI136               ,	0.00,	0.00,	0.00,	0.00,	0.00,	0.00,
738,	FCQFN-12Y32D,	ANI012Y32002D       ,	012Y3NI141               ,	0.00,	0.00,	0.00,	0.00,	0.00,	0.00,
739,	FCQFN-12Y32D,	ANI012Y32001B       ,	012Y3NI152               ,	0.00,	0.00,	0.00,	0.00,	0.00,	0.00,
740,	FCQFN-12Y32D,	ANI012Y32002D       ,	012Y3NI218               ,	0.00,	0.00,	0.00,	0.00,	0.00,	0.00,
741,	FCQFN-12Y32D,	ANI012Y32001B       ,	012Y3NI224               ,	0.00,	0.00,	0.00,	0.00,	0.00,	0.00,
742,	FCQFN-12Y32D,	ANI012Y32001B       ,	012Y3NI228               ,	0.00,	0.00,	0.00,	0.00,	0.00,	0.00,
743,	FCQFN-14OA2D,	ANI014OA1001C       ,	014OANI050               ,	0.00,	0.00,	0.00,	0.00,	0.00,	0.00,
744,	FCQFN-14OA2D,	ANI014OA1001C       ,	014OANI056               ,	0.00,	0.00,	0.00,	0.00,	0.00,	0.00,
745,	FCQFN-14OA2D,	ANI014OA1001C       ,	014OANI058               ,	0.00,	0.00,	0.00,	0.00,	0.00,	0.00,
746,	FCQFN-14OA2D,	ANI014OA1001C       ,	014OANI069               ,	0.00,	0.00,	0.00,	0.00,	0.00,	0.00,
747,	FCQFN-14OL2D,	ANI014OL1001C       ,	014OLNI027               ,	0.00,	0.00,	0.00,	0.00,	0.00,	0.00,
748,	FCQFN-14OL2D,	ANI014OL1001C       ,	014OLNI032               ,	0.00,	0.00,	0.00,	0.00,	0.00,	0.00,
749,	FCQFN-14OL2D,	ANI014OL1001C       ,	014OLNI040               ,	0.00,	0.00,	0.00,	0.00,	0.00,	0.00,
750,	FCQFN-14OL2D,	ANI014OL1001C       ,	014OLNI063               ,	0.00,	0.00,	0.00,	0.00,	0.00,	0.00,
751,	QFN-20YU2D  ,	ANI020YU1002B       ,	020YUNI096               ,	0.00,	0.00,	0.00,	0.00,	0.00,	0.00,
752,	QFN-20YU2D  ,	ANI020YU1001M       ,	020YUNI128               ,	0.00,	0.00,	0.00,	0.00,	0.00,	0.00,
753,	QFN-20YU2D  ,	ANI020YU1002B       ,	020YUNI129               ,	0.00,	0.00,	0.00,	0.00,	0.00,	0.00,
754,	QFN-20YU2D  ,	ANI020YU1002B       ,	020YUNI130               ,	0.00,	0.00,	0.00,	0.00,	0.00,	0.00,
755,	QFN-20YU2D  ,	ANI020YU1005C       ,	020YUNI153               ,	0.00,	0.00,	0.00,	0.00,	0.00,	0.00,
756,	QFN-20YU2D  ,	ANI020YU1002B       ,	020YUNI172               ,	0.00,	0.00,	0.00,	0.00,	0.00,	0.00,
757,	QFN-20YU2D  ,	ANI020YU1002B       ,	020YUNI214               ,	0.00,	0.00,	0.00,	0.00,	0.00,	0.00,
758,	QFN-20YU2D  ,	ANI020YU1002B       ,	020YUNI217               ,	0.00,	0.00,	0.00,	0.00,	0.00,	0.00,
759,	QFN-20YU2D  ,	ANI020YU1002B       ,	020YUNI226               ,	0.00,	0.00,	0.00,	0.00,	0.00,	0.00,
760,	QFN-20YU2D  ,	ANI020YU1002B       ,	020YUNI301               ,	0.00,	0.00,	0.00,	0.00,	0.00,	0.00,
761,	QFN-20YU2D  ,	ANI020YU1001M       ,	020YUNI323               ,	0.00,	0.00,	0.00,	0.00,	0.00,	0.00,
762,	QFN-20YU2D  ,	ANI020YU1002B       ,	020YUNI332               ,	0.00,	0.00,	0.00,	0.00,	0.00,	0.00,
763,	QFN-20YU2D  ,	ANI020YU1002B       ,	020YUNI335               ,	0.00,	0.00,	0.00,	0.00,	0.00,	0.00,
764,	QFN-20YU2D  ,	ANI020YU1002B       ,	020YUNI345               ,	0.00,	0.00,	0.00,	0.00,	0.00,	0.00,
765,	QFN-20YU2D  ,	ANI020YU1005C       ,	020YUNI364               ,	0.00,	0.00,	0.00,	0.00,	0.00,	0.00,
766,	QFN-20YU2D  ,	ANI020YU1005C       ,	020YUNI366               ,	0.00,	0.00,	0.00,	0.00,	0.00,	0.00,
767,	QFN-20YU2D  ,	ANI020YU1005C       ,	020YUNI370               ,	0.00,	0.00,	0.00,	0.00,	0.00,	0.00,
768,	QFN-20YU2D  ,	ANI020YU1005C       ,	020YUNI374               ,	0.00,	0.00,	0.00,	0.00,	0.00,	0.00,
769,	WLCSP       ,	                    ,	000IAXI002               ,	0.00,	0.00,	0.00,	0.00,	0.00,	0.00,
770,	MAT         ,	                    ,	0008WHQ179               ,	0.00,	0.00,	0.00,	0.00,	0.00,	0.00,
771,	FPSTLGA44tBV,	AHQ0442J3003A       ,	0442JHQ026               ,	4.89,	0.00,	54.22,	0.00,	0.00,	0.00,
772,	FPSTLGA44tBV,	AHQ0442J3006A       ,	0442JHQ029               ,	0.00,	0.00,	0.00,	0.00,	0.00,	0.00,
773,	MAT         ,	                    ,	0008WNV542               ,	0.00,	0.00,	0.00,	0.00,	0.00,	0.00,
774,	FPSLGA22AR5P,	AHQ0225H1001A       ,	0225HCM003ENG            ,	0.00,	0.00,	0.00,	0.00,	0.00,	0.00,
775,	FBGA-60MA   ,	ACD060CD3003A       ,	060CACM010ENG            ,	0.00,	0.00,	0.00,	0.00,	0.00,	0.00,
776,	VFBGA67K4U  ,	AAS067N51014A       ,	067N5CM019ENG            ,	0.00,	0.00,	0.00,	0.00,	0.00,	0.00,
777,	STBGA132G4U ,	ANV132X2A021C       ,	132X2CM106ENG            ,	0.00,	0.00,	0.00,	0.00,	0.00,	0.00,
778,	STBGA132C4V ,	ANV132X2B034A       ,	132X2CM109ENG            ,	0.00,	0.00,	0.00,	0.00,	0.00,	0.00,
779,	STBGA192B4U ,	AQT192X85001C       ,	192X8CM003ENG            ,	0.00,	0.00,	0.00,	0.00,	0.00,	0.00,
780,	FCBGA240B4G ,	ATH240UE2001A       ,	240UECM001ENG            ,	0.00,	0.00,	0.00,	0.00,	0.00,	0.00,
781,	MBGA54A2L   ,	ACD054MF2003A       ,	054MFCD001               ,	0.00,	0.00,	12.33,	0.00,	0.00,	0.00,
782,	TSOP2-66ME  ,	CD066TA1007A        ,	066TNCD012               ,	20.64,	2.88,	0.00,	0.00,	0.00,	2.88,
783,	FBGA-96UH6B ,	ACD096CA4001B       ,	096CACD004               ,	0.00,	0.00,	0.00,	0.00,	0.00,	0.00,
784,	FBGA-84UC(2),	ABU084CC2002B       ,	084UCBU003               ,	6.38,	0.00,	0.00,	0.00,	0.00,	0.00,
785,	FBGA-96UEF  ,	ABU096EF2002A       ,	096EFBU002               ,	0.00,	0.00,	43.05,	4.96,	0.00,	0.00,
786,	FBGA-78UEN  ,	AMS078EN1005A       ,	078ENMS017               ,	0.00,	0.00,	56.34,	0.00,	0.00,	0.00,
787,	VFBGA132B4U ,	ALW132NY4049A       ,	132NYLW078               ,	0.00,	0.00,	0.00,	0.00,	0.00,	0.00,
788,	DFN-08Y62D  ,	AAW008Y62015A       ,	008Y6AW034               ,	6.59,	0.00,	0.00,	0.00,	0.00,	0.00,
789,	DFN-08YM2D  ,	AAW008YM2004A       ,	008YMAW020               ,	0.00,	0.00,	0.00,	0.00,	0.00,	0.00,
790,	DFN-08YM2D  ,	AAW008YM2007A       ,	008YMAW023               ,	0.00,	0.00,	0.00,	0.00,	0.00,	0.00,
791,	SSLGA16DOU  ,	AAW016D53011A       ,	016D5AW020               ,	0.00,	0.00,	0.00,	0.00,	0.00,	0.00,
792,	MINIBGA24A4L,	AAW024MA6022C       ,	024MAAW045               ,	15.57,	0.00,	32.43,	0.00,	0.00,	0.00,
793,	MBGA64J4U   ,	AAW064MR1009A       ,	064MRAW029               ,	0.00,	0.00,	0.00,	0.00,	0.00,	0.00,
794,	STBGA162BAU ,	AAW162KE1002A       ,	162KEAW001               ,	0.00,	0.00,	50.05,	0.00,	0.00,	0.00,
795,	STBGA132G4U ,	ANV132X2A021C       ,	132X2NV215               ,	0.00,	0.00,	0.00,	0.00,	0.00,	0.00,
796,	STBGA132G4VT,	ANV132X2C059A       ,	132X2NV224               ,	0.00,	0.00,	0.00,	0.00,	0.00,	0.00,
797,	SSBGA153HEV ,	ANV153XT8010A       ,	153XTNV067               ,	3.50,	0.00,	0.00,	0.00,	0.00,	0.00,
798,	STBGA153JAVT,	ANV153XT9070A       ,	153XTNV149               ,	0.00,	0.00,	0.00,	0.00,	0.00,	0.00,
799,	uSD08GEV-C  ,	AEU0086B1012A       ,	0086BEU018               ,	0.00,	0.00,	0.00,	0.00,	0.00,	0.00,
800,	WLCSP       ,	                    ,	000IAAB004               ,	0.00,	0.00,	0.00,	0.00,	0.00,	0.00,
801,	DFN-08Y62D  ,	AAB008Y62014A       ,	008Y6AB028               ,	61.12,	0.00,	171.08,	8.32,	0.00,	0.00,
802,	DFN-08YB2G  ,	AAB008YB2009A       ,	008YBAB021               ,	0.00,	0.00,	0.00,	0.00,	0.00,	0.00,
803,	DFN-08YQ2A  ,	AAB008YQ2032A       ,	008YQAB078               ,	0.00,	0.00,	0.00,	0.00,	0.00,	0.00,
804,	MBGA24D4U   ,	AAB024MAA016A       ,	024MAAB104               ,	0.00,	0.00,	1.29,	0.00,	0.00,	0.00,
805,	TSOP1-48AM  ,	AAB048TW2006A       ,	048TWAB012               ,	0.00,	0.00,	15.03,	0.00,	0.00,	0.00,
806,	VFBGA54B4U  ,	AAB054NB6001A       ,	054NBAB007               ,	0.00,	0.00,	0.00,	0.00,	0.00,	0.00,
807,	TSOP2-54ME  ,	AAB054TN1004A       ,	054TNAB029               ,	0.00,	0.00,	0.00,	0.00,	0.00,	0.00,
808,	FBGA60UEM2-1,	AAB060EM2001A       ,	060EMAB004               ,	0.00,	0.00,	52.65,	0.00,	0.00,	0.00,
809,	VFBGA63BFU  ,	AAB063NW3010A       ,	063NWAB008               ,	0.00,	0.00,	0.00,	0.00,	0.00,	0.00,
810,	VFBGA63BFU  ,	AAB063NW3007A       ,	063NWAB013               ,	3.74,	0.00,	0.00,	0.00,	0.00,	5.72,
811,	FCFBGA84UC2H,	AAB084UN3001A       ,	084UNAB003               ,	0.00,	0.00,	0.00,	0.00,	0.00,	0.00,
812,	FBGA96UEL(2),	AAB096EL1019A       ,	096ELAB057               ,	0.00,	0.00,	0.00,	0.00,	0.00,	0.00,
813,	STBGA162B4U ,	AAB162KE1006A       ,	162KEAB011               ,	0.00,	0.00,	0.00,	0.00,	0.00,	0.00,
814,	WLCSP-WAFER ,	                    ,	000IABW069               ,	0.00,	0.00,	0.00,	0.00,	0.00,	0.00,
815,	WLCSP       ,	                    ,	000IABW112               ,	0.00,	0.00,	0.00,	0.00,	0.00,	0.00,
816,	TSOP2-54CME ,	ACS054TS1011A       ,	054TSCS006               ,	0.00,	0.00,	3.29,	0.00,	0.00,	0.00,
817,	TSOP2-54CME ,	ACS054TS1008A       ,	054TSCS007               ,	0.00,	0.00,	4.27,	0.00,	0.00,	0.00,
818,	FCQFN-08OK2D,	ANI008OK2001A       ,	008OKNI023               ,	0.00,	0.00,	0.00,	0.00,	0.00,	0.00,
819,	FCQFN-08OK2D,	ANI008OK2001A       ,	008OKNI034               ,	0.00,	0.00,	0.00,	0.00,	0.00,	0.00,
820,	FCQFN-08OK2D,	ANI008OK2001A       ,	008OKNI049               ,	0.00,	0.00,	0.00,	0.00,	0.00,	0.00,
821,	FCQFN-08OK2D,	ANI008OK2001A       ,	008OKNI073               ,	0.00,	0.00,	0.00,	0.00,	0.00,	0.00,
822,	FCQFN-08OK2D,	ANI008OK2001A       ,	008OKNI084               ,	0.00,	0.00,	0.00,	0.00,	0.00,	0.00,
823,	FCQFN-08OK2D,	ANI008OK2001A       ,	008OKNI101               ,	0.00,	0.00,	0.00,	0.00,	0.00,	0.00,
824,	DFN-08YK2A  ,	ANI008YK3002A       ,	008YKNI091               ,	0.00,	0.00,	0.00,	0.00,	0.00,	0.00,
825,	QFN-10YK2A  ,	ANI010YK3001A       ,	010YKNI039               ,	0.00,	0.00,	0.00,	0.00,	0.00,	0.00,
826,	QFN-10YK2A  ,	ANI010YK3004A       ,	010YKNI057               ,	0.00,	0.00,	0.00,	0.00,	0.00,	0.00,
827,	DFN-12Y12A  ,	ANI012Y11002C       ,	012Y1NI063               ,	0.00,	0.00,	0.00,	0.00,	0.00,	0.00,
828,	FCQFN-12Y32D,	ANI012Y32002D       ,	012Y3NI062               ,	0.00,	0.00,	0.00,	0.00,	0.00,	0.00,
829,	FCQFN-12Y32D,	ANI012Y32002D       ,	012Y3NI093               ,	0.00,	0.00,	0.00,	0.00,	0.00,	0.00,
830,	FCQFN-12Y32D,	ANI012Y32002D       ,	012Y3NI121               ,	0.00,	0.00,	0.00,	0.00,	0.00,	0.00,
831,	FCQFN-12Y32D,	ANI012Y32001B       ,	012Y3NI183               ,	0.00,	0.00,	0.00,	0.00,	0.00,	0.00,
832,	FCQFN-12Y32D,	ANI012Y32002D       ,	012Y3NI198               ,	0.00,	0.00,	0.00,	0.00,	0.00,	0.00,
833,	FCQFN-12Y32D,	ANI012Y32001B       ,	012Y3NI237               ,	0.00,	0.00,	0.00,	0.00,	0.00,	0.00,
834,	FCQFN-14OA2D,	ANI014OA1001C       ,	014OANI053               ,	0.00,	0.00,	0.00,	0.00,	0.00,	0.00,
835,	FCQFN-14OA2D,	ANI014OA1001C       ,	014OANI063               ,	0.00,	0.00,	0.00,	0.00,	0.00,	0.00,
836,	FCQFN-14OA2D,	ANI014OA1001C       ,	014OANI071               ,	0.00,	0.00,	0.00,	0.00,	0.00,	0.00,
837,	FCQFN-14OA2D,	ANI014OA1001C       ,	014OANI073               ,	0.00,	0.00,	0.00,	0.00,	0.00,	0.00,
838,	FCQFN-14OL2D,	ANI014OL1001C       ,	014OLNI050               ,	0.00,	0.00,	0.00,	0.00,	0.00,	0.00,
839,	FCQFN-16OF2D,	ANI016OF2004A       ,	016OFNI031               ,	0.00,	0.00,	0.00,	0.00,	0.00,	0.00,
840,	FCQFN-16OF2D,	ANI016OF2002A       ,	016OFNI041               ,	0.00,	0.00,	0.00,	0.00,	0.00,	0.00,
841,	QFN-20YU2D  ,	ANI020YU1005C       ,	020YUNI107               ,	0.00,	0.00,	0.00,	0.00,	0.00,	0.00,
842,	QFN-20YU2D  ,	ANI020YU1002B       ,	020YUNI120               ,	0.00,	0.00,	0.00,	0.00,	0.00,	0.00,
843,	QFN-20YU2D  ,	ANI020YU1002B       ,	020YUNI121               ,	0.00,	0.00,	0.00,	0.00,	0.00,	0.00,
844,	QFN-20YU2D  ,	ANI020YU1002B       ,	020YUNI143               ,	0.00,	0.00,	0.00,	0.00,	0.00,	0.00,
845,	QFN-20YU2D  ,	ANI020YU1005C       ,	020YUNI165               ,	0.00,	0.00,	0.00,	0.00,	0.00,	0.00,
846,	QFN-20YU2D  ,	ANI020YU1002B       ,	020YUNI168               ,	0.00,	0.00,	0.00,	0.00,	0.00,	0.00,
847,	QFN-20YU2D  ,	ANI020YU1002B       ,	020YUNI170               ,	0.00,	0.00,	0.00,	0.00,	0.00,	0.00,
848,	QFN-20YU2D  ,	ANI020YU1002B       ,	020YUNI179               ,	0.00,	0.00,	0.00,	0.00,	0.00,	0.00,
849,	QFN-20YU2D  ,	ANI020YU1002B       ,	020YUNI189               ,	0.00,	0.00,	0.00,	0.00,	0.00,	0.00,
850,	QFN-20YU2D  ,	ANI020YU1002B       ,	020YUNI206               ,	0.00,	0.00,	0.00,	0.00,	0.00,	0.00,
851,	QFN-20YU2D  ,	ANI020YU1001M       ,	020YUNI238               ,	0.00,	0.00,	0.00,	0.00,	0.00,	0.00,
852,	QFN-20YU2D  ,	ANI020YU1002B       ,	020YUNI257               ,	0.00,	0.00,	0.00,	0.00,	0.00,	0.00,
853,	QFN-20YU2D  ,	ANI020YU1002B       ,	020YUNI278               ,	0.00,	0.00,	0.00,	0.00,	0.00,	0.00,
854,	QFN-20YU2D  ,	ANI020YU1005C       ,	020YUNI282               ,	0.00,	0.00,	0.00,	0.00,	0.00,	0.00,
855,	QFN-20YU2D  ,	ANI020YU1005C       ,	020YUNI337               ,	0.00,	0.00,	0.00,	0.00,	0.00,	0.00,
856,	QFN-20YU2D  ,	ANI020YU1002B       ,	020YUNI343               ,	0.00,	0.00,	0.00,	0.00,	0.00,	0.00,
857,	QFN-20YU2D  ,	ANI020YU1005C       ,	020YUNI357               ,	0.00,	0.00,	0.00,	0.00,	0.00,	0.00,
858,	QFN-20YU2D  ,	ANI020YU1001M       ,	020YUNI396               ,	0.00,	0.00,	0.00,	0.00,	0.00,	0.00,
859,	QFN-20YU2D  ,	ANI020YU1002B       ,	020YUNI406               ,	0.00,	0.00,	0.00,	0.00,	0.00,	0.00,
860,	MAT         ,	                    ,	0008WHQ183               ,	0.00,	0.00,	0.00,	0.00,	0.00,	0.00,
861,	MAT         ,	                    ,	0008WHQ256               ,	0.00,	0.00,	0.00,	0.00,	0.00,	0.00,
862,	MAT         ,	                    ,	0008WCMA183ENG           ,	0.00,	0.00,	0.00,	0.00,	0.00,	0.00,
863,	DFN-08Y62DW ,	AAS008Y62012A       ,	008Y6CME19ENG            ,	0.00,	0.00,	0.00,	0.00,	0.00,	0.00,
864,	STDFN-08YD2A,	AAS008YD2044A       ,	008YDCME26ENG            ,	0.00,	0.00,	0.00,	0.00,	0.00,	0.00,
865,	DFN-08YQ2A  ,	AAB008YQ2038A       ,	008YQCME65ENG            ,	0.00,	0.00,	0.00,	0.00,	0.00,	0.00,
866,	MBGA24J3U   ,	ABU024MAA016A       ,	024MACM136ENG            ,	0.00,	0.00,	0.00,	0.00,	0.00,	0.00,
867,	STBGA24D4U  ,	AAB024XW3013A       ,	024XWCM009ENG            ,	0.00,	0.00,	0.00,	0.00,	0.00,	0.00,
868,	VFBGA90B4L  ,	ABU090NC8004A       ,	090NCCM022ENG            ,	0.00,	0.00,	0.00,	0.00,	0.00,	0.00,
869,	STBGA100D4U ,	ABU100X69012A       ,	100X6CM014ENG            ,	0.00,	0.00,	0.00,	0.00,	0.00,	0.00,
870,	STBGA132G4VT,	ANV132X2C009A       ,	132X2CME64ENG            ,	0.00,	0.00,	0.00,	0.00,	0.00,	0.00,
871,	STBGA168DEU ,	ABU168XI2001A       ,	168XICM001ENG            ,	0.00,	0.00,	0.00,	0.00,	0.00,	0.00,
872,	MAT         ,	                    ,	0008WAS111               ,	0.00,	0.00,	0.00,	0.00,	0.00,	0.00,
873,	DFN-08YQ2A  ,	AAS008YQ2002B       ,	008YQAS018               ,	0.00,	0.00,	3.61,	0.00,	0.00,	0.00,
874,	VFBGA63BAU  ,	AAS063NW3017A       ,	063NWAS047               ,	0.00,	0.00,	0.00,	0.00,	0.00,	0.00,
875,	STBGA67B4U  ,	AAS067KQ1001A       ,	067KQAS001               ,	0.00,	0.00,	9.17,	0.00,	0.00,	0.00,
876,	FBGA-96UEL  ,	AAS096EL1009B       ,	096ELAS043               ,	0.00,	0.00,	6.51,	0.98,	0.00,	0.17,
877,	WLCSP       ,	                    ,	000IAQR007               ,	0.00,	0.00,	0.00,	0.00,	0.00,	0.00,
878,	VFBGA54B4L  ,	ABU054NO2008B       ,	054NOBU014               ,	0.00,	0.00,	0.00,	0.00,	0.00,	0.00,
879,	FBGA-78LEA  ,	ABU078EA1004A       ,	078EABU004               ,	0.00,	0.00,	0.00,	0.00,	0.00,	0.00,
880,	FBGAS-78LEA ,	ABU078EA3001A       ,	078EABU005               ,	0.00,	0.00,	0.00,	0.00,	0.00,	0.00,
881,	MBGA24J4U   ,	ABU024MA6007A       ,	024MAVG012               ,	0.00,	0.00,	0.00,	0.00,	0.00,	0.00,
882,	MAT         ,	                    ,	0008WOK067               ,	0.00,	0.00,	0.00,	0.00,	0.00,	0.00,
883,	TSOP1-48AM  ,	AMS048TW1064A       ,	048TWMS078               ,	0.00,	0.00,	3.65,	0.00,	0.00,	0.00,
884,	SMT         ,	AAW016D53004A       ,	000SAW014                ,	0.00,	0.00,	0.00,	0.00,	0.00,	0.00,
885,	DFN-08Y62D  ,	AAW008Y62014A       ,	008Y6AW032               ,	0.00,	0.00,	0.00,	0.00,	0.00,	0.00,
886,	DFN-08Y62D  ,	AAW008Y62024A       ,	008Y6AW044               ,	0.00,	0.00,	0.00,	0.00,	0.00,	0.00,
887,	SSLGA16DOU  ,	AAW016D53017A       ,	016D5AW042               ,	0.00,	0.00,	0.00,	0.00,	0.00,	0.00,
888,	MINIBGA24A3L,	AAW024MA6018B       ,	024MAAW038               ,	0.00,	0.00,	0.00,	0.00,	0.00,	0.00,
889,	MINIBGA24A4L,	AAW024MA6025A       ,	024MAAW048               ,	0.00,	0.00,	0.00,	0.00,	0.00,	0.00,
890,	MINIBGA24A4L,	AAW024MA6029D       ,	024MAAW058               ,	0.00,	0.00,	0.00,	0.00,	0.00,	0.00,
891,	MAT         ,	                    ,	0008WNV192               ,	0.00,	0.00,	0.00,	0.00,	0.00,	0.00,
892,	MAT         ,	                    ,	0008WNV451               ,	0.00,	0.00,	0.00,	0.00,	0.00,	0.00,
893,	SMT         ,	ANV153XT9077A       ,	000SNV340                ,	0.00,	0.00,	0.00,	0.00,	0.00,	0.00,
894,	SMT         ,	ANV153XT9071A       ,	000SNV404                ,	0.00,	0.00,	0.00,	0.00,	0.00,	0.00,
895,	uSD08AQV    ,	ANV0086A1110A       ,	0086ANV226               ,	0.00,	0.00,	0.00,	0.00,	0.00,	0.00,
896,	STBGA132G4V ,	ANV132X2C022A       ,	132X2NV209               ,	0.00,	0.00,	0.00,	0.00,	0.00,	0.00,
897,	STBGA132G4V ,	ANV132X2C090A       ,	132X2NV232               ,	0.00,	0.00,	0.00,	0.00,	0.00,	0.00,
898,	TSOP2-54ME  ,	AUL054TN1003A       ,	054TNUL006               ,	0.00,	0.00,	6.94,	0.00,	0.00,	0.00,
899,	STDFN-08YD2A,	AAB008YD2005A       ,	008YDAB016               ,	0.00,	0.00,	0.00,	0.00,	0.00,	0.00,
900,	STDFN08YQ3AW,	AAB008YQ3004A       ,	008YQAB104               ,	0.00,	0.00,	44.75,	0.00,	0.00,	0.00,
901,	DFN-08YQ3AW ,	AAB008YQ3028A       ,	008YQAB122               ,	0.00,	0.00,	0.00,	0.00,	0.00,	0.00,
902,	MBGA24J3U   ,	AAB024MAA010A       ,	024MAAB073               ,	36.47,	0.00,	54.33,	0.00,	0.00,	0.00,
903,	MBGA24J3U   ,	AAB024MAA008A       ,	024MAAB086               ,	0.00,	0.00,	0.00,	0.00,	0.00,	0.00,
904,	VFBGA60B4U  ,	AAB060NR2003A       ,	060NRAB019               ,	13.90,	0.00,	0.00,	0.00,	0.00,	15.72,
905,	STBGA162B4U ,	AAB162KE1002A       ,	162KEAB004               ,	0.00,	0.00,	0.00,	0.00,	0.00,	0.00,
906,	MAT         ,	                    ,	0008WQT015               ,	0.00,	0.00,	0.00,	0.00,	0.00,	0.00,
907,	FBGA-96UEI  ,	AYZ096EI1002A       ,	096EIYZ001               ,	0.00,	0.00,	5.45,	0.00,	0.00,	0.00,
