wrto_route,wrto_oper,wrto_seq_num,wrto_opr_shrt_desc,wrto_prod_unt_1
BGA140,2000,1,IQC,PCS
BGA140,2003,2,TPM,PCS
BGA140,2005,3,TAPING,PCS
BGA140,2010,4,LAPPING,PCS
BGA140,2020,5,A21 QUEUE,PCS
BGA140,2030,6,W/M,PCS
BGA140,2040,7,D/S,PCS
BGA140,2050,8,A31,EA
BGA140,2060,9,2IP,EA
BGA140,2061,10,UV,EA
BGA140,2070,11,D/A,EA
BGA140,2080,12,D/A CURE,EA
BGA140,2150,13,PLASMA,EA
BGA140,2090,14,POST D/A Q,EA
BGA140,2200,15,W/B,EA
BGA140,2210,16,3IP,EA
BGA140,2250,17,PLASMA,EA
BGA140,2230,18,M/D QUEUE,EA
BGA140,2300,19,M/D,EA
BGA140,2320,20,T/M,EA
BGA140,2330,21,PMC,EA
BGA140,2405,22,PLASMA,EA
BGA140,2418,23,WTC,EA
BGA140,2410,24,S/P,EA
BGA140,2430,25,F/S,EA
BGA140,2440,26,O/S,EA
BGA140,2450,27,L/S,EA
BGA140,2460,28,F/V,EA
BGA140,2470,29,4IP,EA
BGA140,2480,30,PACK,EA
BGA140,2490,31,SHIP,EA
BGA154,2000,1,IQC,PCS
BGA154,2003,2,TPM,PCS
BGA154,2005,3,TAPING,PCS
BGA154,2010,4,LAPPING,PCS
BGA154,2020,5,A21 QUEUE,PCS
BGA154,2030,6,W/M,PCS
BGA154,2040,7,D/S,PCS
BGA154,2050,8,A31,EA
BGA154,2060,9,2IP,EA
BGA154,2061,10,UV,EA
BGA154,2070,11,D/A,EA
BGA154,2080,12,D/A CURE,EA
BGA154,2150,13,PLASMA,EA
BGA154,2090,14,POST D/A Q,EA
BGA154,2200,15,W/B,EA
BGA154,2210,16,3IP,EA
BGA154,2250,17,PLASMA,EA
BGA154,2230,18,M/D QUEUE,EA
BGA154,2300,19,M/D,EA
BGA154,2320,20,T/M,EA
BGA154,2330,21,PMC,EA
BGA154,2405,22,PLASMA,EA
BGA154,2418,23,WTC,EA
BGA154,2410,24,S/P,EA
BGA154,2430,25,F/S,EA
BGA154,2435,26,P/P,EA
BGA154,2440,27,O/S,EA
BGA154,2450,28,L/S,EA
BGA154,2460,29,F/V,EA
BGA154,2470,30,4IP,EA
BGA154,2480,31,PACK,EA
BGA154,2490,32,SHIP,EA
BGA161,2000,1,IQC,PCS
BGA161,2003,2,TPM,PCS
BGA161,2005,3,TAPING,PCS
BGA161,2010,4,LAPPING,PCS
BGA161,2020,5,A21 QUEUE,PCS
BGA161,2030,6,W/M,PCS
BGA161,2040,7,D/S,PCS
BGA161,2050,8,A31,EA
BGA161,2060,9,2IP,EA
BGA161,2070,10,D/A,EA
BGA161,2080,11,D/A CURE,EA
BGA161,2150,12,PLASMA,EA
BGA161,2090,13,POST D/A Q,EA
BGA161,2200,14,W/B,EA
BGA161,2210,15,3IP,EA
BGA161,2250,16,PLASMA,EA
BGA161,2230,17,M/D QUEUE,EA
BGA161,2300,18,M/D,EA
BGA161,2320,19,T/M,EA
BGA161,2330,20,PMC,EA
BGA161,2405,21,PLASMA,EA
BGA161,2418,22,WTC,EA
BGA161,2410,23,S/P,EA
BGA161,2430,24,F/S,EA
BGA161,2435,25,P/P,EA
BGA161,2440,26,O/S,EA
BGA161,2450,27,L/S,EA
BGA161,2460,28,F/V,EA
BGA161,2470,29,4IP,EA
BGA161,2480,30,PACK,EA
BGA161,2490,31,SHIP,EA
BGA185,2000,1,IQC,PCS
BGA185,2003,2,TPM,PCS
BGA185,2005,3,TAPING,PCS
BGA185,2010,4,LAPPING,PCS
BGA185,2020,5,A21 QUEUE,PCS
BGA185,2030,6,W/M,PCS
BGA185,2040,7,D/S,PCS
BGA185,2050,8,A31,EA
BGA185,2060,9,2IP,EA
BGA185,2061,10,UV,EA
BGA185,2070,11,D/A,EA
BGA185,2080,12,D/A CURE,EA
BGA185,2150,13,PLASMA,EA
BGA185,2090,14,POST D/A Q,EA
BGA185,2200,15,W/B,EA
BGA185,2210,16,3IP,EA
BGA185,2250,17,PLASMA,EA
BGA185,2230,18,M/D QUEUE,EA
BGA185,2300,19,M/D,EA
BGA185,2320,20,T/M,EA
BGA185,2330,21,PMC,EA
BGA185,2405,22,PLASMA,EA
BGA185,2418,23,WTC,EA
BGA185,2410,24,S/P,EA
BGA185,2430,25,F/S,EA
BGA185,2440,26,O/S,EA
BGA185,2450,27,L/S,EA
BGA185,2460,28,F/V,EA
BGA185,2470,29,4IP,EA
BGA185,2480,30,PACK,EA
BGA185,2490,31,SHIP,EA
BGA192,2000,1,IQC,PCS
BGA192,2003,2,TPM,PCS
BGA192,2005,3,TAPING,PCS
BGA192,2010,4,LAPPING,PCS
BGA192,2020,5,A21 QUEUE,PCS
BGA192,2030,6,W/M,PCS
BGA192,2040,7,D/S,PCS
BGA192,2050,8,A31,EA
BGA192,2060,9,2IP,EA
BGA192,2070,10,D/A,EA
BGA192,2080,11,D/A CURE,EA
BGA192,2150,12,PLASMA,EA
BGA192,2090,13,POST D/A Q,EA
BGA192,2200,14,W/B,EA
BGA192,2210,15,3IP,EA
BGA192,2250,16,PLASMA,EA
BGA192,2230,17,M/D QUEUE,EA
BGA192,2300,18,M/D,EA
BGA192,2320,19,T/M,EA
BGA192,6000,20,WTC2,EA
BGA192,2330,21,PMC,EA
BGA192,2405,22,PLASMA,EA
BGA192,2418,23,WTC,EA
BGA192,2410,24,S/P,EA
BGA192,2430,25,F/S,EA
BGA192,2435,26,P/P,EA
BGA192,2440,27,O/S,EA
BGA192,2450,28,L/S,EA
BGA192,2460,29,F/V,EA
BGA192,2470,30,4IP,EA
BGA192,2480,31,PACK,EA
BGA192,2490,32,SHIP,EA
BGA199,2000,1,IQC,PCS
BGA199,2003,2,TPM,PCS
BGA199,2005,3,TAPING,PCS
BGA199,2010,4,LAPPING,PCS
BGA199,2020,5,A21 QUEUE,PCS
BGA199,2030,6,W/M,PCS
BGA199,2040,7,D/S,PCS
BGA199,2050,8,A31,EA
BGA199,2060,9,2IP,EA
BGA199,2070,10,D/A,EA
BGA199,2080,11,D/A CURE,EA
BGA199,2150,12,PLASMA,EA
BGA199,2090,13,POST D/A Q,EA
BGA199,2200,14,W/B,EA
BGA199,2210,15,3IP,EA
BGA199,2250,16,PLASMA,EA
BGA199,2230,17,M/D QUEUE,EA
BGA199,2300,18,M/D,EA
BGA199,2320,19,T/M,EA
BGA199,6000,20,WTC2,EA
BGA199,2330,21,PMC,EA
BGA199,2405,22,PLASMA,EA
BGA199,2418,23,WTC,EA
BGA199,2410,24,S/P,EA
BGA199,2430,25,F/S,EA
BGA199,2435,26,P/P,EA
BGA199,2440,27,O/S,EA
BGA199,2450,28,L/S,EA
BGA199,2460,29,F/V,EA
BGA199,2470,30,4IP,EA
BGA199,2480,31,PACK,EA
BGA199,2490,32,SHIP,EA
BGA202,2000,1,IQC,PCS
BGA202,2003,2,TPM,PCS
BGA202,2005,3,TAPING,PCS
BGA202,2010,4,LAPPING,PCS
BGA202,2020,5,A21 QUEUE,PCS
BGA202,2030,6,W/M,PCS
BGA202,2040,7,D/S,PCS
BGA202,2050,8,A31,EA
BGA202,2060,9,2IP,EA
BGA202,2070,10,D/A,EA
BGA202,2080,11,D/A CURE,EA
BGA202,2150,12,PLASMA,EA
BGA202,2090,13,POST D/A Q,EA
BGA202,2200,14,W/B,EA
BGA202,2205,15,A41,EA
BGA202,2210,16,3IP,EA
BGA202,2250,17,PLASMA,EA
BGA202,2230,18,M/D QUEUE,EA
BGA202,2300,19,M/D,EA
BGA202,2320,20,T/M,EA
BGA202,6000,21,WTC2,EA
BGA202,2330,22,PMC,EA
BGA202,2405,23,PLASMA,EA
BGA202,2418,24,WTC,EA
BGA202,2410,25,S/P,EA
BGA202,2430,26,F/S,EA
BGA202,2435,27,P/P,EA
BGA202,2440,28,O/S,EA
BGA202,2450,29,L/S,EA
BGA202,2460,30,F/V,EA
BGA202,2470,31,4IP,EA
BGA202,2480,32,PACK,EA
BGA202,2490,33,SHIP,EA
BGA206,2000,1,IQC,PCS
BGA206,2058,2,RWTC,EA
BGA206,2050,3,A31,EA
BGA206,2060,4,2IP,EA
BGA206,2070,5,D/A,EA
BGA206,2080,6,D/A CURE,EA
BGA206,2150,7,PLASMA,EA
BGA206,2090,8,POST D/A Q,EA
BGA206,2200,9,W/B,EA
BGA206,2210,10,3IP,EA
BGA206,2250,11,PLASMA,EA
BGA206,2230,12,M/D QUEUE,EA
BGA206,2300,13,M/D,EA
BGA206,2320,14,T/M,EA
BGA206,6000,15,WTC2,EA
BGA206,2330,16,PMC,EA
BGA206,2405,17,PLASMA,EA
BGA206,2410,18,S/P,EA
BGA206,2430,19,F/S,EA
BGA206,2440,20,O/S,EA
BGA206,2450,21,L/S,EA
BGA206,2460,22,F/V,EA
BGA206,2470,23,4IP,EA
BGA206,2480,24,PACK,EA
BGA206,2490,25,SHIP,EA
BGA212,2000,1,IQC,PCS
BGA212,2003,2,TPM,PCS
BGA212,2005,3,TAPING,PCS
BGA212,2010,4,LAPPING,PCS
BGA212,2020,5,A21 QUEUE,PCS
BGA212,2030,6,W/M,PCS
BGA212,2040,7,D/S,PCS
BGA212,2050,8,A31,EA
BGA212,2060,9,2IP,EA
BGA212,2061,10,UV,EA
BGA212,2070,11,D/A,EA
BGA212,2080,12,D/A CURE,EA
BGA212,2150,13,PLASMA,EA
BGA212,2090,14,POST D/A Q,EA
BGA212,2200,15,W/B,EA
BGA212,2205,16,A41,EA
BGA212,2210,17,3IP,EA
BGA212,2250,18,PLASMA,EA
BGA212,2230,19,M/D QUEUE,EA
BGA212,2300,20,M/D,EA
BGA212,2320,21,T/M,EA
BGA212,6000,22,WTC2,EA
BGA212,2330,23,PMC,EA
BGA212,2405,24,PLASMA,EA
BGA212,2410,25,S/P,EA
BGA212,2430,26,F/S,EA
BGA212,2440,27,O/S,EA
BGA212,2450,28,L/S,EA
BGA212,2460,29,F/V,EA
BGA212,2470,30,4IP,EA
BGA212,2480,31,PACK,EA
BGA212,2490,32,SHIP,EA
BGA239,2000,1,IQC,PCS
BGA239,2003,2,TPM,PCS
BGA239,2005,3,TAPING,PCS
BGA239,2010,4,LAPPING,PCS
BGA239,2020,5,A21 QUEUE,PCS
BGA239,2030,6,W/M,PCS
BGA239,2040,7,D/S,PCS
BGA239,2050,8,A31,EA
BGA239,2060,9,2IP,EA
BGA239,2061,10,UV,EA
BGA239,2070,11,D/A,EA
BGA239,2080,12,D/A CURE,EA
BGA239,2150,13,PLASMA,EA
BGA239,2090,14,POST D/A Q,EA
BGA239,2200,15,W/B,EA
BGA239,2210,16,3IP,EA
BGA239,2250,17,PLASMA,EA
BGA239,2230,18,M/D QUEUE,EA
BGA239,2300,19,M/D,EA
BGA239,2320,20,T/M,EA
BGA239,6000,21,WTC2,EA
BGA239,2330,22,PMC,EA
BGA239,2405,23,PLASMA,EA
BGA239,2418,24,WTC,EA
BGA239,2410,25,S/P,EA
BGA239,2430,26,F/S,EA
BGA239,2435,27,P/P,EA
BGA239,2440,28,O/S,EA
BGA239,2450,29,L/S,EA
BGA239,2460,30,F/V,EA
BGA239,2470,31,4IP,EA
BGA239,2480,32,PACK,EA
BGA239,2490,33,SHIP,EA
BGA247,2000,1,IQC,PCS
BGA247,2003,2,TPM,PCS
BGA247,2005,3,TAPING,PCS
BGA247,2010,4,LAPPING,PCS
BGA247,2020,5,A21 QUEUE,PCS
BGA247,2030,6,W/M,PCS
BGA247,2040,7,D/S,PCS
BGA247,2050,8,A31,EA
BGA247,2060,9,2IP,EA
BGA247,2061,10,UV,EA
BGA247,2070,11,D/A,EA
BGA247,2080,12,D/A CURE,EA
BGA247,2150,13,PLASMA,EA
BGA247,2090,14,POST D/A Q,EA
BGA247,2200,15,W/B,EA
BGA247,2205,16,A41,EA
BGA247,2210,17,3IP,EA
BGA247,2250,18,PLASMA,EA
BGA247,2230,19,M/D QUEUE,EA
BGA247,2300,20,M/D,EA
BGA247,6000,21,WTC2,EA
BGA247,2330,22,PMC,EA
BGA247,2320,23,T/M,EA
BGA247,2405,24,PLASMA,EA
BGA247,2410,25,S/P,EA
BGA247,2430,26,F/S,EA
BGA247,2440,27,O/S,EA
BGA247,2450,28,L/S,EA
BGA247,2460,29,F/V,EA
BGA247,2470,30,4IP,EA
BGA247,2480,31,PACK,EA
BGA247,2490,32,SHIP,EA
BGA254,2000,1,IQC,PCS
BGA254,2003,2,TPM,PCS
BGA254,2005,3,TAPING,PCS
BGA254,2010,4,LAPPING,PCS
BGA254,2020,5,A21 QUEUE,PCS
BGA254,2030,6,W/M,PCS
BGA254,2040,7,D/S,PCS
BGA254,2050,8,A31,EA
BGA254,2060,9,2IP,EA
BGA254,2061,10,UV,EA
BGA254,2070,11,D/A,EA
BGA254,2080,12,D/A CURE,EA
BGA254,2150,13,PLASMA,EA
BGA254,2090,14,POST D/A Q,EA
BGA254,2200,15,W/B,EA
BGA254,2210,16,3IP,EA
BGA254,2250,17,PLASMA,EA
BGA254,2230,18,M/D QUEUE,EA
BGA254,2300,19,M/D,EA
BGA254,2320,20,T/M,EA
BGA254,6000,21,WTC2,EA
BGA254,2330,22,PMC,EA
BGA254,2405,23,PLASMA,EA
BGA254,2418,24,WTC,EA
BGA254,2410,25,S/P,EA
BGA254,2430,26,F/S,EA
BGA254,2435,27,P/P,EA
BGA254,2440,28,O/S,EA
BGA254,2450,29,L/S,EA
BGA254,2460,30,F/V,EA
BGA254,2470,31,4IP,EA
BGA254,2480,32,PACK,EA
BGA254,2490,33,SHIP,EA
BGA28,2000,1,IQC,PCS
BGA28,2003,2,TPM,PCS
BGA28,2005,3,TAPING,PCS
BGA28,2010,4,LAPPING,PCS
BGA28,2020,5,A21 QUEUE,PCS
BGA28,2030,6,W/M,PCS
BGA28,2040,7,D/S,PCS
BGA28,2050,8,A31,EA
BGA28,2060,9,2IP,EA
BGA28,2061,10,UV,EA
BGA28,2070,11,D/A,EA
BGA28,2080,12,D/A CURE,EA
BGA28,2150,13,PLASMA,EA
BGA28,2090,14,POST D/A Q,EA
BGA28,2200,15,W/B,EA
BGA28,2205,16,A41,EA
BGA28,2210,17,3IP,EA
BGA28,2250,18,PLASMA,EA
BGA28,2230,19,M/D QUEUE,EA
BGA28,2300,20,M/D,EA
BGA28,2330,21,PMC,EA
BGA28,2320,22,T/M,EA
BGA28,2405,23,PLASMA,EA
BGA28,2410,24,S/P,EA
BGA28,2430,25,F/S,EA
BGA28,2440,26,O/S,EA
BGA28,2450,27,L/S,EA
BGA28,2460,28,F/V,EA
BGA28,2470,29,4IP,EA
BGA28,2480,30,PACK,EA
BGA28,2490,31,SHIP,EA
BGA327,2000,1,IQC,PCS
BGA327,2003,2,TPM,PCS
BGA327,2005,3,TAPING,PCS
BGA327,2010,4,LAPPING,PCS
BGA327,2020,5,A21 QUEUE,PCS
BGA327,2030,6,W/M,PCS
BGA327,2040,7,D/S,PCS
BGA327,2050,8,A31,EA
BGA327,2056,9,AOI,EA
BGA327,2059,10,AOIR,EA
BGA327,2060,11,2IP,EA
BGA327,2070,12,D/A,EA
BGA327,2080,13,D/A CURE,EA
BGA327,2150,14,PLASMA,EA
BGA327,2090,15,POST D/A Q,EA
BGA327,2200,16,W/B,EA
BGA327,2205,17,A41,EA
BGA327,2209,18,BMP,EA
BGA327,2210,19,3IP,EA
BGA327,2250,20,PLASMA,EA
BGA327,2230,21,M/D QUEUE,EA
BGA327,2300,22,M/D,EA
BGA327,2320,23,T/M,EA
BGA327,6000,24,WTC2,EA
BGA327,2330,25,PMC,EA
BGA327,2405,26,PLASMA,EA
BGA327,2410,27,S/P,EA
BGA327,2430,28,F/S,EA
BGA327,2435,29,P/P,EA
BGA327,2440,30,O/S,EA
BGA327,2450,31,L/S,EA
BGA327,2460,32,F/V,EA
BGA327,2470,33,4IP,EA
BGA327,2480,34,PACK,EA
BGA327,2490,35,SHIP,EA
BGA335,2000,1,IQC,PCS
BGA335,2003,2,TPM,PCS
BGA335,2005,3,TAPING,PCS
BGA335,2010,4,LAPPING,PCS
BGA335,2020,5,A21 QUEUE,PCS
BGA335,2030,6,W/M,PCS
BGA335,2040,7,D/S,PCS
BGA335,2050,8,A31,EA
BGA335,2056,9,AOI,EA
BGA335,2059,10,AOIR,EA
BGA335,2060,11,2IP,EA
BGA335,2070,12,D/A,EA
BGA335,2080,13,D/A CURE,EA
BGA335,2150,14,PLASMA,EA
BGA335,2090,15,POST D/A Q,EA
BGA335,2200,16,W/B,EA
BGA335,2210,17,3IP,EA
BGA335,2250,18,PLASMA,EA
BGA335,2230,19,M/D QUEUE,EA
BGA335,2300,20,M/D,EA
BGA335,2320,21,T/M,EA
BGA335,6000,22,WTC2,EA
BGA335,2330,23,PMC,EA
BGA335,2422,24,PCL,EA
BGA335,2410,25,S/P,EA
BGA335,2430,26,F/S,EA
BGA335,2435,27,P/P,EA
BGA335,4710,28,AOST,EA
BGA335,2450,29,L/S,EA
BGA335,2460,30,F/V,EA
BGA335,2470,31,4IP,EA
BGA335,2478,32,LAB,EA
BGA335,2472,33,PKC,EA
BGA335,2480,34,PACK,EA
BGA335,2490,35,SHIP,EA
BGA345,2000,1,IQC,PCS
BGA345,2003,2,TPM,PCS
BGA345,2005,3,TAPING,PCS
BGA345,2010,4,LAPPING,PCS
BGA345,2020,5,A21 QUEUE,PCS
BGA345,2030,6,W/M,PCS
BGA345,2040,7,D/S,PCS
BGA345,2050,8,A31,EA
BGA345,2060,9,2IP,EA
BGA345,2070,10,D/A,EA
BGA345,2080,11,D/A CURE,EA
BGA345,2150,12,PLASMA,EA
BGA345,2090,13,POST D/A Q,EA
BGA345,2200,14,W/B,EA
BGA345,2210,15,3IP,EA
BGA345,2250,16,PLASMA,EA
BGA345,2230,17,M/D QUEUE,EA
BGA345,2300,18,M/D,EA
BGA345,2320,19,T/M,EA
BGA345,6000,20,WTC2,EA
BGA345,2330,21,PMC,EA
BGA345,2405,22,PLASMA,EA
BGA345,2418,23,WTC,EA
BGA345,2410,24,S/P,EA
BGA345,2430,25,F/S,EA
BGA345,2435,26,P/P,EA
BGA345,2440,27,O/S,EA
BGA345,2450,28,L/S,EA
BGA345,2460,29,F/V,EA
BGA345,2470,30,4IP,EA
BGA345,2480,31,PACK,EA
BGA345,2490,32,SHIP,EA
BGA362,2000,1,IQC,PCS
BGA362,2003,2,TPM,PCS
BGA362,2005,3,TAPING,PCS
BGA362,2010,4,LAPPING,PCS
BGA362,2020,5,A21 QUEUE,PCS
BGA362,2030,6,W/M,PCS
BGA362,2040,7,D/S,PCS
BGA362,2050,8,A31,EA
BGA362,2060,9,2IP,EA
BGA362,2070,10,D/A,EA
BGA362,2080,11,D/A CURE,EA
BGA362,2150,12,PLASMA,EA
BGA362,2090,13,POST D/A Q,EA
BGA362,2200,14,W/B,EA
BGA362,2209,15,BMP,EA
BGA362,2210,16,3IP,EA
BGA362,2250,17,PLASMA,EA
BGA362,2230,18,M/D QUEUE,EA
BGA362,2300,19,M/D,EA
BGA362,2320,20,T/M,EA
BGA362,2330,21,PMC,EA
BGA362,2422,22,PCL,EA
BGA362,2410,23,S/P,EA
BGA362,2430,24,F/S,EA
BGA362,2435,25,P/P,EA
BGA362,4710,26,AOST,EA
BGA362,2450,27,L/S,EA
BGA362,2460,28,F/V,EA
BGA362,2470,29,4IP,EA
BGA362,2478,30,LAB,EA
BGA362,2472,31,PKC,EA
BGA362,2480,32,PACK,EA
BGA362,2490,33,SHIP,EA
BGA387,2000,1,IQC,PCS
BGA387,2003,2,TPM,PCS
BGA387,2005,3,TAPING,PCS
BGA387,2010,4,LAPPING,PCS
BGA387,2020,5,A21 QUEUE,PCS
BGA387,2030,6,W/M,PCS
BGA387,2040,7,D/S,PCS
BGA387,2050,8,A31,EA
BGA387,2060,9,2IP,EA
BGA387,2070,10,D/A,EA
BGA387,2080,11,D/A CURE,EA
BGA387,2150,12,PLASMA,EA
BGA387,2090,13,POST D/A Q,EA
BGA387,2200,14,W/B,EA
BGA387,2205,15,A41,EA
BGA387,2209,16,BMP,EA
BGA387,2210,17,3IP,EA
BGA387,2250,18,PLASMA,EA
BGA387,2230,19,M/D QUEUE,EA
BGA387,2300,20,M/D,EA
BGA387,2320,21,T/M,EA
BGA387,6000,22,WTC2,EA
BGA387,2330,23,PMC,EA
BGA387,2405,24,PLASMA,EA
BGA387,2410,25,S/P,EA
BGA387,2430,26,F/S,EA
BGA387,2435,27,P/P,EA
BGA387,2440,28,O/S,EA
BGA387,2450,29,L/S,EA
BGA387,2460,30,F/V,EA
BGA387,2470,31,4IP,EA
BGA387,2480,32,PACK,EA
BGA387,2490,33,SHIP,EA
BGA40,2000,1,IQC,PCS
BGA40,2003,2,TPM,PCS
BGA40,2005,3,TAPING,PCS
BGA40,2010,4,LAPPING,PCS
BGA40,2020,5,A21 QUEUE,PCS
BGA40,2030,6,W/M,PCS
BGA40,2040,7,D/S,PCS
BGA40,2050,8,A31,EA
BGA40,2060,9,2IP,EA
BGA40,2061,10,UV,EA
BGA40,2070,11,D/A,EA
BGA40,2080,12,D/A CURE,EA
BGA40,2150,13,PLASMA,EA
BGA40,2090,14,POST D/A Q,EA
BGA40,2200,15,W/B,EA
BGA40,2210,16,3IP,EA
BGA40,2250,17,PLASMA,EA
BGA40,2230,18,M/D QUEUE,EA
BGA40,2300,19,M/D,EA
BGA40,2320,20,T/M,EA
BGA40,6000,21,WTC2,EA
BGA40,2330,22,PMC,EA
BGA40,2405,23,PLASMA,EA
BGA40,2418,24,WTC,EA
BGA40,2410,25,S/P,EA
BGA40,2430,26,F/S,EA
BGA40,2440,27,O/S,EA
BGA40,2450,28,L/S,EA
BGA40,2460,29,F/V,EA
BGA40,2470,30,4IP,EA
BGA40,2480,31,PACK,EA
BGA40,2490,32,SHIP,EA
BGA402,2000,1,IQC,PCS
BGA402,2003,2,TPM,PCS
BGA402,2005,3,TAPING,PCS
BGA402,2010,4,LAPPING,PCS
BGA402,2020,5,A21 QUEUE,PCS
BGA402,2030,6,W/M,PCS
BGA402,2040,7,D/S,PCS
BGA402,2050,8,A31,EA
BGA402,2056,9,AOI,EA
BGA402,2059,10,AOIR,EA
BGA402,2060,11,2IP,EA
BGA402,2061,12,UV,EA
BGA402,2070,13,D/A,EA
BGA402,2080,14,D/A CURE,EA
BGA402,2150,15,PLASMA,EA
BGA402,2090,16,POST D/A Q,EA
BGA402,2200,17,W/B,EA
BGA402,2210,18,3IP,EA
BGA402,2250,19,PLASMA,EA
BGA402,2230,20,M/D QUEUE,EA
BGA402,2300,21,M/D,EA
BGA402,2320,22,T/M,EA
BGA402,6000,23,WTC2,EA
BGA402,2330,24,PMC,EA
BGA402,2405,25,PLASMA,EA
BGA402,2418,26,WTC,EA
BGA402,2410,27,S/P,EA
BGA402,2430,28,F/S,EA
BGA402,2440,29,O/S,EA
BGA402,2450,30,L/S,EA
BGA402,2460,31,F/V,EA
BGA402,2470,32,4IP,EA
BGA402,2480,33,PACK,EA
BGA402,2490,34,SHIP,EA
BGA403,2000,1,IQC,PCS
BGA403,2003,2,TPM,PCS
BGA403,2005,3,TAPING,PCS
BGA403,2010,4,LAPPING,PCS
BGA403,2020,5,A21 QUEUE,PCS
BGA403,2030,6,W/M,PCS
BGA403,2040,7,D/S,PCS
BGA403,2050,8,A31,EA
BGA403,2056,9,AOI,EA
BGA403,2059,10,AOIR,EA
BGA403,2060,11,2IP,EA
BGA403,2070,12,D/A,EA
BGA403,2080,13,D/A CURE,EA
BGA403,2150,14,PLASMA,EA
BGA403,2090,15,POST D/A Q,EA
BGA403,2200,16,W/B,EA
BGA403,2205,17,A41,EA
BGA403,2210,18,3IP,EA
BGA403,2250,19,PLASMA,EA
BGA403,2230,20,M/D QUEUE,EA
BGA403,2300,21,M/D,EA
BGA403,2320,22,T/M,EA
BGA403,6000,23,WTC2,EA
BGA403,2330,24,PMC,EA
BGA403,2405,25,PLASMA,EA
BGA403,2418,26,WTC,EA
BGA403,2410,27,S/P,EA
BGA403,2430,28,F/S,EA
BGA403,2435,29,P/P,EA
BGA403,2440,30,O/S,EA
BGA403,2450,31,L/S,EA
BGA403,2460,32,F/V,EA
BGA403,2470,33,4IP,EA
BGA403,2480,34,PACK,EA
BGA403,2490,35,SHIP,EA
BGA404,2000,1,IQC,PCS
BGA404,2003,2,TPM,PCS
BGA404,2005,3,TAPING,PCS
BGA404,2010,4,LAPPING,PCS
BGA404,2020,5,A21 QUEUE,PCS
BGA404,2030,6,W/M,PCS
BGA404,2040,7,D/S,PCS
BGA404,2050,8,A31,EA
BGA404,2056,9,AOI,EA
BGA404,2059,10,AOIR,EA
BGA404,2060,11,2IP,EA
BGA404,2061,12,UV,EA
BGA404,2070,13,D/A,EA
BGA404,2080,14,D/A CURE,EA
BGA404,2150,15,PLASMA,EA
BGA404,2090,16,POST D/A Q,EA
BGA404,2200,17,W/B,EA
BGA404,2210,18,3IP,EA
BGA404,2250,19,PLASMA,EA
BGA404,2230,20,M/D QUEUE,EA
BGA404,2300,21,M/D,EA
BGA404,2320,22,T/M,EA
BGA404,6000,23,WTC2,EA
BGA404,2330,24,PMC,EA
BGA404,2405,25,PLASMA,EA
BGA404,2418,26,WTC,EA
BGA404,2410,27,S/P,EA
BGA404,2430,28,F/S,EA
BGA404,2440,29,O/S,EA
BGA404,2450,30,L/S,EA
BGA404,2460,31,F/V,EA
BGA404,2470,32,4IP,EA
BGA404,2480,33,PACK,EA
BGA404,2490,34,SHIP,EA
BGA405,2000,1,IQC,PCS
BGA405,2003,2,TPM,PCS
BGA405,2005,3,TAPING,PCS
BGA405,2010,4,LAPPING,PCS
BGA405,2020,5,A21 QUEUE,PCS
BGA405,2030,6,W/M,PCS
BGA405,2040,7,D/S,PCS
BGA405,2050,8,A31,EA
BGA405,2056,9,AOI,EA
BGA405,2059,10,AOIR,EA
BGA405,2060,11,2IP,EA
BGA405,2061,12,UV,EA
BGA405,2070,13,D/A,EA
BGA405,2080,14,D/A CURE,EA
BGA405,2150,15,PLASMA,EA
BGA405,2090,16,POST D/A Q,EA
BGA405,2200,17,W/B,EA
BGA405,2210,18,3IP,EA
BGA405,2250,19,PLASMA,EA
BGA405,2230,20,M/D QUEUE,EA
BGA405,2300,21,M/D,EA
BGA405,2320,22,T/M,EA
BGA405,6000,23,WTC2,EA
BGA405,2330,24,PMC,EA
BGA405,2405,25,PLASMA,EA
BGA405,2418,26,WTC,EA
BGA405,2410,27,S/P,EA
BGA405,2430,28,F/S,EA
BGA405,2440,29,O/S,EA
BGA405,2450,30,L/S,EA
BGA405,2460,31,F/V,EA
BGA405,2470,32,4IP,EA
BGA405,2480,33,PACK,EA
BGA405,2490,34,SHIP,EA
BGA452,2000,1,IQC,PCS
BGA452,2003,2,TPM,PCS
BGA452,2005,3,TAPING,PCS
BGA452,2010,4,LAPPING,PCS
BGA452,2020,5,A21 QUEUE,PCS
BGA452,2030,6,W/M,PCS
BGA452,2040,7,D/S,PCS
BGA452,2050,8,A31,EA
BGA452,2060,9,2IP,EA
BGA452,2070,10,D/A,EA
BGA452,2080,11,D/A CURE,EA
BGA452,2150,12,PLASMA,EA
BGA452,2090,13,POST D/A Q,EA
BGA452,2200,14,W/B,EA
BGA452,2210,15,3IP,EA
BGA452,2250,16,PLASMA,EA
BGA452,2230,17,M/D QUEUE,EA
BGA452,2300,18,M/D,EA
BGA452,2320,19,T/M,EA
BGA452,6000,20,WTC2,EA
BGA452,2330,21,PMC,EA
BGA452,2405,22,PLASMA,EA
BGA452,2418,23,WTC,EA
BGA452,2410,24,S/P,EA
BGA452,2430,25,F/S,EA
BGA452,2435,26,P/P,EA
BGA452,2440,27,O/S,EA
BGA452,2450,28,L/S,EA
BGA452,2460,29,F/V,EA
BGA452,2470,30,4IP,EA
BGA452,2480,31,PACK,EA
BGA452,2490,32,SHIP,EA
BGA453,2000,1,IQC,PCS
BGA453,2003,2,TPM,PCS
BGA453,2005,3,TAPING,PCS
BGA453,2010,4,LAPPING,PCS
BGA453,2020,5,A21 QUEUE,PCS
BGA453,2030,6,W/M,PCS
BGA453,2040,7,D/S,PCS
BGA453,2050,8,A31,EA
BGA453,2056,9,AOI,EA
BGA453,2059,10,AOIR,EA
BGA453,2060,11,2IP,EA
BGA453,2070,12,D/A,EA
BGA453,2080,13,D/A CURE,EA
BGA453,2150,14,PLASMA,EA
BGA453,2090,15,POST D/A Q,EA
BGA453,2200,16,W/B,EA
BGA453,2210,17,3IP,EA
BGA453,2250,18,PLASMA,EA
BGA453,2230,19,M/D QUEUE,EA
BGA453,2300,20,M/D,EA
BGA453,2320,21,T/M,EA
BGA453,6000,22,WTC2,EA
BGA453,2330,23,PMC,EA
BGA453,2405,24,PLASMA,EA
BGA453,2418,25,WTC,EA
BGA453,2410,26,S/P,EA
BGA453,2430,27,F/S,EA
BGA453,2435,28,P/P,EA
BGA453,2440,29,O/S,EA
BGA453,2450,30,L/S,EA
BGA453,2460,31,F/V,EA
BGA453,2470,32,4IP,EA
BGA453,2480,33,PACK,EA
BGA453,2490,34,SHIP,EA
BGA521,2000,1,IQC,PCS
BGA521,2003,2,TPM,PCS
BGA521,2005,3,TAPING,PCS
BGA521,2010,4,LAPPING,PCS
BGA521,2020,5,A21 QUEUE,PCS
BGA521,2030,6,W/M,PCS
BGA521,2040,7,D/S,PCS
BGA521,2050,8,A31,EA
BGA521,2060,9,2IP,EA
BGA521,2061,10,UV,EA
BGA521,2070,11,D/A,EA
BGA521,2080,12,D/A CURE,EA
BGA521,2150,13,PLASMA,EA
BGA521,2090,14,POST D/A Q,EA
BGA521,2200,15,W/B,EA
BGA521,2210,16,3IP,EA
BGA521,2250,17,PLASMA,EA
BGA521,2230,18,M/D QUEUE,EA
BGA521,2300,19,M/D,EA
BGA521,2320,20,T/M,EA
BGA521,2330,21,PMC,EA
BGA521,2405,22,PLASMA,EA
BGA521,2418,23,WTC,EA
BGA521,2410,24,S/P,EA
BGA521,2430,25,F/S,EA
BGA521,2435,26,P/P,EA
BGA521,2440,27,O/S,EA
BGA521,2450,28,L/S,EA
BGA521,2460,29,F/V,EA
BGA521,2470,30,4IP,EA
BGA521,2480,31,PACK,EA
BGA521,2490,32,SHIP,EA
BGA622,2000,1,IQC,PCS
BGA622,2003,2,TPM,PCS
BGA622,2005,3,TAPING,PCS
BGA622,2010,4,LAPPING,PCS
BGA622,2020,5,A21 QUEUE,PCS
BGA622,2030,6,W/M,PCS
BGA622,2040,7,D/S,PCS
BGA622,2050,8,A31,EA
BGA622,2060,9,2IP,EA
BGA622,2061,10,UV,EA
BGA622,2070,11,D/A,EA
BGA622,2080,12,D/A CURE,EA
BGA622,2150,13,PLASMA,EA
BGA622,2090,14,POST D/A Q,EA
BGA622,2200,15,W/B,EA
BGA622,2210,16,3IP,EA
BGA622,2250,17,PLASMA,EA
BGA622,2230,18,M/D QUEUE,EA
BGA622,2300,19,M/D,EA
BGA622,2320,20,T/M,EA
BGA622,6000,21,WTC2,EA
BGA622,2330,22,PMC,EA
BGA622,2405,23,PLASMA,EA
BGA622,2410,24,S/P,EA
BGA622,2430,25,F/S,EA
BGA622,2440,26,O/S,EA
BGA622,2450,27,L/S,EA
BGA622,2460,28,F/V,EA
BGA622,2470,29,4IP,EA
BGA622,2480,30,PACK,EA
BGA622,2490,31,SHIP,EA
BGA626,2000,1,IQC,PCS
BGA626,2003,2,TPM,PCS
BGA626,2005,3,TAPING,PCS
BGA626,2006,4,PLP,PCS
BGA626,2009,5,S/D,PCS
BGA626,2010,6,LAPPING,PCS
BGA626,2030,7,W/M,PCS
BGA626,2033,8,DSP,PCS
BGA626,2050,9,A31,EA
BGA626,2056,10,AOI,EA
BGA626,2059,11,AOIR,EA
BGA626,2060,12,2IP,EA
BGA626,2061,13,UV,EA
BGA626,2070,14,D/A,EA
BGA626,2080,15,D/A CURE,EA
BGA626,2150,16,PLASMA,EA
BGA626,2090,17,POST D/A Q,EA
BGA626,2200,18,W/B,EA
BGA626,2210,19,3IP,EA
BGA626,2250,20,PLASMA,EA
BGA626,2230,21,M/D QUEUE,EA
BGA626,2300,22,M/D,EA
BGA626,2320,23,T/M,EA
BGA626,6000,24,WTC2,EA
BGA626,2330,25,PMC,EA
BGA626,2405,26,PLASMA,EA
BGA626,2410,27,S/P,EA
BGA626,2430,28,F/S,EA
BGA626,2440,29,O/S,EA
BGA626,2450,30,L/S,EA
BGA626,2460,31,F/V,EA
BGA626,2470,32,4IP,EA
BGA626,2480,33,PACK,EA
BGA626,2490,34,SHIP,EA
BGA734,2000,1,IQC,PCS
BGA734,2003,2,TPM,PCS
BGA734,2005,3,TAPING,PCS
BGA734,2010,4,LAPPING,PCS
BGA734,2020,5,A21 QUEUE,PCS
BGA734,2030,6,W/M,PCS
BGA734,2040,7,D/S,PCS
BGA734,2050,8,A31,EA
BGA734,2060,9,2IP,EA
BGA734,2061,10,UV,EA
BGA734,2070,11,D/A,EA
BGA734,2080,12,D/A CURE,EA
BGA734,2150,13,PLASMA,EA
BGA734,2090,14,POST D/A Q,EA
BGA734,2200,15,W/B,EA
BGA734,2205,16,A41,EA
BGA734,2210,17,3IP,EA
BGA734,2250,18,PLASMA,EA
BGA734,2230,19,M/D QUEUE,EA
BGA734,2300,20,M/D,EA
BGA734,2320,21,T/M,EA
BGA734,6000,22,WTC2,EA
BGA734,2330,23,PMC,EA
BGA734,2405,24,PLASMA,EA
BGA734,2410,25,S/P,EA
BGA734,2430,26,F/S,EA
BGA734,2440,27,O/S,EA
BGA734,2450,28,L/S,EA
BGA734,2460,29,F/V,EA
BGA734,2470,30,4IP,EA
BGA734,2480,31,PACK,EA
BGA734,2490,32,SHIP,EA
BGA735,2000,1,IQC,PCS
BGA735,2003,2,TPM,PCS
BGA735,2005,3,TAPING,PCS
BGA735,2010,4,LAPPING,PCS
BGA735,2020,5,A21 QUEUE,PCS
BGA735,2030,6,W/M,PCS
BGA735,2040,7,D/S,PCS
BGA735,2050,8,A31,EA
BGA735,2056,9,AOI,EA
BGA735,2059,10,AOIR,EA
BGA735,2060,11,2IP,EA
BGA735,2061,12,UV,EA
BGA735,2070,13,D/A,EA
BGA735,2080,14,D/A CURE,EA
BGA735,2150,15,PLASMA,EA
BGA735,2090,16,POST D/A Q,EA
BGA735,2200,17,W/B,EA
BGA735,2205,18,A41,EA
BGA735,2210,19,3IP,EA
BGA735,2250,20,PLASMA,EA
BGA735,2230,21,M/D QUEUE,EA
BGA735,2300,22,M/D,EA
BGA735,2320,23,T/M,EA
BGA735,6000,24,WTC2,EA
BGA735,2330,25,PMC,EA
BGA735,2405,26,PLASMA,EA
BGA735,2410,27,S/P,EA
BGA735,2430,28,F/S,EA
BGA735,2440,29,O/S,EA
BGA735,2450,30,L/S,EA
BGA735,2460,31,F/V,EA
BGA735,2470,32,4IP,EA
BGA735,2480,33,PACK,EA
BGA735,2490,34,SHIP,EA
BGA739,2000,1,IQC,PCS
BGA739,2003,2,TPM,PCS
BGA739,2005,3,TAPING,PCS
BGA739,2010,4,LAPPING,PCS
BGA739,2020,5,A21 QUEUE,PCS
BGA739,2030,6,W/M,PCS
BGA739,2040,7,D/S,PCS
BGA739,2050,8,A31,EA
BGA739,2060,9,2IP,EA
BGA739,2061,10,UV,EA
BGA739,2070,11,D/A,EA
BGA739,2080,12,D/A CURE,EA
BGA739,2150,13,PLASMA,EA
BGA739,2090,14,POST D/A Q,EA
BGA739,2200,15,W/B,EA
BGA739,2210,16,3IP,EA
BGA739,2250,17,PLASMA,EA
BGA739,2230,18,M/D QUEUE,EA
BGA739,2300,19,M/D,EA
BGA739,2320,20,T/M,EA
BGA739,6000,21,WTC2,EA
BGA739,2330,22,PMC,EA
BGA739,2405,23,PLASMA,EA
BGA739,2418,24,WTC,EA
BGA739,2410,25,S/P,EA
BGA739,2430,26,F/S,EA
BGA739,2435,27,P/P,EA
BGA739,2440,28,O/S,EA
BGA739,2450,29,L/S,EA
BGA739,2460,30,F/V,EA
BGA739,2470,31,4IP,EA
BGA739,2480,32,PACK,EA
BGA739,2490,33,SHIP,EA
BGA740,2000,1,IQC,PCS
BGA740,2003,2,TPM,PCS
BGA740,2005,3,TAPING,PCS
BGA740,2010,4,LAPPING,PCS
BGA740,2020,5,A21 QUEUE,PCS
BGA740,2030,6,W/M,PCS
BGA740,2040,7,D/S,PCS
BGA740,2050,8,A31,EA
BGA740,2060,9,2IP,EA
BGA740,2061,10,UV,EA
BGA740,2070,11,D/A,EA
BGA740,2080,12,D/A CURE,EA
BGA740,2150,13,PLASMA,EA
BGA740,2090,14,POST D/A Q,EA
BGA740,2200,15,W/B,EA
BGA740,2210,16,3IP,EA
BGA740,2250,17,PLASMA,EA
BGA740,2230,18,M/D QUEUE,EA
BGA740,2300,19,M/D,EA
BGA740,2320,20,T/M,EA
BGA740,6000,21,WTC2,EA
BGA740,2330,22,PMC,EA
BGA740,2405,23,PLASMA,EA
BGA740,2418,24,WTC,EA
BGA740,2410,25,S/P,EA
BGA740,2430,26,F/S,EA
BGA740,2440,27,O/S,EA
BGA740,2450,28,L/S,EA
BGA740,2460,29,F/V,EA
BGA740,2470,30,4IP,EA
BGA740,2480,31,PACK,EA
BGA740,2490,32,SHIP,EA
BGA748,2000,1,IQC,PCS
BGA748,2003,2,TPM,PCS
BGA748,2005,3,TAPING,PCS
BGA748,2010,4,LAPPING,PCS
BGA748,2020,5,A21 QUEUE,PCS
BGA748,2030,6,W/M,PCS
BGA748,2040,7,D/S,PCS
BGA748,2050,8,A31,EA
BGA748,2060,9,2IP,EA
BGA748,2061,10,UV,EA
BGA748,2070,11,D/A,EA
BGA748,2080,12,D/A CURE,EA
BGA748,2150,13,PLASMA,EA
BGA748,2090,14,POST D/A Q,EA
BGA748,2200,15,W/B,EA
BGA748,2205,16,A41,EA
BGA748,2210,17,3IP,EA
BGA748,2250,18,PLASMA,EA
BGA748,2230,19,M/D QUEUE,EA
BGA748,2300,20,M/D,EA
BGA748,6000,21,WTC2,EA
BGA748,2330,22,PMC,EA
BGA748,2320,23,T/M,EA
BGA748,2405,24,PLASMA,EA
BGA748,2410,25,S/P,EA
BGA748,2430,26,F/S,EA
BGA748,2440,27,O/S,EA
BGA748,2450,28,L/S,EA
BGA748,2460,29,F/V,EA
BGA748,2470,30,4IP,EA
BGA748,2480,31,PACK,EA
BGA748,2490,32,SHIP,EA
BGADAE01,5030,1,SLM,EA
BGADAE01,5070,2,PSC,EA
BGADAF01,5030,1,SLM,EA
BGADAF01,5070,2,PSC,EA
BGADAF01,2064,3,PLASMA,EA
BGAPRT01,5030,1,SLM,EA
BGAPRT01,5050,2,PRT,EA
BGAPRT01,5060,3,PRTC,EA
BGAPRT01,5065,4,QRM,EA
BGAPRT02,5030,1,SLM,EA
BGAPRT02,5040,2,SC,EA
BGAPRT02,5050,3,PRT,EA
BGAPRT02,5060,4,PRTC,EA
BGAPRT02,5065,5,QRM,EA
BGASMT01,5070,1,PSC,EA
BGASMT01,2064,2,PLASMA,EA
CON132,2000,1,IQC,PCS
CON132,2003,2,TPM,PCS
CON132,2005,3,TAPING,PCS
CON132,2010,4,LAPPING,PCS
CON132,2020,5,A21 QUEUE,PCS
CON132,2030,6,W/M,PCS
CON132,2040,7,D/S,PCS
CON132,2050,8,A31,EA
CON132,2060,9,2IP,EA
CON132,2070,10,D/A,EA
CON132,2080,11,D/A CURE,EA
CON132,2150,12,PLASMA,EA
CON132,2090,13,POST D/A Q,EA
CON132,2200,14,W/B,EA
CON132,2205,15,A41,EA
CON132,2210,16,3IP,EA
CON132,2230,17,M/D QUEUE,EA
CON132,2250,18,PLASMA,EA
CON132,2300,19,M/D,EA
CON132,2330,20,PMC,EA
CON132,2403,21,C/D,EA
CON132,2410,22,S/P,EA
CON132,2420,23,SP-I,EA
CON132,2425,24,INK CURE,EA
CON132,2320,25,T/M,EA
CON132,2430,26,F/S,EA
CON132,3710,27,DFT,EA
CON132,2470,28,4IP,EA
CON132,2480,29,PACK,EA
CON132,2490,30,SHIP,EA
CON157,2000,1,IQC,PCS
CON157,2003,2,TPM,PCS
CON157,2005,3,TAPING,PCS
CON157,2010,4,LAPPING,PCS
CON157,2020,5,A21 QUEUE,PCS
CON157,2030,6,W/M,PCS
CON157,2040,7,D/S,PCS
CON157,2050,8,A31,EA
CON157,2060,9,2IP,EA
CON157,2070,10,D/A,EA
CON157,2080,11,D/A CURE,EA
CON157,2150,12,PLASMA,EA
CON157,2090,13,POST D/A Q,EA
CON157,2200,14,W/B,EA
CON157,2210,15,3IP,EA
CON157,2230,16,M/D QUEUE,EA
CON157,2300,17,M/D,EA
CON157,2310,18,B/M,EA
CON157,2320,19,T/M,EA
CON157,2330,20,PMC,EA
CON157,2415,21,IR,EA
CON157,2400,22,D/T,EA
CON157,2410,23,S/P,EA
CON157,2420,24,SP-I,EA
CON157,2425,25,INK CURE,EA
CON157,2430,26,F/S,EA
CON157,2440,27,O/S,EA
CON157,2450,28,L/S,EA
CON157,2460,29,F/V,EA
CON157,2470,30,4IP,EA
CON157,2480,31,PACK,EA
CON157,2490,32,SHIP,EA
CON197,2000,1,IQC,PCS
CON197,2003,2,TPM,PCS
CON197,2005,3,TAPING,PCS
CON197,2010,4,LAPPING,PCS
CON197,2020,5,A21 QUEUE,PCS
CON197,2030,6,W/M,PCS
CON197,2040,7,D/S,PCS
CON197,2050,8,A31,EA
CON197,2056,9,AOI,EA
CON197,2059,10,AOIR,EA
CON197,2060,11,2IP,EA
CON197,2061,12,UV,EA
CON197,2070,13,D/A,EA
CON197,2080,14,D/A CURE,EA
CON197,2150,15,PLASMA,EA
CON197,2090,16,POST D/A Q,EA
CON197,2200,17,W/B,EA
CON197,2210,18,3IP,EA
CON197,2230,19,M/D QUEUE,EA
CON197,2300,20,M/D,EA
CON197,2320,21,T/M,EA
CON197,2330,22,PMC,EA
CON197,2430,23,F/S,EA
CON197,2460,24,F/V,EA
CON197,2470,25,4IP,EA
CON197,2480,26,PACK,EA
CON197,2490,27,SHIP,EA
CON20,2000,1,IQC,PCS
CON20,2003,2,TPM,PCS
CON20,2005,3,TAPING,PCS
CON20,2010,4,LAPPING,PCS
CON20,2020,5,A21 QUEUE,PCS
CON20,2030,6,W/M,PCS
CON20,2040,7,D/S,PCS
CON20,2050,8,A31,EA
CON20,2060,9,2IP,EA
CON20,2070,10,D/A,EA
CON20,2080,11,D/A CURE,EA
CON20,2150,12,PLASMA,EA
CON20,2090,13,POST D/A Q,EA
CON20,2200,14,W/B,EA
CON20,2210,15,3IP,EA
CON20,2230,16,M/D QUEUE,EA
CON20,2300,17,M/D,EA
CON20,2320,18,T/M,EA
CON20,2330,19,PMC,EA
CON20,2400,20,D/T,EA
CON20,2410,21,S/P,EA
CON20,2420,22,SP-I,EA
CON20,2430,23,F/S,EA
CON20,2440,24,O/S,EA
CON20,2450,25,L/S,EA
CON20,2460,26,F/V,EA
CON20,2470,27,4IP,EA
CON20,2480,28,PACK,EA
CON20,2490,29,SHIP,EA
CON248,2000,1,IQC,PCS
CON248,2003,2,TPM,PCS
CON248,2005,3,TAPING,PCS
CON248,2010,4,LAPPING,PCS
CON248,2020,5,A21 QUEUE,PCS
CON248,2030,6,W/M,PCS
CON248,2040,7,D/S,PCS
CON248,2050,8,A31,EA
CON248,2060,9,2IP,EA
CON248,2061,10,UV,EA
CON248,2070,11,D/A,EA
CON248,2080,12,D/A CURE,EA
CON248,2150,13,PLASMA,EA
CON248,2090,14,POST D/A Q,EA
CON248,2200,15,W/B,EA
CON248,2210,16,3IP,EA
CON248,2230,17,M/D QUEUE,EA
CON248,2300,18,M/D,EA
CON248,2310,19,B/M,EA
CON248,2330,20,PMC,EA
CON248,2400,21,D/T,EA
CON248,2410,22,S/P,EA
CON248,2420,23,SP-I,EA
CON248,2425,24,INK CURE,EA
CON248,2430,25,F/S,EA
CON248,2440,26,O/S,EA
CON248,2450,27,L/S,EA
CON248,2460,28,F/V,EA
CON248,2470,29,4IP,EA
CON248,2480,30,PACK,EA
CON248,2490,31,SHIP,EA
CON257,2000,1,IQC,PCS
CON257,2003,2,TPM,PCS
CON257,2005,3,TAPING,PCS
CON257,2010,4,LAPPING,PCS
CON257,2020,5,A21 QUEUE,PCS
CON257,2030,6,W/M,PCS
CON257,2040,7,D/S,PCS
CON257,2050,8,A31,EA
CON257,2060,9,2IP,EA
CON257,2061,10,UV,EA
CON257,2070,11,D/A,EA
CON257,2080,12,D/A CURE,EA
CON257,2150,13,PLASMA,EA
CON257,2090,14,POST D/A Q,EA
CON257,2200,15,W/B,EA
CON257,2210,16,3IP,EA
CON257,2230,17,M/D QUEUE,EA
CON257,2300,18,M/D,EA
CON257,2310,19,B/M,EA
CON257,2320,20,T/M,EA
CON257,2330,21,PMC,EA
CON257,2400,22,D/T,EA
CON257,2410,23,S/P,EA
CON257,2420,24,SP-I,EA
CON257,2425,25,INK CURE,EA
CON257,2430,26,F/S,EA
CON257,2440,27,O/S,EA
CON257,2450,28,L/S,EA
CON257,2460,29,F/V,EA
CON257,2470,30,4IP,EA
CON257,2480,31,PACK,EA
CON257,2490,32,SHIP,EA
CON258,2000,1,IQC,PCS
CON258,2003,2,TPM,PCS
CON258,2005,3,TAPING,PCS
CON258,2010,4,LAPPING,PCS
CON258,2020,5,A21 QUEUE,PCS
CON258,2030,6,W/M,PCS
CON258,2040,7,D/S,PCS
CON258,2050,8,A31,EA
CON258,2060,9,2IP,EA
CON258,2061,10,UV,EA
CON258,2070,11,D/A,EA
CON258,2080,12,D/A CURE,EA
CON258,2150,13,PLASMA,EA
CON258,2090,14,POST D/A Q,EA
CON258,2200,15,W/B,EA
CON258,2210,16,3IP,EA
CON258,2230,17,M/D QUEUE,EA
CON258,2300,18,M/D,EA
CON258,2310,19,B/M,EA
CON258,2320,20,T/M,EA
CON258,2330,21,PMC,EA
CON258,2400,22,D/T,EA
CON258,2410,23,S/P,EA
CON258,2420,24,SP-I,EA
CON258,2425,25,INK CURE,EA
CON258,2430,26,F/S,EA
CON258,2440,27,O/S,EA
CON258,2450,28,L/S,EA
CON258,2460,29,F/V,EA
CON258,2470,30,4IP,EA
CON258,2480,31,PACK,EA
CON258,2490,32,SHIP,EA
CON275,2000,1,IQC,PCS
CON275,2003,2,TPM,PCS
CON275,2005,3,TAPING,PCS
CON275,2010,4,LAPPING,PCS
CON275,2020,5,A21 QUEUE,PCS
CON275,2030,6,W/M,PCS
CON275,2040,7,D/S,PCS
CON275,2050,8,A31,EA
CON275,2060,9,2IP,EA
CON275,2061,10,UV,EA
CON275,2070,11,D/A,EA
CON275,2080,12,D/A CURE,EA
CON275,2150,13,PLASMA,EA
CON275,2090,14,POST D/A Q,EA
CON275,2200,15,W/B,EA
CON275,2205,16,A41,EA
CON275,2210,17,3IP,EA
CON275,2250,18,PLASMA,EA
CON275,2230,19,M/D QUEUE,EA
CON275,2300,20,M/D,EA
CON275,2320,21,T/M,EA
CON275,2330,22,PMC,EA
CON275,2400,23,D/T,EA
CON275,2410,24,S/P,EA
CON275,2420,25,SP-I,EA
CON275,2425,26,INK CURE,EA
CON275,2430,27,F/S,EA
CON275,2440,28,O/S,EA
CON275,2450,29,L/S,EA
CON275,2460,30,F/V,EA
CON275,2470,31,4IP,EA
CON275,2480,32,PACK,EA
CON275,2490,33,SHIP,EA
CON323,2000,1,IQC,PCS
CON323,2003,2,TPM,PCS
CON323,2005,3,TAPING,PCS
CON323,2010,4,LAPPING,PCS
CON323,2020,5,A21 QUEUE,PCS
CON323,2030,6,W/M,PCS
CON323,2040,7,D/S,PCS
CON323,2050,8,A31,EA
CON323,2060,9,2IP,EA
CON323,2070,10,D/A,EA
CON323,2080,11,D/A CURE,EA
CON323,2150,12,PLASMA,EA
CON323,2090,13,POST D/A Q,EA
CON323,2200,14,W/B,EA
CON323,2210,15,3IP,EA
CON323,2230,16,M/D QUEUE,EA
CON323,2300,17,M/D,EA
CON323,2320,18,T/M,EA
CON323,2330,19,PMC,EA
CON323,2400,20,D/T,EA
CON323,2410,21,S/P,EA
CON323,2420,22,SP-I,EA
CON323,2425,23,INK CURE,EA
CON323,2430,24,F/S,EA
CON323,2440,25,O/S,EA
CON323,2450,26,L/S,EA
CON323,2460,27,F/V,EA
CON323,2470,28,4IP,EA
CON323,2480,29,PACK,EA
CON323,2490,30,SHIP,EA
CON326,2000,1,IQC,PCS
CON326,2003,2,TPM,PCS
CON326,2005,3,TAPING,PCS
CON326,2010,4,LAPPING,PCS
CON326,2020,5,A21 QUEUE,PCS
CON326,2030,6,W/M,PCS
CON326,2040,7,D/S,PCS
CON326,2050,8,A31,EA
CON326,2056,9,AOI,EA
CON326,2059,10,AOIR,EA
CON326,2060,11,2IP,EA
CON326,2070,12,D/A,EA
CON326,2080,13,D/A CURE,EA
CON326,2150,14,PLASMA,EA
CON326,2090,15,POST D/A Q,EA
CON326,2200,16,W/B,EA
CON326,2210,17,3IP,EA
CON326,2230,18,M/D QUEUE,EA
CON326,2300,19,M/D,EA
CON326,2330,20,PMC,EA
CON326,2400,21,D/T,EA
CON326,2410,22,S/P,EA
CON326,2420,23,SP-I,EA
CON326,2425,24,INK CURE,EA
CON326,2430,25,F/S,EA
CON326,2440,26,O/S,EA
CON326,2450,27,L/S,EA
CON326,2460,28,F/V,EA
CON326,2470,29,4IP,EA
CON326,2480,30,PACK,EA
CON326,2490,31,SHIP,EA
CON335,2000,1,IQC,PCS
CON335,2003,2,TPM,PCS
CON335,2005,3,TAPING,PCS
CON335,2010,4,LAPPING,PCS
CON335,2020,5,A21 QUEUE,PCS
CON335,2030,6,W/M,PCS
CON335,2040,7,D/S,PCS
CON335,2050,8,A31,EA
CON335,2060,9,2IP,EA
CON335,2070,10,D/A,EA
CON335,2080,11,D/A CURE,EA
CON335,2150,12,PLASMA,EA
CON335,2090,13,POST D/A Q,EA
CON335,2200,14,W/B,EA
CON335,2205,15,A41,EA
CON335,2210,16,3IP,EA
CON335,2230,17,M/D QUEUE,EA
CON335,2250,18,PLASMA,EA
CON335,2300,19,M/D,EA
CON335,2310,20,B/M,EA
CON335,2320,21,T/M,EA
CON335,2330,22,PMC,EA
CON335,2400,23,D/T,EA
CON335,2410,24,S/P,EA
CON335,2420,25,SP-I,EA
CON335,2425,26,INK CURE,EA
CON335,2430,27,F/S,EA
CON335,2440,28,O/S,EA
CON335,2460,29,F/V,EA
CON335,2450,30,L/S,EA
CON335,2451,31,LSI,EA
CON335,2470,32,4IP,EA
CON335,2480,33,PACK,EA
CON335,2490,34,SHIP,EA
CON348,2000,1,IQC,PCS
CON348,2003,2,TPM,PCS
CON348,2005,3,TAPING,PCS
CON348,2010,4,LAPPING,PCS
CON348,2020,5,A21 QUEUE,PCS
CON348,2030,6,W/M,PCS
CON348,2040,7,D/S,PCS
CON348,2050,8,A31,EA
CON348,2060,9,2IP,EA
CON348,2061,10,UV,EA
CON348,2070,11,D/A,EA
CON348,2080,12,D/A CURE,EA
CON348,2150,13,PLASMA,EA
CON348,2090,14,POST D/A Q,EA
CON348,2200,15,W/B,EA
CON348,2210,16,3IP,EA
CON348,2230,17,M/D QUEUE,EA
CON348,2300,18,M/D,EA
CON348,2330,19,PMC,EA
CON348,2400,20,D/T,EA
CON348,2408,21,S/P(SUB),EA
CON348,2410,22,S/P,EA
CON348,2420,23,SP-I,EA
CON348,2425,24,INK CURE,EA
CON348,2310,25,B/M,EA
CON348,2430,26,F/S,EA
CON348,2440,27,O/S,EA
CON348,2450,28,L/S,EA
CON348,2460,29,F/V,EA
CON348,2470,30,4IP,EA
CON348,2480,31,PACK,EA
CON348,2490,32,SHIP,EA
CON351,2000,1,IQC,PCS
CON351,2003,2,TPM,PCS
CON351,2005,3,TAPING,PCS
CON351,2010,4,LAPPING,PCS
CON351,2020,5,A21 QUEUE,PCS
CON351,2030,6,W/M,PCS
CON351,2040,7,D/S,PCS
CON351,2050,8,A31,EA
CON351,2060,9,2IP,EA
CON351,2070,10,D/A,EA
CON351,2080,11,D/A CURE,EA
CON351,2150,12,PLASMA,EA
CON351,2090,13,POST D/A Q,EA
CON351,2200,14,W/B,EA
CON351,2210,15,3IP,EA
CON351,2230,16,M/D QUEUE,EA
CON351,2300,17,M/D,EA
CON351,2329,18,ARBP,EA
CON351,2330,19,PMC,EA
CON351,2331,20,ARAP,EA
CON351,2310,21,B/M,EA
CON351,2320,22,T/M,EA
CON351,2400,23,D/T,EA
CON351,2410,24,S/P,EA
CON351,2420,25,SP-I,EA
CON351,2425,26,INK CURE,EA
CON351,2430,27,F/S,EA
CON351,2440,28,O/S,EA
CON351,2450,29,L/S,EA
CON351,2460,30,F/V,EA
CON351,2470,31,4IP,EA
CON351,2480,32,PACK,EA
CON351,2490,33,SHIP,EA
CON393,2000,1,IQC,PCS
CON393,2003,2,TPM,PCS
CON393,2005,3,TAPING,PCS
CON393,2010,4,LAPPING,PCS
CON393,2020,5,A21 QUEUE,PCS
CON393,2030,6,W/M,PCS
CON393,2040,7,D/S,PCS
CON393,2050,8,A31,EA
CON393,2060,9,2IP,EA
CON393,2061,10,UV,EA
CON393,2070,11,D/A,EA
CON393,2080,12,D/A CURE,EA
CON393,2150,13,PLASMA,EA
CON393,2090,14,POST D/A Q,EA
CON393,2200,15,W/B,EA
CON393,2210,16,3IP,EA
CON393,2230,17,M/D QUEUE,EA
CON393,2300,18,M/D,EA
CON393,2320,19,T/M,EA
CON393,2330,20,PMC,EA
CON393,2430,21,F/S,EA
CON393,2450,22,L/S,EA
CON393,2460,23,F/V,EA
CON393,2470,24,4IP,EA
CON393,2480,25,PACK,EA
CON393,2490,26,SHIP,EA
CON413,2000,1,IQC,PCS
CON413,2003,2,TPM,PCS
CON413,2005,3,TAPING,PCS
CON413,2010,4,LAPPING,PCS
CON413,2020,5,A21 QUEUE,PCS
CON413,2030,6,W/M,PCS
CON413,2040,7,D/S,PCS
CON413,2050,8,A31,EA
CON413,2060,9,2IP,EA
CON413,2070,10,D/A,EA
CON413,2080,11,D/A CURE,EA
CON413,2150,12,PLASMA,EA
CON413,2090,13,POST D/A Q,EA
CON413,2200,14,W/B,EA
CON413,2210,15,3IP,EA
CON413,2230,16,M/D QUEUE,EA
CON413,2300,17,M/D,EA
CON413,2310,18,B/M,EA
CON413,2320,19,T/M,EA
CON413,2330,20,PMC,EA
CON413,2400,21,D/T,EA
CON413,2410,22,S/P,EA
CON413,2420,23,SP-I,EA
CON413,2425,24,INK CURE,EA
CON413,2430,25,F/S,EA
CON413,2440,26,O/S,EA
CON413,2450,27,L/S,EA
CON413,2460,28,F/V,EA
CON413,2470,29,4IP,EA
CON413,2480,30,PACK,EA
CON413,2490,31,SHIP,EA
CON420,2000,1,IQC,PCS
CON420,2003,2,TPM,PCS
CON420,2005,3,TAPING,PCS
CON420,2010,4,LAPPING,PCS
CON420,2020,5,A21 QUEUE,PCS
CON420,2030,6,W/M,PCS
CON420,2040,7,D/S,PCS
CON420,2050,8,A31,EA
CON420,2060,9,2IP,EA
CON420,2070,10,D/A,EA
CON420,2080,11,D/A CURE,EA
CON420,2150,12,PLASMA,EA
CON420,2090,13,POST D/A Q,EA
CON420,2200,14,W/B,EA
CON420,2210,15,3IP,EA
CON420,2230,16,M/D QUEUE,EA
CON420,2300,17,M/D,EA
CON420,2330,18,PMC,EA
CON420,2400,19,D/T,EA
CON420,2410,20,S/P,EA
CON420,2420,21,SP-I,EA
CON420,2320,22,T/M,EA
CON420,2430,23,F/S,EA
CON420,2440,24,O/S,EA
CON420,2450,25,L/S,EA
CON420,2460,26,F/V,EA
CON420,2470,27,4IP,EA
CON420,2480,28,PACK,EA
CON420,2490,29,SHIP,EA
CON47,2000,1,IQC,PCS
CON47,2003,2,TPM,PCS
CON47,2005,3,TAPING,PCS
CON47,2010,4,LAPPING,PCS
CON47,2020,5,A21 QUEUE,PCS
CON47,2030,6,W/M,PCS
CON47,2040,7,D/S,PCS
CON47,2050,8,A31,EA
CON47,2060,9,2IP,EA
CON47,2070,10,D/A,EA
CON47,2080,11,D/A CURE,EA
CON47,2150,12,PLASMA,EA
CON47,2090,13,POST D/A Q,EA
CON47,2200,14,W/B,EA
CON47,2210,15,3IP,EA
CON47,2230,16,M/D QUEUE,EA
CON47,2300,17,M/D,EA
CON47,2320,18,T/M,EA
CON47,2330,19,PMC,EA
CON47,2400,20,D/T,EA
CON47,2410,21,S/P,EA
CON47,2420,22,SP-I,EA
CON47,2425,23,INK CURE,EA
CON47,2430,24,F/S,EA
CON47,2440,25,O/S,EA
CON47,2450,26,L/S,EA
CON47,2460,27,F/V,EA
CON47,2470,28,4IP,EA
CON47,2480,29,PACK,EA
CON47,2490,30,SHIP,EA
CON57,2000,1,IQC,PCS
CON57,2003,2,TPM,PCS
CON57,2005,3,TAPING,PCS
CON57,2010,4,LAPPING,PCS
CON57,2020,5,A21 QUEUE,PCS
CON57,2030,6,W/M,PCS
CON57,2040,7,D/S,PCS
CON57,2050,8,A31,EA
CON57,2060,9,2IP,EA
CON57,2070,10,D/A,EA
CON57,2080,11,D/A CURE,EA
CON57,2150,12,PLASMA,EA
CON57,2090,13,POST D/A Q,EA
CON57,2200,14,W/B,EA
CON57,2210,15,3IP,EA
CON57,2230,16,M/D QUEUE,EA
CON57,2300,17,M/D,EA
CON57,2310,18,B/M,EA
CON57,2320,19,T/M,EA
CON57,2330,20,PMC,EA
CON57,2400,21,D/T,EA
CON57,2410,22,S/P,EA
CON57,2420,23,SP-I,EA
CON57,2425,24,INK CURE,EA
CON57,2430,25,F/S,EA
CON57,2440,26,O/S,EA
CON57,2450,27,L/S,EA
CON57,2460,28,F/V,EA
CON57,2470,29,4IP,EA
CON57,2480,30,PACK,EA
CON57,2490,31,SHIP,EA
CON573,2000,1,IQC,PCS
CON573,2003,2,TPM,PCS
CON573,2005,3,TAPING,PCS
CON573,2010,4,LAPPING,PCS
CON573,2020,5,A21 QUEUE,PCS
CON573,2030,6,W/M,PCS
CON573,2040,7,D/S,PCS
CON573,2050,8,A31,EA
CON573,2060,9,2IP,EA
CON573,2070,10,D/A,EA
CON573,2150,11,PLASMA,EA
CON573,2090,12,POST D/A Q,EA
CON573,2200,13,W/B,EA
CON573,2210,14,3IP,EA
CON573,2230,15,M/D QUEUE,EA
CON573,2300,16,M/D,EA
CON573,2330,17,PMC,EA
CON573,2400,18,D/T,EA
CON573,2410,19,S/P,EA
CON573,2420,20,SP-I,EA
CON573,2425,21,INK CURE,EA
CON573,2430,22,F/S,EA
CON573,2440,23,O/S,EA
CON573,2450,24,L/S,EA
CON573,2460,25,F/V,EA
CON573,2470,26,4IP,EA
CON573,2480,27,PACK,EA
CON573,2490,28,SHIP,EA
CON67,2000,1,IQC,PCS
CON67,2003,2,TPM,PCS
CON67,2005,3,TAPING,PCS
CON67,2010,4,LAPPING,PCS
CON67,2020,5,A21 QUEUE,PCS
CON67,2030,6,W/M,PCS
CON67,2040,7,D/S,PCS
CON67,2050,8,A31,EA
CON67,2060,9,2IP,EA
CON67,2070,10,D/A,EA
CON67,2150,11,PLASMA,EA
CON67,2090,12,POST D/A Q,EA
CON67,2200,13,W/B,EA
CON67,2210,14,3IP,EA
CON67,2230,15,M/D QUEUE,EA
CON67,2300,16,M/D,EA
CON67,2320,17,T/M,EA
CON67,2330,18,PMC,EA
CON67,2400,19,D/T,EA
CON67,2410,20,S/P,EA
CON67,2420,21,SP-I,EA
CON67,2430,22,F/S,EA
CON67,2440,23,O/S,EA
CON67,2450,24,L/S,EA
CON67,2460,25,F/V,EA
CON67,2470,26,4IP,EA
CON67,2480,27,PACK,EA
CON67,2490,28,SHIP,EA
CON952,2000,1,IQC,PCS
CON952,2160,2,SCTC,EA
CON952,2070,3,D/A,EA
CON952,2080,4,D/A CURE,EA
CON952,2150,5,PLASMA,EA
CON952,2090,6,POST D/A Q,EA
CON952,2200,7,W/B,EA
CON952,2230,8,M/D QUEUE,EA
CON952,2300,9,M/D,EA
CON952,2320,10,T/M,EA
CON952,2330,11,PMC,EA
CON952,2400,12,D/T,EA
CON952,2410,13,S/P,EA
CON952,2430,14,F/S,EA
CON952,2450,15,L/S,EA
CON952,2460,16,F/V,EA
CON952,2470,17,4IP,EA
CON952,2480,18,PACK,EA
CON952,2490,19,SHIP,EA
CONLAS01,5030,1,SLM,EA
CONLAS01,2064,2,PLASMA,EA
FC012,2320,1,T/M,EA
FC012,2430,2,F/S,EA
FC012,2435,3,P/P,EA
FC012,2472,4,PKC,EA
FC012,3710,5,DFT,EA
FC012,3720,6,DTR,EA
FC012,2480,7,PACK,EA
FC012,2490,8,SHIP,EA
FC018,2000,1,IQC,PCS
FC018,2003,2,TPM,PCS
FC018,2005,3,TAPING,PCS
FC018,2010,4,LAPPING,PCS
FC018,2020,5,A21 QUEUE,PCS
FC018,2030,6,W/M,PCS
FC018,2040,7,D/S,PCS
FC018,2050,8,A31,EA
FC018,2060,9,2IP,EA
FC018,2061,10,UV,EA
FC018,2070,11,D/A,EA
FC018,2415,12,IR,EA
FC018,2206,13,A51,EA
FC018,2251,14,PLASMA,EA
FC018,2260,15,PMT,EA
FC018,2230,16,M/D QUEUE,EA
FC018,2300,17,M/D,EA
FC018,2302,18,DF,EA
FC018,2330,19,PMC,EA
FC018,6008,20,SLB,EA
FC018,2403,21,C/D,EA
FC018,2410,22,S/P,EA
FC018,2420,23,SP-I,EA
FC018,2425,24,INK CURE,EA
FC018,2320,25,T/M,EA
FC018,2430,26,F/S,EA
FC018,2435,27,P/P,EA
FC018,2472,28,PKC,EA
FC018,2480,29,PACK,EA
FC018,2490,30,SHIP,EA
FC019,2000,1,IQC,PCS
FC019,2003,2,TPM,PCS
FC019,2005,3,TAPING,PCS
FC019,2010,4,LAPPING,PCS
FC019,2020,5,A21 QUEUE,PCS
FC019,2030,6,W/M,PCS
FC019,2040,7,D/S,PCS
FC019,2050,8,A31,EA
FC019,2060,9,2IP,EA
FC019,2061,10,UV,EA
FC019,2070,11,D/A,EA
FC019,2415,12,IR,EA
FC019,2206,13,A51,EA
FC019,2251,14,PLASMA,EA
FC019,2260,15,PMT,EA
FC019,2230,16,M/D QUEUE,EA
FC019,2300,17,M/D,EA
FC019,2302,18,DF,EA
FC019,2330,19,PMC,EA
FC019,6008,20,SLB,EA
FC019,2403,21,C/D,EA
FC019,2410,22,S/P,EA
FC019,2420,23,SP-I,EA
FC019,2425,24,INK CURE,EA
FC019,2320,25,T/M,EA
FC019,2430,26,F/S,EA
FC019,2435,27,P/P,EA
FC019,2472,28,PKC,EA
FC019,3710,29,DFT,EA
FC019,3720,30,DTR,EA
FC019,2480,31,PACK,EA
FC019,2490,32,SHIP,EA
FC020,2000,1,IQC,PCS
FC020,2003,2,TPM,PCS
FC020,2005,3,TAPING,PCS
FC020,2010,4,LAPPING,PCS
FC020,2020,5,A21 QUEUE,PCS
FC020,2030,6,W/M,PCS
FC020,2040,7,D/S,PCS
FC020,2050,8,A31,EA
FC020,2060,9,2IP,EA
FC020,2061,10,UV,EA
FC020,2070,11,D/A,EA
FC020,2415,12,IR,EA
FC020,2206,13,A51,EA
FC020,2251,14,PLASMA,EA
FC020,2260,15,PMT,EA
FC020,2230,16,M/D QUEUE,EA
FC020,2300,17,M/D,EA
FC020,2302,18,DF,EA
FC020,2330,19,PMC,EA
FC020,6008,20,SLB,EA
FC020,2403,21,C/D,EA
FC020,2410,22,S/P,EA
FC020,2420,23,SP-I,EA
FC020,2461,24,FV2,EA
FC020,2425,25,INK CURE,EA
FC020,2480,26,PACK,EA
FC020,2490,27,SHIP,EA
FCBCSP01,5030,1,SLM,EA
FCBCSP01,5080,2,MAT-TRLT,EA
FCBGA047,2000,1,IQC,PCS
FCBGA047,2003,2,TPM,PCS
FCBGA047,2005,3,TAPING,PCS
FCBGA047,2010,4,LAPPING,PCS
FCBGA047,2020,5,A21 QUEUE,PCS
FCBGA047,2030,6,W/M,PCS
FCBGA047,2036,7,LGV,PCS
FCBGA047,2040,8,D/S,PCS
FCBGA047,2050,9,A31,EA
FCBGA047,2056,10,AOI,EA
FCBGA047,2059,11,AOIR,EA
FCBGA047,2060,12,2IP,EA
FCBGA047,2061,13,UV,EA
FCBGA047,2062,14,CL,EA
FCBGA047,2070,15,D/A,EA
FCBGA047,2415,16,IR,EA
FCBGA047,2421,17,COC,EA
FCBGA047,2419,18,FXCL,EA
FCBGA047,2206,19,A51,EA
FCBGA047,2207,20,CU,EA
FCBGA047,2250,21,PLASMA,EA
FCBGA047,2230,22,M/D QUEUE,EA
FCBGA047,2300,23,M/D,EA
FCBGA047,2320,24,T/M,EA
FCBGA047,6000,25,WTC2,EA
FCBGA047,2330,26,PMC,EA
FCBGA047,2422,27,PCL,EA
FCBGA047,2410,28,S/P,EA
FCBGA047,2430,29,F/S,EA
FCBGA047,2435,30,P/P,EA
FCBGA047,2450,31,L/S,EA
FCBGA047,2460,32,F/V,EA
FCBGA047,2470,33,4IP,EA
FCBGA047,2472,34,PKC,EA
FCBGA047,2480,35,PACK,EA
FCBGA047,2490,36,SHIP,EA
FCBGA048,2000,1,IQC,PCS
FCBGA048,2003,2,TPM,PCS
FCBGA048,2005,3,TAPING,PCS
FCBGA048,2010,4,LAPPING,PCS
FCBGA048,2020,5,A21 QUEUE,PCS
FCBGA048,2030,6,W/M,PCS
FCBGA048,2040,7,D/S,PCS
FCBGA048,2050,8,A31,EA
FCBGA048,2056,9,AOI,EA
FCBGA048,2059,10,AOIR,EA
FCBGA048,2060,11,2IP,EA
FCBGA048,2061,12,UV,EA
FCBGA048,2062,13,CL,EA
FCBGA048,2070,14,D/A,EA
FCBGA048,2415,15,IR,EA
FCBGA048,2421,16,COC,EA
FCBGA048,2419,17,FXCL,EA
FCBGA048,2206,18,A51,EA
FCBGA048,2207,19,CU,EA
FCBGA048,2250,20,PLASMA,EA
FCBGA048,2230,21,M/D QUEUE,EA
FCBGA048,2300,22,M/D,EA
FCBGA048,2320,23,T/M,EA
FCBGA048,6000,24,WTC2,EA
FCBGA048,2330,25,PMC,EA
FCBGA048,2422,26,PCL,EA
FCBGA048,2410,27,S/P,EA
FCBGA048,2430,28,F/S,EA
FCBGA048,2435,29,P/P,EA
FCBGA048,2450,30,L/S,EA
FCBGA048,2460,31,F/V,EA
FCBGA048,2470,32,4IP,EA
FCBGA048,2480,33,PACK,EA
FCBGA048,2490,34,SHIP,EA
FCBGA049,2000,1,IQC,PCS
FCBGA049,2003,2,TPM,PCS
FCBGA049,2005,3,TAPING,PCS
FCBGA049,2010,4,LAPPING,PCS
FCBGA049,2020,5,A21 QUEUE,PCS
FCBGA049,2030,6,W/M,PCS
FCBGA049,2036,7,LGV,PCS
FCBGA049,2040,8,D/S,PCS
FCBGA049,2050,9,A31,EA
FCBGA049,2056,10,AOI,EA
FCBGA049,2059,11,AOIR,EA
FCBGA049,2060,12,2IP,EA
FCBGA049,2061,13,UV,EA
FCBGA049,2062,14,CL,EA
FCBGA049,2070,15,D/A,EA
FCBGA049,2415,16,IR,EA
FCBGA049,2421,17,COC,EA
FCBGA049,2419,18,FXCL,EA
FCBGA049,2206,19,A51,EA
FCBGA049,2207,20,CU,EA
FCBGA049,2250,21,PLASMA,EA
FCBGA049,2230,22,M/D QUEUE,EA
FCBGA049,2300,23,M/D,EA
FCBGA049,2320,24,T/M,EA
FCBGA049,6000,25,WTC2,EA
FCBGA049,2330,26,PMC,EA
FCBGA049,2422,27,PCL,EA
FCBGA049,2410,28,S/P,EA
FCBGA049,2430,29,F/S,EA
FCBGA049,2435,30,P/P,EA
FCBGA049,2450,31,L/S,EA
FCBGA049,2460,32,F/V,EA
FCBGA049,2470,33,4IP,EA
FCBGA049,2480,34,PACK,EA
FCBGA049,2490,35,SHIP,EA
LAP22,2000,1,IQC,PCS
LAP22,2005,2,TAPING,PCS
LAP22,2010,3,LAPPING,PCS
LAP22,2480,4,PACK,EA
LAP22,2490,5,SHIP,EA
LAP24,2000,1,IQC,PCS
LAP24,2002,2,WWC,PCS
LAP24,2003,3,TPM,PCS
LAP24,2005,4,TAPING,PCS
LAP24,2010,5,LAPPING,PCS
LAP24,2020,6,A21 QUEUE,PCS
LAP24,2030,7,W/M,PCS
LAP24,2040,8,D/S,PCS
LAP24,2050,9,A31,EA
LAP24,2056,10,AOI,EA
LAP24,2059,11,AOIR,EA
LAP24,2060,12,2IP,EA
LAP24,2480,13,PACK,EA
LAP24,2490,14,SHIP,EA
MAT104,2000,1,IQC,PCS
MAT104,2003,2,TPM,PCS
MAT104,2005,3,TAPING,PCS
MAT104,2010,4,LAPPING,PCS
MAT104,2020,5,A21 QUEUE,PCS
MAT104,2030,6,W/M,PCS
MAT104,2040,7,D/S,PCS
MAT104,2050,8,A31,EA
MAT104,2060,9,2IP,EA
MAT104,2061,10,UV,EA
MAT104,2063,11,WAF-TRLT,EA
MAT11,2100,1,S/M,EA
MAT11,2061,2,UV,EA
MAT11,2063,3,WAF-TRLT,EA
MAT4,2000,1,IQC,PCS
MAT4,2003,2,TPM,PCS
MAT4,2005,3,TAPING,PCS
MAT4,2010,4,LAPPING,PCS
MAT4,2020,5,A21 QUEUE,PCS
MAT4,2030,6,W/M,PCS
MAT4,2040,7,D/S,PCS
MAT4,2050,8,A31,EA
MAT4,2060,9,2IP,EA
MAT4,2063,10,WAF-TRLT,EA
MAT404,2000,1,IQC,PCS
MAT404,2003,2,TPM,PCS
MAT404,2005,3,TAPING,PCS
MAT404,2010,4,LAPPING,PCS
MAT404,2020,5,A21 QUEUE,PCS
MAT404,2030,6,W/M,PCS
MAT404,2040,7,D/S,PCS
MAT404,2050,8,A31,EA
MAT404,2056,9,AOI,EA
MAT404,2059,10,AOIR,EA
MAT404,2060,11,2IP,EA
MAT404,2063,12,WAF-TRLT,EA
MAT414,2000,1,IQC,PCS
MAT414,2003,2,TPM,PCS
MAT414,2005,3,TAPING,PCS
MAT414,2007,4,CCT,PCS
MAT414,2010,5,LAPPING,PCS
MAT414,2020,6,A21 QUEUE,PCS
MAT414,2030,7,W/M,PCS
MAT414,2040,8,D/S,PCS
MAT414,2050,9,A31,EA
MAT414,2056,10,AOI,EA
MAT414,2059,11,AOIR,EA
MAT414,2060,12,2IP,EA
MAT414,2063,13,WAF-TRLT,EA
MAT444,2000,1,IQC,PCS
MAT444,2003,2,TPM,PCS
MAT444,2005,3,TAPING,PCS
MAT444,2010,4,LAPPING,PCS
MAT444,2020,5,A21 QUEUE,PCS
MAT444,2030,6,W/M,PCS
MAT444,2040,7,D/S,PCS
MAT444,2050,8,A31,EA
MAT444,2056,9,AOI,EA
MAT444,2059,10,AOIR,EA
MAT444,2060,11,2IP,EA
MAT444,2063,12,WAF-TRLT,EA
MAT49,2000,1,IQC,PCS
MAT49,2003,2,TPM,PCS
MAT49,2005,3,TAPING,PCS
MAT49,2006,4,PLP,PCS
MAT49,2009,5,S/D,PCS
MAT49,2010,6,LAPPING,PCS
MAT49,2020,7,A21 QUEUE,PCS
MAT49,2030,8,W/M,PCS
MAT49,2033,9,DSP,PCS
MAT49,2050,10,A31,EA
MAT49,2056,11,AOI,EA
MAT49,2059,12,AOIR,EA
MAT49,2060,13,2IP,EA
MAT49,2061,14,UV,EA
MAT49,2063,15,WAF-TRLT,EA
MAT57,2000,1,IQC,PCS
MAT57,2003,2,TPM,PCS
MAT57,2005,3,TAPING,PCS
MAT57,2006,4,PLP,PCS
MAT57,2007,5,CCT,PCS
MAT57,2009,6,S/D,PCS
MAT57,2010,7,LAPPING,PCS
MAT57,2020,8,A21 QUEUE,PCS
MAT57,2030,9,W/M,PCS
MAT57,2033,10,DSP,PCS
MAT57,2050,11,A31,EA
MAT57,2056,12,AOI,EA
MAT57,2059,13,AOIR,EA
MAT57,2060,14,2IP,EA
MAT57,2061,15,UV,EA
MAT57,2063,16,WAF-TRLT,EA
MAT604,2000,1,IQC,PCS
MAT604,2003,2,TPM,PCS
MAT604,2005,3,TAPING,PCS
MAT604,2010,4,LAPPING,PCS
MAT604,2020,5,A21 QUEUE,PCS
MAT604,2030,6,W/M,PCS
MAT604,2036,7,LGV,PCS
MAT604,2040,8,D/S,PCS
MAT604,2050,9,A31,EA
MAT604,2060,10,2IP,EA
MAT604,2063,11,WAF-TRLT,EA
MAT606,2000,1,IQC,PCS
MAT606,2003,2,TPM,PCS
MAT606,2005,3,TAPING,PCS
MAT606,2010,4,LAPPING,PCS
MAT606,2020,5,A21 QUEUE,PCS
MAT606,2030,6,W/M,PCS
MAT606,2036,7,LGV,PCS
MAT606,2040,8,D/S,PCS
MAT606,2050,9,A31,EA
MAT606,2060,10,2IP,EA
MAT606,2061,11,UV,EA
MAT606,2063,12,WAF-TRLT,EA
MBGA184,2070,1,D/A,EA
MBGA184,2080,2,D/A CURE,EA
MBGA184,2130,3,S/A,EA
MBGA184,2140,4,TAPE CURE,EA
MBGA184,2150,5,PLASMA,EA
MBGA184,2090,6,POST D/A Q,EA
MBGA184,2200,7,W/B,EA
MBGA184,2205,8,A41,EA
MBGA184,2210,9,3IP,EA
MBGA184,2250,10,PLASMA,EA
MBGA184,2230,11,M/D QUEUE,EA
MBGA184,2300,12,M/D,EA
MBGA184,2320,13,T/M,EA
MBGA184,2330,14,PMC,EA
MBGA184,2422,15,PCL,EA
MBGA184,2410,16,S/P,EA
MBGA184,2430,17,F/S,EA
MBGA184,2435,18,P/P,EA
MBGA184,2440,19,O/S,EA
MBGA184,2450,20,L/S,EA
MBGA184,2460,21,F/V,EA
MBGA184,2470,22,4IP,EA
MBGA184,2480,23,PACK,EA
MBGA184,2490,24,SHIP,EA
MBGA185,2070,1,D/A,EA
MBGA185,2080,2,D/A CURE,EA
MBGA185,2150,3,PLASMA,EA
MBGA185,2090,4,POST D/A Q,EA
MBGA185,2200,5,W/B,EA
MBGA185,2205,6,A41,EA
MBGA185,2209,7,BMP,EA
MBGA185,2210,8,3IP,EA
MBGA185,2130,9,S/A,EA
MBGA185,2140,10,TAPE CURE,EA
MBGA185,2250,11,PLASMA,EA
MBGA185,2230,12,M/D QUEUE,EA
MBGA185,2300,13,M/D,EA
MBGA185,2320,14,T/M,EA
MBGA185,2330,15,PMC,EA
MBGA185,2405,16,PLASMA,EA
MBGA185,2418,17,WTC,EA
MBGA185,2410,18,S/P,EA
MBGA185,2430,19,F/S,EA
MBGA185,2435,20,P/P,EA
MBGA185,2440,21,O/S,EA
MBGA185,2450,22,L/S,EA
MBGA185,2460,23,F/V,EA
MBGA185,2470,24,4IP,EA
MBGA185,2480,25,PACK,EA
MBGA185,2490,26,SHIP,EA
MBGA187,2070,1,D/A,EA
MBGA187,2080,2,D/A CURE,EA
MBGA187,2130,3,S/A,EA
MBGA187,2140,4,TAPE CURE,EA
MBGA187,2150,5,PLASMA,EA
MBGA187,2090,6,POST D/A Q,EA
MBGA187,2200,7,W/B,EA
MBGA187,2205,8,A41,EA
MBGA187,2210,9,3IP,EA
MBGA187,2250,10,PLASMA,EA
MBGA187,2230,11,M/D QUEUE,EA
MBGA187,2300,12,M/D,EA
MBGA187,2320,13,T/M,EA
MBGA187,2330,14,PMC,EA
MBGA187,2422,15,PCL,EA
MBGA187,2410,16,S/P,EA
MBGA187,2430,17,F/S,EA
MBGA187,2435,18,P/P,EA
MBGA187,2440,19,O/S,EA
MBGA187,2450,20,L/S,EA
MBGA187,2460,21,F/V,EA
MBGA187,2470,22,4IP,EA
MBGA187,2472,23,PKC,EA
MBGA187,2480,24,PACK,EA
MBGA187,2490,25,SHIP,EA
MBGA192,2070,1,D/A,EA
MBGA192,2130,2,S/A,EA
MBGA192,2080,3,D/A CURE,EA
MBGA192,2150,4,PLASMA,EA
MBGA192,2090,5,POST D/A Q,EA
MBGA192,2200,6,W/B,EA
MBGA192,2205,7,A41,EA
MBGA192,2210,8,3IP,EA
MBGA192,2250,9,PLASMA,EA
MBGA192,2230,10,M/D QUEUE,EA
MBGA192,2300,11,M/D,EA
MBGA192,2320,12,T/M,EA
MBGA192,2330,13,PMC,EA
MBGA192,2430,14,F/S,EA
MBGA192,2435,15,P/P,EA
MBGA192,2440,16,O/S,EA
MBGA192,2460,17,F/V,EA
MBGA192,2470,18,4IP,EA
MBGA192,2480,19,PACK,EA
MBGA192,2490,20,SHIP,EA
MBGA199,2070,1,D/A,EA
MBGA199,2130,2,S/A,EA
MBGA199,2140,3,TAPE CURE,EA
MBGA199,2150,4,PLASMA,EA
MBGA199,2090,5,POST D/A Q,EA
MBGA199,2200,6,W/B,EA
MBGA199,2205,7,A41,EA
MBGA199,2210,8,3IP,EA
MBGA199,2250,9,PLASMA,EA
MBGA199,2230,10,M/D QUEUE,EA
MBGA199,2300,11,M/D,EA
MBGA199,2320,12,T/M,EA
MBGA199,2330,13,PMC,EA
MBGA199,2430,14,F/S,EA
MBGA199,2435,15,P/P,EA
MBGA199,2440,16,O/S,EA
MBGA199,2460,17,F/V,EA
MBGA199,2470,18,4IP,EA
MBGA199,2480,19,PACK,EA
MBGA199,2490,20,SHIP,EA
MBGA209,2070,1,D/A,EA
MBGA209,2080,2,D/A CURE,EA
MBGA209,2130,3,S/A,EA
MBGA209,2140,4,TAPE CURE,EA
MBGA209,2150,5,PLASMA,EA
MBGA209,2090,6,POST D/A Q,EA
MBGA209,2200,7,W/B,EA
MBGA209,2205,8,A41,EA
MBGA209,2210,9,3IP,EA
MBGA209,2250,10,PLASMA,EA
MBGA209,2230,11,M/D QUEUE,EA
MBGA209,2300,12,M/D,EA
MBGA209,2320,13,T/M,EA
MBGA209,2330,14,PMC,EA
MBGA209,2430,15,F/S,EA
MBGA209,2435,16,P/P,EA
MBGA209,2440,17,O/S,EA
MBGA209,2460,18,F/V,EA
MBGA209,2470,19,4IP,EA
MBGA209,2480,20,PACK,EA
MBGA209,2490,21,SHIP,EA
MBGA228,2070,1,D/A,EA
MBGA228,2080,2,D/A CURE,EA
MBGA228,2150,3,PLASMA,EA
MBGA228,2090,4,POST D/A Q,EA
MBGA228,2200,5,W/B,EA
MBGA228,2205,6,A41,EA
MBGA228,2209,7,BMP,EA
MBGA228,2210,8,3IP,EA
MBGA228,2130,9,S/A,EA
MBGA228,2140,10,TAPE CURE,EA
MBGA228,3150,11,PLASMA,EA
MBGA228,3200,12,W/B II,EA
MBGA228,3205,13,A42,EA
MBGA228,3209,14,BMP2,EA
MBGA228,3210,15,3IP-II,EA
MBGA228,2250,16,PLASMA,EA
MBGA228,2230,17,M/D QUEUE,EA
MBGA228,2300,18,M/D,EA
MBGA228,2320,19,T/M,EA
MBGA228,6000,20,WTC2,EA
MBGA228,2330,21,PMC,EA
MBGA228,2405,22,PLASMA,EA
MBGA228,2410,23,S/P,EA
MBGA228,2430,24,F/S,EA
MBGA228,2435,25,P/P,EA
MBGA228,2440,26,O/S,EA
MBGA228,2450,27,L/S,EA
MBGA228,2460,28,F/V,EA
MBGA228,2470,29,4IP,EA
MBGA228,2480,30,PACK,EA
MBGA228,2490,31,SHIP,EA
MBGA239,2070,1,D/A,EA
MBGA239,2080,2,D/A CURE,EA
MBGA239,2130,3,S/A,EA
MBGA239,2140,4,TAPE CURE,EA
MBGA239,2150,5,PLASMA,EA
MBGA239,2090,6,POST D/A Q,EA
MBGA239,2200,7,W/B,EA
MBGA239,2205,8,A41,EA
MBGA239,2210,9,3IP,EA
MBGA239,2250,10,PLASMA,EA
MBGA239,2230,11,M/D QUEUE,EA
MBGA239,2300,12,M/D,EA
MBGA239,2320,13,T/M,EA
MBGA239,6000,14,WTC2,EA
MBGA239,2330,15,PMC,EA
MBGA239,2422,16,PCL,EA
MBGA239,2410,17,S/P,EA
MBGA239,2430,18,F/S,EA
MBGA239,2435,19,P/P,EA
MBGA239,2450,20,L/S,EA
MBGA239,2460,21,F/V,EA
MBGA239,2470,22,4IP,EA
MBGA239,2472,23,PKC,EA
MBGA239,2480,24,PACK,EA
MBGA239,2490,25,SHIP,EA
MBGA275,2070,1,D/A,EA
MBGA275,2130,2,S/A,EA
MBGA275,2080,3,D/A CURE,EA
MBGA275,2150,4,PLASMA,EA
MBGA275,2090,5,POST D/A Q,EA
MBGA275,2200,6,W/B,EA
MBGA275,2205,7,A41,EA
MBGA275,2209,8,BMP,EA
MBGA275,2210,9,3IP,EA
MBGA275,2250,10,PLASMA,EA
MBGA275,2230,11,M/D QUEUE,EA
MBGA275,2300,12,M/D,EA
MBGA275,2320,13,T/M,EA
MBGA275,2330,14,PMC,EA
MBGA275,2405,15,PLASMA,EA
MBGA275,2418,16,WTC,EA
MBGA275,2410,17,S/P,EA
MBGA275,2430,18,F/S,EA
MBGA275,2435,19,P/P,EA
MBGA275,2440,20,O/S,EA
MBGA275,2450,21,L/S,EA
MBGA275,2460,22,F/V,EA
MBGA275,2470,23,4IP,EA
MBGA275,2480,24,PACK,EA
MBGA275,2490,25,SHIP,EA
MBGA279,2070,1,D/A,EA
MBGA279,2130,2,S/A,EA
MBGA279,2140,3,TAPE CURE,EA
MBGA279,2150,4,PLASMA,EA
MBGA279,2090,5,POST D/A Q,EA
MBGA279,2200,6,W/B,EA
MBGA279,2205,7,A41,EA
MBGA279,2209,8,BMP,EA
MBGA279,2210,9,3IP,EA
MBGA279,2250,10,PLASMA,EA
MBGA279,2230,11,M/D QUEUE,EA
MBGA279,2300,12,M/D,EA
MBGA279,2320,13,T/M,EA
MBGA279,6000,14,WTC2,EA
MBGA279,2330,15,PMC,EA
MBGA279,2422,16,PCL,EA
MBGA279,2410,17,S/P,EA
MBGA279,2430,18,F/S,EA
MBGA279,2435,19,P/P,EA
MBGA279,2440,20,O/S,EA
MBGA279,2450,21,L/S,EA
MBGA279,2460,22,F/V,EA
MBGA279,2470,23,4IP,EA
MBGA279,2480,24,PACK,EA
MBGA279,2490,25,SHIP,EA
MBGA285,2070,1,D/A,EA
MBGA285,2080,2,D/A CURE,EA
MBGA285,2150,3,PLASMA,EA
MBGA285,2090,4,POST D/A Q,EA
MBGA285,2200,5,W/B,EA
MBGA285,2205,6,A41,EA
MBGA285,2209,7,BMP,EA
MBGA285,2210,8,3IP,EA
MBGA285,2130,9,S/A,EA
MBGA285,2140,10,TAPE CURE,EA
MBGA285,2250,11,PLASMA,EA
MBGA285,2230,12,M/D QUEUE,EA
MBGA285,2300,13,M/D,EA
MBGA285,2320,14,T/M,EA
MBGA285,6000,15,WTC2,EA
MBGA285,2330,16,PMC,EA
MBGA285,2405,17,PLASMA,EA
MBGA285,2418,18,WTC,EA
MBGA285,2410,19,S/P,EA
MBGA285,2430,20,F/S,EA
MBGA285,2435,21,P/P,EA
MBGA285,2440,22,O/S,EA
MBGA285,2450,23,L/S,EA
MBGA285,2460,24,F/V,EA
MBGA285,2470,25,4IP,EA
MBGA285,2480,26,PACK,EA
MBGA285,2490,27,SHIP,EA
MBGA292,2070,1,D/A,EA
MBGA292,2130,2,S/A,EA
MBGA292,2080,3,D/A CURE,EA
MBGA292,2150,4,PLASMA,EA
MBGA292,2090,5,POST D/A Q,EA
MBGA292,2200,6,W/B,EA
MBGA292,2205,7,A41,EA
MBGA292,2210,8,3IP,EA
MBGA292,2250,9,PLASMA,EA
MBGA292,2230,10,M/D QUEUE,EA
MBGA292,2300,11,M/D,EA
MBGA292,2320,12,T/M,EA
MBGA292,2330,13,PMC,EA
MBGA292,2430,14,F/S,EA
MBGA292,2435,15,P/P,EA
MBGA292,2440,16,O/S,EA
MBGA292,2460,17,F/V,EA
MBGA292,2470,18,4IP,EA
MBGA292,2480,19,PACK,EA
MBGA292,2490,20,SHIP,EA
MBGA297,2070,1,D/A,EA
MBGA297,2080,2,D/A CURE,EA
MBGA297,2150,3,PLASMA,EA
MBGA297,2090,4,POST D/A Q,EA
MBGA297,2200,5,W/B,EA
MBGA297,2205,6,A41,EA
MBGA297,2209,7,BMP,EA
MBGA297,2210,8,3IP,EA
MBGA297,2130,9,S/A,EA
MBGA297,2140,10,TAPE CURE,EA
MBGA297,3150,11,PLASMA,EA
MBGA297,3200,12,W/B II,EA
MBGA297,3205,13,A42,EA
MBGA297,3209,14,BMP2,EA
MBGA297,3210,15,3IP-II,EA
MBGA297,2250,16,PLASMA,EA
MBGA297,2230,17,M/D QUEUE,EA
MBGA297,2300,18,M/D,EA
MBGA297,2320,19,T/M,EA
MBGA297,6000,20,WTC2,EA
MBGA297,2330,21,PMC,EA
MBGA297,2405,22,PLASMA,EA
MBGA297,2418,23,WTC,EA
MBGA297,2410,24,S/P,EA
MBGA297,2430,25,F/S,EA
MBGA297,2435,26,P/P,EA
MBGA297,2440,27,O/S,EA
MBGA297,2450,28,L/S,EA
MBGA297,2460,29,F/V,EA
MBGA297,2470,30,4IP,EA
MBGA297,2480,31,PACK,EA
MBGA297,2490,32,SHIP,EA
MBGA318,2070,1,D/A,EA
MBGA318,2080,2,D/A CURE,EA
MBGA318,2130,3,S/A,EA
MBGA318,2140,4,TAPE CURE,EA
MBGA318,2150,5,PLASMA,EA
MBGA318,2090,6,POST D/A Q,EA
MBGA318,2200,7,W/B,EA
MBGA318,2209,8,BMP,EA
MBGA318,2210,9,3IP,EA
MBGA318,3130,10,D/A III,EA
MBGA318,3140,11,TAPE CURE3,EA
MBGA318,2230,12,M/D QUEUE,EA
MBGA318,2250,13,PLASMA,EA
MBGA318,2300,14,M/D,EA
MBGA318,2320,15,T/M,EA
MBGA318,6000,16,WTC2,EA
MBGA318,2330,17,PMC,EA
MBGA318,2405,18,PLASMA,EA
MBGA318,2418,19,WTC,EA
MBGA318,2410,20,S/P,EA
MBGA318,2430,21,F/S,EA
MBGA318,2435,22,P/P,EA
MBGA318,2440,23,O/S,EA
MBGA318,2450,24,L/S,EA
MBGA318,2460,25,F/V,EA
MBGA318,2470,26,4IP,EA
MBGA318,2480,27,PACK,EA
MBGA318,2490,28,SHIP,EA
MBGA347,2070,1,D/A,EA
MBGA347,2080,2,D/A CURE,EA
MBGA347,2150,3,PLASMA,EA
MBGA347,2090,4,POST D/A Q,EA
MBGA347,2200,5,W/B,EA
MBGA347,2205,6,A41,EA
MBGA347,2209,7,BMP,EA
MBGA347,2210,8,3IP,EA
MBGA347,2130,9,S/A,EA
MBGA347,2140,10,TAPE CURE,EA
MBGA347,3150,11,PLASMA,EA
MBGA347,3200,12,W/B II,EA
MBGA347,3205,13,A42,EA
MBGA347,3209,14,BMP2,EA
MBGA347,3210,15,3IP-II,EA
MBGA347,2250,16,PLASMA,EA
MBGA347,2230,17,M/D QUEUE,EA
MBGA347,2300,18,M/D,EA
MBGA347,2320,19,T/M,EA
MBGA347,2330,20,PMC,EA
MBGA347,2405,21,PLASMA,EA
MBGA347,2418,22,WTC,EA
MBGA347,2410,23,S/P,EA
MBGA347,2430,24,F/S,EA
MBGA347,2435,25,P/P,EA
MBGA347,2440,26,O/S,EA
MBGA347,2450,27,L/S,EA
MBGA347,2460,28,F/V,EA
MBGA347,2470,29,4IP,EA
MBGA347,2480,30,PACK,EA
MBGA347,2490,31,SHIP,EA
MBGA373,2070,1,D/A,EA
MBGA373,2080,2,D/A CURE,EA
MBGA373,2130,3,S/A,EA
MBGA373,2140,4,TAPE CURE,EA
MBGA373,2150,5,PLASMA,EA
MBGA373,2090,6,POST D/A Q,EA
MBGA373,2200,7,W/B,EA
MBGA373,2205,8,A41,EA
MBGA373,2209,9,BMP,EA
MBGA373,2210,10,3IP,EA
MBGA373,2250,11,PLASMA,EA
MBGA373,2230,12,M/D QUEUE,EA
MBGA373,2300,13,M/D,EA
MBGA373,2320,14,T/M,EA
MBGA373,6000,15,WTC2,EA
MBGA373,2330,16,PMC,EA
MBGA373,2405,17,PLASMA,EA
MBGA373,2418,18,WTC,EA
MBGA373,2410,19,S/P,EA
MBGA373,2430,20,F/S,EA
MBGA373,2435,21,P/P,EA
MBGA373,2440,22,O/S,EA
MBGA373,2450,23,L/S,EA
MBGA373,2460,24,F/V,EA
MBGA373,2470,25,4IP,EA
MBGA373,2480,26,PACK,EA
MBGA373,2490,27,SHIP,EA
MBGA393,2070,1,D/A,EA
MBGA393,2080,2,D/A CURE,EA
MBGA393,2150,3,PLASMA,EA
MBGA393,2090,4,POST D/A Q,EA
MBGA393,2200,5,W/B,EA
MBGA393,2205,6,A41,EA
MBGA393,2209,7,BMP,EA
MBGA393,2210,8,3IP,EA
MBGA393,2130,9,S/A,EA
MBGA393,2140,10,TAPE CURE,EA
MBGA393,3150,11,PLASMA,EA
MBGA393,3200,12,W/B II,EA
MBGA393,3205,13,A42,EA
MBGA393,3209,14,BMP2,EA
MBGA393,3210,15,3IP-II,EA
MBGA393,3130,16,D/A III,EA
MBGA393,3140,17,TAPE CURE3,EA
MBGA393,3350,18,PLASMA,EA
MBGA393,3400,19,W/B3,EA
MBGA393,3405,20,A43,EA
MBGA393,3409,21,BMP3,EA
MBGA393,3410,22,3IP3,EA
MBGA393,3330,23,D/A4,EA
MBGA393,3340,24,TAPE CURE4,EA
MBGA393,3550,25,PLASMA,EA
MBGA393,3600,26,W/B4,EA
MBGA393,3605,27,A44,EA
MBGA393,3609,28,BMP4,EA
MBGA393,3610,29,3IP4,EA
MBGA393,2250,30,PLASMA,EA
MBGA393,2230,31,M/D QUEUE,EA
MBGA393,2300,32,M/D,EA
MBGA393,2320,33,T/M,EA
MBGA393,2330,34,PMC,EA
MBGA393,2405,35,PLASMA,EA
MBGA393,2418,36,WTC,EA
MBGA393,2410,37,S/P,EA
MBGA393,2430,38,F/S,EA
MBGA393,2435,39,P/P,EA
MBGA393,2440,40,O/S,EA
MBGA393,2450,41,L/S,EA
MBGA393,2460,42,F/V,EA
MBGA393,2470,43,4IP,EA
MBGA393,2480,44,PACK,EA
MBGA393,2490,45,SHIP,EA
MBGA395,2070,1,D/A,EA
MBGA395,2080,2,D/A CURE,EA
MBGA395,2150,3,PLASMA,EA
MBGA395,2090,4,POST D/A Q,EA
MBGA395,2200,5,W/B,EA
MBGA395,2205,6,A41,EA
MBGA395,2209,7,BMP,EA
MBGA395,2210,8,3IP,EA
MBGA395,2130,9,S/A,EA
MBGA395,2140,10,TAPE CURE,EA
MBGA395,3150,11,PLASMA,EA
MBGA395,3200,12,W/B II,EA
MBGA395,3205,13,A42,EA
MBGA395,3209,14,BMP2,EA
MBGA395,3210,15,3IP-II,EA
MBGA395,3130,16,D/A III,EA
MBGA395,3140,17,TAPE CURE3,EA
MBGA395,3350,18,PLASMA,EA
MBGA395,3400,19,W/B3,EA
MBGA395,3405,20,A43,EA
MBGA395,3409,21,BMP3,EA
MBGA395,3410,22,3IP3,EA
MBGA395,3330,23,D/A4,EA
MBGA395,3340,24,TAPE CURE4,EA
MBGA395,3550,25,PLASMA,EA
MBGA395,3600,26,W/B4,EA
MBGA395,3605,27,A44,EA
MBGA395,3609,28,BMP4,EA
MBGA395,3610,29,3IP4,EA
MBGA395,2250,30,PLASMA,EA
MBGA395,2230,31,M/D QUEUE,EA
MBGA395,2300,32,M/D,EA
MBGA395,2320,33,T/M,EA
MBGA395,2330,34,PMC,EA
MBGA395,2405,35,PLASMA,EA
MBGA395,2418,36,WTC,EA
MBGA395,2410,37,S/P,EA
MBGA395,2430,38,F/S,EA
MBGA395,2435,39,P/P,EA
MBGA395,2440,40,O/S,EA
MBGA395,2450,41,L/S,EA
MBGA395,2460,42,F/V,EA
MBGA395,2470,43,4IP,EA
MBGA395,2480,44,PACK,EA
MBGA395,2490,45,SHIP,EA
MBGA396,2070,1,D/A,EA
MBGA396,2080,2,D/A CURE,EA
MBGA396,2150,3,PLASMA,EA
MBGA396,2090,4,POST D/A Q,EA
MBGA396,2200,5,W/B,EA
MBGA396,2205,6,A41,EA
MBGA396,2209,7,BMP,EA
MBGA396,2210,8,3IP,EA
MBGA396,2130,9,S/A,EA
MBGA396,2140,10,TAPE CURE,EA
MBGA396,3150,11,PLASMA,EA
MBGA396,3200,12,W/B II,EA
MBGA396,3205,13,A42,EA
MBGA396,3209,14,BMP2,EA
MBGA396,3210,15,3IP-II,EA
MBGA396,3130,16,D/A III,EA
MBGA396,3140,17,TAPE CURE3,EA
MBGA396,3350,18,PLASMA,EA
MBGA396,3400,19,W/B3,EA
MBGA396,3405,20,A43,EA
MBGA396,3409,21,BMP3,EA
MBGA396,3410,22,3IP3,EA
MBGA396,3330,23,D/A4,EA
MBGA396,3340,24,TAPE CURE4,EA
MBGA396,3550,25,PLASMA,EA
MBGA396,3600,26,W/B4,EA
MBGA396,3605,27,A44,EA
MBGA396,3609,28,BMP4,EA
MBGA396,3610,29,3IP4,EA
MBGA396,2250,30,PLASMA,EA
MBGA396,2230,31,M/D QUEUE,EA
MBGA396,2300,32,M/D,EA
MBGA396,2320,33,T/M,EA
MBGA396,6000,34,WTC2,EA
MBGA396,2330,35,PMC,EA
MBGA396,2405,36,PLASMA,EA
MBGA396,2418,37,WTC,EA
MBGA396,2410,38,S/P,EA
MBGA396,2430,39,F/S,EA
MBGA396,2435,40,P/P,EA
MBGA396,2440,41,O/S,EA
MBGA396,2450,42,L/S,EA
MBGA396,2460,43,F/V,EA
MBGA396,2470,44,4IP,EA
MBGA396,2480,45,PACK,EA
MBGA396,2490,46,SHIP,EA
MBGA397,2070,1,D/A,EA
MBGA397,2080,2,D/A CURE,EA
MBGA397,2150,3,PLASMA,EA
MBGA397,2090,4,POST D/A Q,EA
MBGA397,2200,5,W/B,EA
MBGA397,2205,6,A41,EA
MBGA397,2209,7,BMP,EA
MBGA397,2210,8,3IP,EA
MBGA397,2130,9,S/A,EA
MBGA397,2140,10,TAPE CURE,EA
MBGA397,3150,11,PLASMA,EA
MBGA397,3200,12,W/B II,EA
MBGA397,3205,13,A42,EA
MBGA397,3209,14,BMP2,EA
MBGA397,3210,15,3IP-II,EA
MBGA397,2250,16,PLASMA,EA
MBGA397,2230,17,M/D QUEUE,EA
MBGA397,2300,18,M/D,EA
MBGA397,2320,19,T/M,EA
MBGA397,6000,20,WTC2,EA
MBGA397,2330,21,PMC,EA
MBGA397,2405,22,PLASMA,EA
MBGA397,2418,23,WTC,EA
MBGA397,2410,24,S/P,EA
MBGA397,2430,25,F/S,EA
MBGA397,2440,26,O/S,EA
MBGA397,2450,27,L/S,EA
MBGA397,2460,28,F/V,EA
MBGA397,2470,29,4IP,EA
MBGA397,2480,30,PACK,EA
MBGA397,2490,31,SHIP,EA
MBGA452,2070,1,D/A,EA
MBGA452,2130,2,S/A,EA
MBGA452,3130,3,D/A III,EA
MBGA452,2140,4,TAPE CURE,EA
MBGA452,2150,5,PLASMA,EA
MBGA452,2090,6,POST D/A Q,EA
MBGA452,2200,7,W/B,EA
MBGA452,2205,8,A41,EA
MBGA452,2210,9,3IP,EA
MBGA452,3330,10,D/A4,EA
MBGA452,3140,11,TAPE CURE3,EA
MBGA452,3150,12,PLASMA,EA
MBGA452,3200,13,W/B II,EA
MBGA452,3205,14,A42,EA
MBGA452,3210,15,3IP-II,EA
MBGA452,2250,16,PLASMA,EA
MBGA452,2230,17,M/D QUEUE,EA
MBGA452,2300,18,M/D,EA
MBGA452,2320,19,T/M,EA
MBGA452,2330,20,PMC,EA
MBGA452,2422,21,PCL,EA
MBGA452,2410,22,S/P,EA
MBGA452,2430,23,F/S,EA
MBGA452,2435,24,P/P,EA
MBGA452,2440,25,O/S,EA
MBGA452,2450,26,L/S,EA
MBGA452,2460,27,F/V,EA
MBGA452,2470,28,4IP,EA
MBGA452,2472,29,PKC,EA
MBGA452,2480,30,PACK,EA
MBGA452,2490,31,SHIP,EA
MBGA473,2070,1,D/A,EA
MBGA473,2130,2,S/A,EA
MBGA473,3130,3,D/A III,EA
MBGA473,2080,4,D/A CURE,EA
MBGA473,2150,5,PLASMA,EA
MBGA473,2090,6,POST D/A Q,EA
MBGA473,2200,7,W/B,EA
MBGA473,2205,8,A41,EA
MBGA473,2210,9,3IP,EA
MBGA473,3330,10,D/A4,EA
MBGA473,2140,11,TAPE CURE,EA
MBGA473,4130,12,D/A5,EA
MBGA473,3140,13,TAPE CURE3,EA
MBGA473,3150,14,PLASMA,EA
MBGA473,3200,15,W/B II,EA
MBGA473,3205,16,A42,EA
MBGA473,3210,17,3IP-II,EA
MBGA473,4330,18,D/A6,EA
MBGA473,4530,19,D/A7,EA
MBGA473,3340,20,TAPE CURE4,EA
MBGA473,3350,21,PLASMA,EA
MBGA473,3400,22,W/B3,EA
MBGA473,3405,23,A43,EA
MBGA473,3410,24,3IP3,EA
MBGA473,2250,25,PLASMA,EA
MBGA473,2230,26,M/D QUEUE,EA
MBGA473,2300,27,M/D,EA
MBGA473,2320,28,T/M,EA
MBGA473,2330,29,PMC,EA
MBGA473,2422,30,PCL,EA
MBGA473,2410,31,S/P,EA
MBGA473,2430,32,F/S,EA
MBGA473,2435,33,P/P,EA
MBGA473,2440,34,O/S,EA
MBGA473,2450,35,L/S,EA
MBGA473,2460,36,F/V,EA
MBGA473,2470,37,4IP,EA
MBGA473,2472,38,PKC,EA
MBGA473,2480,39,PACK,EA
MBGA473,2490,40,SHIP,EA
MBGA555,2070,1,D/A,EA
MBGA555,2080,2,D/A CURE,EA
MBGA555,2130,3,S/A,EA
MBGA555,2140,4,TAPE CURE,EA
MBGA555,2150,5,PLASMA,EA
MBGA555,2090,6,POST D/A Q,EA
MBGA555,2200,7,W/B,EA
MBGA555,2250,8,PLASMA,EA
MBGA555,2230,9,M/D QUEUE,EA
MBGA555,2300,10,M/D,EA
MBGA555,2310,11,B/M,EA
MBGA555,2330,12,PMC,EA
MBGA555,2431,13,PS1,EA
MBGA555,2432,14,PS2,EA
MBGA555,2435,15,P/P,EA
MBGA555,2434,16,PS3,EA
MBGA555,3707,17,PRFT,EA
MBGA555,3708,18,SDBI,EA
MBGA555,3713,19,SDFT,EA
MBGA555,3717,20,SDQC,EA
MBGA555,3740,21,FQT,EA
MBGA555,2460,22,F/V,EA
MBGA555,2470,23,4IP,EA
MBGA555,2480,24,PACK,EA
MBGA555,2490,25,SHIP,EA
MBGA656,2070,1,D/A,EA
MBGA656,2080,2,D/A CURE,EA
MBGA656,2130,3,S/A,EA
MBGA656,3130,4,D/A III,EA
MBGA656,3140,5,TAPE CURE3,EA
MBGA656,2150,6,PLASMA,EA
MBGA656,2090,7,POST D/A Q,EA
MBGA656,2200,8,W/B,EA
MBGA656,2250,9,PLASMA,EA
MBGA656,2230,10,M/D QUEUE,EA
MBGA656,2300,11,M/D,EA
MBGA656,2310,12,B/M,EA
MBGA656,2330,13,PMC,EA
MBGA656,2431,14,PS1,EA
MBGA656,2432,15,PS2,EA
MBGA656,2435,16,P/P,EA
MBGA656,2434,17,PS3,EA
MBGA656,3707,18,PRFT,EA
MBGA656,3708,19,SDBI,EA
MBGA656,3713,20,SDFT,EA
MBGA656,3717,21,SDQC,EA
MBGA656,3740,22,FQT,EA
MBGA656,2460,23,F/V,EA
MBGA656,2470,24,4IP,EA
MBGA656,2480,25,PACK,EA
MBGA656,2490,26,SHIP,EA
MBGA741,2070,1,D/A,EA
MBGA741,2130,2,S/A,EA
MBGA741,3130,3,D/A III,EA
MBGA741,2140,4,TAPE CURE,EA
MBGA741,2150,5,PLASMA,EA
MBGA741,2090,6,POST D/A Q,EA
MBGA741,2200,7,W/B,EA
MBGA741,2205,8,A41,EA
MBGA741,2210,9,3IP,EA
MBGA741,3330,10,D/A4,EA
MBGA741,3140,11,TAPE CURE3,EA
MBGA741,4130,12,D/A5,EA
MBGA741,3340,13,TAPE CURE4,EA
MBGA741,3150,14,PLASMA,EA
MBGA741,3200,15,W/B II,EA
MBGA741,3205,16,A42,EA
MBGA741,3210,17,3IP-II,EA
MBGA741,2250,18,PLASMA,EA
MBGA741,2230,19,M/D QUEUE,EA
MBGA741,2300,20,M/D,EA
MBGA741,2320,21,T/M,EA
MBGA741,6000,22,WTC2,EA
MBGA741,2330,23,PMC,EA
MBGA741,2422,24,PCL,EA
MBGA741,2410,25,S/P,EA
MBGA741,2430,26,F/S,EA
MBGA741,2435,27,P/P,EA
MBGA741,2440,28,O/S,EA
MBGA741,2450,29,L/S,EA
MBGA741,2460,30,F/V,EA
MBGA741,2470,31,4IP,EA
MBGA741,2472,32,PKC,EA
MBGA741,2480,33,PACK,EA
MBGA741,2490,34,SHIP,EA
MBGA754,2070,1,D/A,EA
MBGA754,2080,2,D/A CURE,EA
MBGA754,2130,3,S/A,EA
MBGA754,2140,4,TAPE CURE,EA
MBGA754,3130,5,D/A III,EA
MBGA754,3140,6,TAPE CURE3,EA
MBGA754,2150,7,PLASMA,EA
MBGA754,2090,8,POST D/A Q,EA
MBGA754,2200,9,W/B,EA
MBGA754,2205,10,A41,EA
MBGA754,2210,11,3IP,EA
MBGA754,3330,12,D/A4,EA
MBGA754,4130,13,D/A5,EA
MBGA754,3340,14,TAPE CURE4,EA
MBGA754,3150,15,PLASMA,EA
MBGA754,3200,16,W/B II,EA
MBGA754,3205,17,A42,EA
MBGA754,3210,18,3IP-II,EA
MBGA754,2250,19,PLASMA,EA
MBGA754,2230,20,M/D QUEUE,EA
MBGA754,2300,21,M/D,EA
MBGA754,2310,22,B/M,EA
MBGA754,2330,23,PMC,EA
MBGA754,2431,24,PS1,EA
MBGA754,2432,25,PS2,EA
MBGA754,2435,26,P/P,EA
MBGA754,2434,27,PS3,EA
MBGA754,3713,28,SDFT,EA
MBGA754,3717,29,SDQC,EA
MBGA754,2460,30,F/V,EA
MBGA754,2470,31,4IP,EA
MBGA754,2480,32,PACK,EA
MBGA754,2490,33,SHIP,EA
MBGA755,2070,1,D/A,EA
MBGA755,2080,2,D/A CURE,EA
MBGA755,2130,3,S/A,EA
MBGA755,2140,4,TAPE CURE,EA
MBGA755,2150,5,PLASMA,EA
MBGA755,2090,6,POST D/A Q,EA
MBGA755,2200,7,W/B,EA
MBGA755,2210,8,3IP,EA
MBGA755,2250,9,PLASMA,EA
MBGA755,2230,10,M/D QUEUE,EA
MBGA755,2300,11,M/D,EA
MBGA755,2310,12,B/M,EA
MBGA755,2330,13,PMC,EA
MBGA755,2431,14,PS1,EA
MBGA755,2432,15,PS2,EA
MBGA755,2435,16,P/P,EA
MBGA755,2434,17,PS3,EA
MBGA755,3713,18,SDFT,EA
MBGA755,3717,19,SDQC,EA
MBGA755,3740,20,FQT,EA
MBGA755,2460,21,F/V,EA
MBGA755,2470,22,4IP,EA
MBGA755,2480,23,PACK,EA
MBGA755,2490,24,SHIP,EA
MBGA756,2070,1,D/A,EA
MBGA756,2080,2,D/A CURE,EA
MBGA756,2130,3,S/A,EA
MBGA756,2140,4,TAPE CURE,EA
MBGA756,2150,5,PLASMA,EA
MBGA756,2090,6,POST D/A Q,EA
MBGA756,2200,7,W/B,EA
MBGA756,2210,8,3IP,EA
MBGA756,2250,9,PLASMA,EA
MBGA756,2230,10,M/D QUEUE,EA
MBGA756,2300,11,M/D,EA
MBGA756,2310,12,B/M,EA
MBGA756,2330,13,PMC,EA
MBGA756,2431,14,PS1,EA
MBGA756,2432,15,PS2,EA
MBGA756,2435,16,P/P,EA
MBGA756,2434,17,PS3,EA
MBGA756,3713,18,SDFT,EA
MBGA756,3717,19,SDQC,EA
MBGA756,2460,20,F/V,EA
MBGA756,2470,21,4IP,EA
MBGA756,2480,22,PACK,EA
MBGA756,2490,23,SHIP,EA
MBGA760,2070,1,D/A,EA
MBGA760,2080,2,D/A CURE,EA
MBGA760,2130,3,S/A,EA
MBGA760,2140,4,TAPE CURE,EA
MBGA760,2150,5,PLASMA,EA
MBGA760,2090,6,POST D/A Q,EA
MBGA760,2200,7,W/B,EA
MBGA760,2210,8,3IP,EA
MBGA760,2250,9,PLASMA,EA
MBGA760,2230,10,M/D QUEUE,EA
MBGA760,2300,11,M/D,EA
MBGA760,2310,12,B/M,EA
MBGA760,2330,13,PMC,EA
MBGA760,2431,14,PS1,EA
MBGA760,2432,15,PS2,EA
MBGA760,2435,16,P/P,EA
MBGA760,2434,17,PS3,EA
MBGA760,3707,18,PRFT,EA
MBGA760,3708,19,SDBI,EA
MBGA760,3713,20,SDFT,EA
MBGA760,3717,21,SDQC,EA
MBGA760,3740,22,FQT,EA
MBGA760,2460,23,F/V,EA
MBGA760,2470,24,4IP,EA
MBGA760,2480,25,PACK,EA
MBGA760,2490,26,SHIP,EA
MBGA779,2070,1,D/A,EA
MBGA779,2080,2,D/A CURE,EA
MBGA779,2130,3,S/A,EA
MBGA779,2140,4,TAPE CURE,EA
MBGA779,2150,5,PLASMA,EA
MBGA779,2090,6,POST D/A Q,EA
MBGA779,2200,7,W/B,EA
MBGA779,2205,8,A41,EA
MBGA779,2210,9,3IP,EA
MBGA779,3130,10,D/A III,EA
MBGA779,3140,11,TAPE CURE3,EA
MBGA779,3150,12,PLASMA,EA
MBGA779,3200,13,W/B II,EA
MBGA779,3205,14,A42,EA
MBGA779,3210,15,3IP-II,EA
MBGA779,2250,16,PLASMA,EA
MBGA779,2230,17,M/D QUEUE,EA
MBGA779,2300,18,M/D,EA
MBGA779,2310,19,B/M,EA
MBGA779,2330,20,PMC,EA
MBGA779,2461,21,FV2,EA
MBGA779,2460,22,F/V,EA
MBGA779,2470,23,4IP,EA
MBGA779,2480,24,PACK,EA
MBGA779,2490,25,SHIP,EA
MBGA873,2070,1,D/A,EA
MBGA873,2080,2,D/A CURE,EA
MBGA873,2150,3,PLASMA,EA
MBGA873,2090,4,POST D/A Q,EA
MBGA873,2200,5,W/B,EA
MBGA873,2205,6,A41,EA
MBGA873,2210,7,3IP,EA
MBGA873,2250,8,PLASMA,EA
MBGA873,2230,9,M/D QUEUE,EA
MBGA873,2300,10,M/D,EA
MBGA873,2320,11,T/M,EA
MBGA873,6000,12,WTC2,EA
MBGA873,2330,13,PMC,EA
MBGA873,2422,14,PCL,EA
MBGA873,2410,15,S/P,EA
MBGA873,2430,16,F/S,EA
MBGA873,2435,17,P/P,EA
MBGA873,4710,18,AOST,EA
MBGA873,2450,19,L/S,EA
MBGA873,2460,20,F/V,EA
MBGA873,2470,21,4IP,EA
MBGA873,2472,22,PKC,EA
MBGA873,2480,23,PACK,EA
MBGA873,2490,24,SHIP,EA
MBGA874,2070,1,D/A,EA
MBGA874,2080,2,D/A CURE,EA
MBGA874,2150,3,PLASMA,EA
MBGA874,2090,4,POST D/A Q,EA
MBGA874,2200,5,W/B,EA
MBGA874,2205,6,A41,EA
MBGA874,2210,7,3IP,EA
MBGA874,2250,8,PLASMA,EA
MBGA874,2230,9,M/D QUEUE,EA
MBGA874,2300,10,M/D,EA
MBGA874,2320,11,T/M,EA
MBGA874,2330,12,PMC,EA
MBGA874,2422,13,PCL,EA
MBGA874,2410,14,S/P,EA
MBGA874,2430,15,F/S,EA
MBGA874,2435,16,P/P,EA
MBGA874,4710,17,AOST,EA
MBGA874,2450,18,L/S,EA
MBGA874,2460,19,F/V,EA
MBGA874,2470,20,4IP,EA
MBGA874,2472,21,PKC,EA
MBGA874,2480,22,PACK,EA
MBGA874,2490,23,SHIP,EA
MBGA892,2070,1,D/A,EA
MBGA892,2080,2,D/A CURE,EA
MBGA892,2130,3,S/A,EA
MBGA892,2140,4,TAPE CURE,EA
MBGA892,2150,5,PLASMA,EA
MBGA892,2090,6,POST D/A Q,EA
MBGA892,2200,7,W/B,EA
MBGA892,2205,8,A41,EA
MBGA892,2210,9,3IP,EA
MBGA892,3130,10,D/A III,EA
MBGA892,3140,11,TAPE CURE3,EA
MBGA892,3150,12,PLASMA,EA
MBGA892,3200,13,W/B II,EA
MBGA892,3205,14,A42,EA
MBGA892,3210,15,3IP-II,EA
MBGA892,2250,16,PLASMA,EA
MBGA892,2230,17,M/D QUEUE,EA
MBGA892,2300,18,M/D,EA
MBGA892,2320,19,T/M,EA
MBGA892,2330,20,PMC,EA
MBGA892,2422,21,PCL,EA
MBGA892,2410,22,S/P,EA
MBGA892,2430,23,F/S,EA
MBGA892,2435,24,P/P,EA
MBGA892,4710,25,AOST,EA
MBGA892,2450,26,L/S,EA
MBGA892,2460,27,F/V,EA
MBGA892,2470,28,4IP,EA
MBGA892,2472,29,PKC,EA
MBGA892,2480,30,PACK,EA
MBGA892,2490,31,SHIP,EA
MBGA925,2070,1,D/A,EA
MBGA925,2080,2,D/A CURE,EA
MBGA925,2130,3,S/A,EA
MBGA925,2140,4,TAPE CURE,EA
MBGA925,3130,5,D/A III,EA
MBGA925,2150,6,PLASMA,EA
MBGA925,2090,7,POST D/A Q,EA
MBGA925,2200,8,W/B,EA
MBGA925,2210,9,3IP,EA
MBGA925,2250,10,PLASMA,EA
MBGA925,2230,11,M/D QUEUE,EA
MBGA925,2300,12,M/D,EA
MBGA925,2310,13,B/M,EA
MBGA925,2330,14,PMC,EA
MBGA925,2431,15,PS1,EA
MBGA925,2432,16,PS2,EA
MBGA925,2435,17,P/P,EA
MBGA925,2434,18,PS3,EA
MBGA925,3713,19,SDFT,EA
MBGA925,3717,20,SDQC,EA
MBGA925,3740,21,FQT,EA
MBGA925,2460,22,F/V,EA
MBGA925,2470,23,4IP,EA
MBGA925,2480,24,PACK,EA
MBGA925,2490,25,SHIP,EA
MBGA929,2070,1,D/A,EA
MBGA929,2080,2,D/A CURE,EA
MBGA929,2150,3,PLASMA,EA
MBGA929,2090,4,POST D/A Q,EA
MBGA929,2200,5,W/B,EA
MBGA929,2205,6,A41,EA
MBGA929,2210,7,3IP,EA
MBGA929,2130,8,S/A,EA
MBGA929,2140,9,TAPE CURE,EA
MBGA929,3150,10,PLASMA,EA
MBGA929,3200,11,W/B II,EA
MBGA929,3205,12,A42,EA
MBGA929,3210,13,3IP-II,EA
MBGA929,2250,14,PLASMA,EA
MBGA929,2230,15,M/D QUEUE,EA
MBGA929,2300,16,M/D,EA
MBGA929,2310,17,B/M,EA
MBGA929,2330,18,PMC,EA
MBGA929,6008,19,SLB,EA
MBGA929,2461,20,FV2,EA
MBGA929,2460,21,F/V,EA
MBGA929,2470,22,4IP,EA
MBGA929,2480,23,PACK,EA
MBGA929,2490,24,SHIP,EA
MBGA946,2070,1,D/A,EA
MBGA946,2080,2,D/A CURE,EA
MBGA946,2150,3,PLASMA,EA
MBGA946,2090,4,POST D/A Q,EA
MBGA946,2200,5,W/B,EA
MBGA946,2205,6,A41,EA
MBGA946,2209,7,BMP,EA
MBGA946,2210,8,3IP,EA
MBGA946,2250,9,PLASMA,EA
MBGA946,2230,10,M/D QUEUE,EA
MBGA946,2300,11,M/D,EA
MBGA946,2320,12,T/M,EA
MBGA946,6000,13,WTC2,EA
MBGA946,2330,14,PMC,EA
MBGA946,2405,15,PLASMA,EA
MBGA946,2418,16,WTC,EA
MBGA946,2410,17,S/P,EA
MBGA946,2430,18,F/S,EA
MBGA946,2435,19,P/P,EA
MBGA946,2440,20,O/S,EA
MBGA946,2450,21,L/S,EA
MBGA946,2460,22,F/V,EA
MBGA946,2470,23,4IP,EA
MBGA946,2480,24,PACK,EA
MBGA946,2490,25,SHIP,EA
MBGA947,2070,1,D/A,EA
MBGA947,2080,2,D/A CURE,EA
MBGA947,2150,3,PLASMA,EA
MBGA947,2090,4,POST D/A Q,EA
MBGA947,2200,5,W/B,EA
MBGA947,2205,6,A41,EA
MBGA947,2209,7,BMP,EA
MBGA947,2210,8,3IP,EA
MBGA947,2130,9,S/A,EA
MBGA947,2140,10,TAPE CURE,EA
MBGA947,3150,11,PLASMA,EA
MBGA947,3200,12,W/B II,EA
MBGA947,3205,13,A42,EA
MBGA947,3209,14,BMP2,EA
MBGA947,3210,15,3IP-II,EA
MBGA947,2250,16,PLASMA,EA
MBGA947,2230,17,M/D QUEUE,EA
MBGA947,2300,18,M/D,EA
MBGA947,2320,19,T/M,EA
MBGA947,6000,20,WTC2,EA
MBGA947,2330,21,PMC,EA
MBGA947,2405,22,PLASMA,EA
MBGA947,2418,23,WTC,EA
MBGA947,2410,24,S/P,EA
MBGA947,2430,25,F/S,EA
MBGA947,2435,26,P/P,EA
MBGA947,2440,27,O/S,EA
MBGA947,2450,28,L/S,EA
MBGA947,2460,29,F/V,EA
MBGA947,2470,30,4IP,EA
MBGA947,2480,31,PACK,EA
MBGA947,2490,32,SHIP,EA
MBGA948,2070,1,D/A,EA
MBGA948,2130,2,S/A,EA
MBGA948,2140,3,TAPE CURE,EA
MBGA948,3130,4,D/A III,EA
MBGA948,3140,5,TAPE CURE3,EA
MBGA948,2150,6,PLASMA,EA
MBGA948,2090,7,POST D/A Q,EA
MBGA948,2200,8,W/B,EA
MBGA948,2205,9,A41,EA
MBGA948,2210,10,3IP,EA
MBGA948,2250,11,PLASMA,EA
MBGA948,2230,12,M/D QUEUE,EA
MBGA948,2300,13,M/D,EA
MBGA948,2320,14,T/M,EA
MBGA948,6000,15,WTC2,EA
MBGA948,2330,16,PMC,EA
MBGA948,2405,17,PLASMA,EA
MBGA948,2418,18,WTC,EA
MBGA948,2410,19,S/P,EA
MBGA948,2430,20,F/S,EA
MBGA948,2435,21,P/P,EA
MBGA948,2440,22,O/S,EA
MBGA948,2450,23,L/S,EA
MBGA948,2460,24,F/V,EA
MBGA948,2470,25,4IP,EA
MBGA948,2480,26,PACK,EA
MBGA948,2490,27,SHIP,EA
MCON112,2070,1,D/A,EA
MCON112,2080,2,D/A CURE,EA
MCON112,2150,3,PLASMA,EA
MCON112,2090,4,POST D/A Q,EA
MCON112,2200,5,W/B,EA
MCON112,2205,6,A41,EA
MCON112,2210,7,3IP,EA
MCON112,2130,8,S/A,EA
MCON112,2140,9,TAPE CURE,EA
MCON112,3150,10,PLASMA,EA
MCON112,3200,11,W/B II,EA
MCON112,3210,12,3IP-II,EA
MCON112,2230,13,M/D QUEUE,EA
MCON112,2250,14,PLASMA,EA
MCON112,2300,15,M/D,EA
MCON112,2330,16,PMC,EA
MCON112,2403,17,C/D,EA
MCON112,2410,18,S/P,EA
MCON112,2420,19,SP-I,EA
MCON112,2425,20,INK CURE,EA
MCON112,2320,21,T/M,EA
MCON112,2430,22,F/S,EA
MCON112,2460,23,F/V,EA
MCON112,2470,24,4IP,EA
MCON112,2480,25,PACK,EA
MCON112,2490,26,SHIP,EA
MCON15,2070,1,D/A,EA
MCON15,2080,2,D/A CURE,EA
MCON15,2150,3,PLASMA,EA
MCON15,2090,4,POST D/A Q,EA
MCON15,2200,5,W/B,EA
MCON15,2210,6,3IP,EA
MCON15,2230,7,M/D QUEUE,EA
MCON15,2300,8,M/D,EA
MCON15,2320,9,T/M,EA
MCON15,2330,10,PMC,EA
MCON15,2400,11,D/T,EA
MCON15,2410,12,S/P,EA
MCON15,2420,13,SP-I,EA
MCON15,2425,14,INK CURE,EA
MCON15,2430,15,F/S,EA
MCON15,2440,16,O/S,EA
MCON15,2450,17,L/S,EA
MCON15,2460,18,F/V,EA
MCON15,2470,19,4IP,EA
MCON15,2480,20,PACK,EA
MCON15,2490,21,SHIP,EA
MCON57,2070,1,D/A,EA
MCON57,2130,2,S/A,EA
MCON57,3130,3,D/A III,EA
MCON57,3140,4,TAPE CURE3,EA
MCON57,2150,5,PLASMA,EA
MCON57,2090,6,POST D/A Q,EA
MCON57,2200,7,W/B,EA
MCON57,2205,8,A41,EA
MCON57,2210,9,3IP,EA
MCON57,2230,10,M/D QUEUE,EA
MCON57,2250,11,PLASMA,EA
MCON57,2300,12,M/D,EA
MCON57,2310,13,B/M,EA
MCON57,2330,14,PMC,EA
MCON57,2415,15,IR,EA
MCON57,2400,16,D/T,EA
MCON57,2410,17,S/P,EA
MCON57,2420,18,SP-I,EA
MCON57,2425,19,INK CURE,EA
MCON57,2430,20,F/S,EA
MCON57,2440,21,O/S,EA
MCON57,2450,22,L/S,EA
MCON57,2460,23,F/V,EA
MCON57,2470,24,4IP,EA
MCON57,2480,25,PACK,EA
MCON57,2490,26,SHIP,EA
MCON63,2070,1,D/A,EA
MCON63,2130,2,S/A,EA
MCON63,2140,3,TAPE CURE,EA
MCON63,2150,4,PLASMA,EA
MCON63,2090,5,POST D/A Q,EA
MCON63,2200,6,W/B,EA
MCON63,2205,7,A41,EA
MCON63,2210,8,3IP,EA
MCON63,2230,9,M/D QUEUE,EA
MCON63,2250,10,PLASMA,EA
MCON63,2300,11,M/D,EA
MCON63,2320,12,T/M,EA
MCON63,2330,13,PMC,EA
MCON63,2400,14,D/T,EA
MCON63,2410,15,S/P,EA
MCON63,2420,16,SP-I,EA
MCON63,2425,17,INK CURE,EA
MCON63,2430,18,F/S,EA
MCON63,2440,19,O/S,EA
MCON63,2450,20,L/S,EA
MCON63,2460,21,F/V,EA
MCON63,2470,22,4IP,EA
MCON63,2480,23,PACK,EA
MCON63,2490,24,SHIP,EA
MCON66,2070,1,D/A,EA
MCON66,2130,2,S/A,EA
MCON66,2080,3,D/A CURE,EA
MCON66,2150,4,PLASMA,EA
MCON66,2090,5,POST D/A Q,EA
MCON66,2200,6,W/B,EA
MCON66,2205,7,A41,EA
MCON66,2210,8,3IP,EA
MCON66,3130,9,D/A III,EA
MCON66,3150,10,PLASMA,EA
MCON66,3200,11,W/B II,EA
MCON66,3205,12,A42,EA
MCON66,3210,13,3IP-II,EA
MCON66,2230,14,M/D QUEUE,EA
MCON66,2250,15,PLASMA,EA
MCON66,2300,16,M/D,EA
MCON66,2320,17,T/M,EA
MCON66,2330,18,PMC,EA
MCON66,2400,19,D/T,EA
MCON66,2410,20,S/P,EA
MCON66,2420,21,SP-I,EA
MCON66,2425,22,INK CURE,EA
MCON66,2430,23,F/S,EA
MCON66,2440,24,O/S,EA
MCON66,2450,25,L/S,EA
MCON66,2460,26,F/V,EA
MCON66,2470,27,4IP,EA
MCON66,2480,28,PACK,EA
MCON66,2490,29,SHIP,EA
MCON68,2070,1,D/A,EA
MCON68,2080,2,D/A CURE,EA
MCON68,2130,3,S/A,EA
MCON68,2140,4,TAPE CURE,EA
MCON68,2150,5,PLASMA,EA
MCON68,2090,6,POST D/A Q,EA
MCON68,2200,7,W/B,EA
MCON68,2210,8,3IP,EA
MCON68,2250,9,PLASMA,EA
MCON68,2230,10,M/D QUEUE,EA
MCON68,2300,11,M/D,EA
MCON68,2330,12,PMC,EA
MCON68,2400,13,D/T,EA
MCON68,2410,14,S/P,EA
MCON68,2420,15,SP-I,EA
MCON68,2430,16,F/S,EA
MCON68,2440,17,O/S,EA
MCON68,2450,18,L/S,EA
MCON68,2460,19,F/V,EA
MCON68,2470,20,4IP,EA
MCON68,2480,21,PACK,EA
MCON68,2490,22,SHIP,EA
MCON69,2070,1,D/A,EA
MCON69,2080,2,D/A CURE,EA
MCON69,2130,3,S/A,EA
MCON69,2140,4,TAPE CURE,EA
MCON69,2150,5,PLASMA,EA
MCON69,2090,6,POST D/A Q,EA
MCON69,2200,7,W/B,EA
MCON69,2210,8,3IP,EA
MCON69,3130,9,D/A III,EA
MCON69,3140,10,TAPE CURE3,EA
MCON69,2230,11,M/D QUEUE,EA
MCON69,2250,12,PLASMA,EA
MCON69,2300,13,M/D,EA
MCON69,2320,14,T/M,EA
MCON69,2330,15,PMC,EA
MCON69,2400,16,D/T,EA
MCON69,2410,17,S/P,EA
MCON69,2420,18,SP-I,EA
MCON69,2425,19,INK CURE,EA
MCON69,2430,20,F/S,EA
MCON69,2440,21,O/S,EA
MCON69,2450,22,L/S,EA
MCON69,2460,23,F/V,EA
MCON69,2470,24,4IP,EA
MCON69,2480,25,PACK,EA
MCON69,2490,26,SHIP,EA
MCON75,2070,1,D/A,EA
MCON75,2080,2,D/A CURE,EA
MCON75,2150,3,PLASMA,EA
MCON75,2090,4,POST D/A Q,EA
MCON75,2200,5,W/B,EA
MCON75,2205,6,A41,EA
MCON75,2210,7,3IP,EA
MCON75,2130,8,S/A,EA
MCON75,2140,9,TAPE CURE,EA
MCON75,3150,10,PLASMA,EA
MCON75,3200,11,W/B II,EA
MCON75,3205,12,A42,EA
MCON75,3210,13,3IP-II,EA
MCON75,2230,14,M/D QUEUE,EA
MCON75,2250,15,PLASMA,EA
MCON75,2300,16,M/D,EA
MCON75,2330,17,PMC,EA
MCON75,2400,18,D/T,EA
MCON75,2410,19,S/P,EA
MCON75,2420,20,SP-I,EA
MCON75,2425,21,INK CURE,EA
MCON75,2430,22,F/S,EA
MCON75,2440,23,O/S,EA
MCON75,2450,24,L/S,EA
MCON75,2460,25,F/V,EA
MCON75,2470,26,4IP,EA
MCON75,2480,27,PACK,EA
MCON75,2490,28,SHIP,EA
MQFNS020,2070,1,D/A,EA
MQFNS020,2080,2,D/A CURE,EA
MQFNS020,2130,3,S/A,EA
MQFNS020,2140,4,TAPE CURE,EA
MQFNS020,2150,5,PLASMA,EA
MQFNS020,2090,6,POST D/A Q,EA
MQFNS020,2200,7,W/B,EA
MQFNS020,2209,8,BMP,EA
MQFNS020,2210,9,3IP,EA
MQFNS020,3130,10,D/A III,EA
MQFNS020,3140,11,TAPE CURE3,EA
MQFNS020,2230,12,M/D QUEUE,EA
MQFNS020,2251,13,PLASMA,EA
MQFNS020,2260,14,PMT,EA
MQFNS020,2300,15,M/D,EA
MQFNS020,2302,16,DF,EA
MQFNS020,2330,17,PMC,EA
MQFNS020,2403,18,C/D,EA
MQFNS020,2410,19,S/P,EA
MQFNS020,2420,20,SP-I,EA
MQFNS020,2425,21,INK CURE,EA
MQFNS020,2320,22,T/M,EA
MQFNS020,2430,23,F/S,EA
MQFNS020,2435,24,P/P,EA
MQFNS020,2450,25,L/S,EA
MQFNS020,2460,26,F/V,EA
MQFNS020,2470,27,4IP,EA
MQFNS020,2480,28,PACK,EA
MQFNS020,2490,29,SHIP,EA
MQFNS040,2070,1,D/A,EA
MQFNS040,2130,2,S/A,EA
MQFNS040,2080,3,D/A CURE,EA
MQFNS040,2150,4,PLASMA,EA
MQFNS040,2090,5,POST D/A Q,EA
MQFNS040,2200,6,W/B,EA
MQFNS040,2209,7,BMP,EA
MQFNS040,2210,8,3IP,EA
MQFNS040,2230,9,M/D QUEUE,EA
MQFNS040,2251,10,PLASMA,EA
MQFNS040,2260,11,PMT,EA
MQFNS040,2300,12,M/D,EA
MQFNS040,2302,13,DF,EA
MQFNS040,2330,14,PMC,EA
MQFNS040,6008,15,SLB,EA
MQFNS040,2403,16,C/D,EA
MQFNS040,2410,17,S/P,EA
MQFNS040,2420,18,SP-I,EA
MQFNS040,2425,19,INK CURE,EA
MQFNS040,2320,20,T/M,EA
MQFNS040,2430,21,F/S,EA
MQFNS040,2435,22,P/P,EA
MQFNS040,2460,23,F/V,EA
MQFNS040,2470,24,4IP,EA
MQFNS040,2480,25,PACK,EA
MQFNS040,2490,26,SHIP,EA
MQFNS043,2070,1,D/A,EA
MQFNS043,2080,2,D/A CURE,EA
MQFNS043,2150,3,PLASMA,EA
MQFNS043,2090,4,POST D/A Q,EA
MQFNS043,2200,5,W/B,EA
MQFNS043,2209,6,BMP,EA
MQFNS043,2210,7,3IP,EA
MQFNS043,2130,8,S/A,EA
MQFNS043,2140,9,TAPE CURE,EA
MQFNS043,3150,10,PLASMA,EA
MQFNS043,3200,11,W/B II,EA
MQFNS043,3210,12,3IP-II,EA
MQFNS043,2230,13,M/D QUEUE,EA
MQFNS043,2251,14,PLASMA,EA
MQFNS043,2260,15,PMT,EA
MQFNS043,2300,16,M/D,EA
MQFNS043,2302,17,DF,EA
MQFNS043,2330,18,PMC,EA
MQFNS043,6008,19,SLB,EA
MQFNS043,2403,20,C/D,EA
MQFNS043,2410,21,S/P,EA
MQFNS043,2420,22,SP-I,EA
MQFNS043,2425,23,INK CURE,EA
MQFNS043,2320,24,T/M,EA
MQFNS043,2430,25,F/S,EA
MQFNS043,2435,26,P/P,EA
MQFNS043,2460,27,F/V,EA
MQFNS043,2470,28,4IP,EA
MQFNS043,2480,29,PACK,EA
MQFNS043,2490,30,SHIP,EA
MQFNS047,2070,1,D/A,EA
MQFNS047,2130,2,S/A,EA
MQFNS047,2080,3,D/A CURE,EA
MQFNS047,2150,4,PLASMA,EA
MQFNS047,2090,5,POST D/A Q,EA
MQFNS047,2200,6,W/B,EA
MQFNS047,2205,7,A41,EA
MQFNS047,2210,8,3IP,EA
MQFNS047,2230,9,M/D QUEUE,EA
MQFNS047,2251,10,PLASMA,EA
MQFNS047,2260,11,PMT,EA
MQFNS047,2300,12,M/D,EA
MQFNS047,2302,13,DF,EA
MQFNS047,2330,14,PMC,EA
MQFNS047,6008,15,SLB,EA
MQFNS047,2403,16,C/D,EA
MQFNS047,2410,17,S/P,EA
MQFNS047,2420,18,SP-I,EA
MQFNS047,2425,19,INK CURE,EA
MQFNS047,2320,20,T/M,EA
MQFNS047,2430,21,F/S,EA
MQFNS047,2435,22,P/P,EA
MQFNS047,2440,23,O/S,EA
MQFNS047,2460,24,F/V,EA
MQFNS047,2470,25,4IP,EA
MQFNS047,2472,26,PKC,EA
MQFNS047,2480,27,PACK,EA
MQFNS047,2490,28,SHIP,EA
PACK114,2478,1,LAB,EA
PACK114,2480,2,PACK,EA
PACK114,2490,3,SHIP,EA
PACK17,3710,1,DFT,EA
PACK17,3720,2,DTR,EA
PACK17,2480,3,PACK,EA
PACK17,2490,4,SHIP,EA
PACK171,3720,1,DTR,EA
PACK171,2480,2,PACK,EA
PACK171,2490,3,SHIP,EA
PACK4,2450,1,L/S,EA
PACK4,2460,2,F/V,EA
PACK4,2470,3,4IP,EA
PACK4,2480,4,PACK,EA
PACK4,2490,5,SHIP,EA
QFNS139,2320,1,T/M,EA
QFNS139,2430,2,F/S,EA
QFNS139,2435,3,P/P,EA
QFNS139,2472,4,PKC,EA
QFNS139,3710,5,DFT,EA
QFNS139,3720,6,DTR,EA
QFNS139,2480,7,PACK,EA
QFNS139,2490,8,SHIP,EA
QFNS182,2000,1,IQC,PCS
QFNS182,2003,2,TPM,PCS
QFNS182,2005,3,TAPING,PCS
QFNS182,2010,4,LAPPING,PCS
QFNS182,2020,5,A21 QUEUE,PCS
QFNS182,2030,6,W/M,PCS
QFNS182,2040,7,D/S,PCS
QFNS182,2050,8,A31,EA
QFNS182,2060,9,2IP,EA
QFNS182,2070,10,D/A,EA
QFNS182,2080,11,D/A CURE,EA
QFNS182,2150,12,PLASMA,EA
QFNS182,2090,13,POST D/A Q,EA
QFNS182,2200,14,W/B,EA
QFNS182,2209,15,BMP,EA
QFNS182,2210,16,3IP,EA
QFNS182,2230,17,M/D QUEUE,EA
QFNS182,2251,18,PLASMA,EA
QFNS182,2260,19,PMT,EA
QFNS182,2300,20,M/D,EA
QFNS182,2302,21,DF,EA
QFNS182,2330,22,PMC,EA
QFNS182,6008,23,SLB,EA
QFNS182,2403,24,C/D,EA
QFNS182,2410,25,S/P,EA
QFNS182,2420,26,SP-I,EA
QFNS182,2470,27,4IP,EA
QFNS182,2425,28,INK CURE,EA
QFNS182,2320,29,T/M,EA
QFNS182,2430,30,F/S,EA
QFNS182,2435,31,P/P,EA
QFNS182,2472,32,PKC,EA
QFNS182,2480,33,PACK,EA
QFNS182,2490,34,SHIP,EA
QFNS205,2000,1,IQC,PCS
QFNS205,2003,2,TPM,PCS
QFNS205,2005,3,TAPING,PCS
QFNS205,2010,4,LAPPING,PCS
QFNS205,2020,5,A21 QUEUE,PCS
QFNS205,2030,6,W/M,PCS
QFNS205,2040,7,D/S,PCS
QFNS205,2050,8,A31,EA
QFNS205,2060,9,2IP,EA
QFNS205,2070,10,D/A,EA
QFNS205,2080,11,D/A CURE,EA
QFNS205,2150,12,PLASMA,EA
QFNS205,2090,13,POST D/A Q,EA
QFNS205,2200,14,W/B,EA
QFNS205,2209,15,BMP,EA
QFNS205,2210,16,3IP,EA
QFNS205,2230,17,M/D QUEUE,EA
QFNS205,2251,18,PLASMA,EA
QFNS205,2260,19,PMT,EA
QFNS205,2300,20,M/D,EA
QFNS205,2302,21,DF,EA
QFNS205,2330,22,PMC,EA
QFNS205,2403,23,C/D,EA
QFNS205,2410,24,S/P,EA
QFNS205,2420,25,SP-I,EA
QFNS205,2425,26,INK CURE,EA
QFNS205,2320,27,T/M,EA
QFNS205,2430,28,F/S,EA
QFNS205,2435,29,P/P,EA
QFNS205,2460,30,F/V,EA
QFNS205,2470,31,4IP,EA
QFNS205,2480,32,PACK,EA
QFNS205,2490,33,SHIP,EA
QFNS220,2000,1,IQC,PCS
QFNS220,2003,2,TPM,PCS
QFNS220,2005,3,TAPING,PCS
QFNS220,2010,4,LAPPING,PCS
QFNS220,2020,5,A21 QUEUE,PCS
QFNS220,2030,6,W/M,PCS
QFNS220,2040,7,D/S,PCS
QFNS220,2050,8,A31,EA
QFNS220,2060,9,2IP,EA
QFNS220,2070,10,D/A,EA
QFNS220,2080,11,D/A CURE,EA
QFNS220,2150,12,PLASMA,EA
QFNS220,2090,13,POST D/A Q,EA
QFNS220,2200,14,W/B,EA
QFNS220,2205,15,A41,EA
QFNS220,2209,16,BMP,EA
QFNS220,2210,17,3IP,EA
QFNS220,2230,18,M/D QUEUE,EA
QFNS220,2251,19,PLASMA,EA
QFNS220,2260,20,PMT,EA
QFNS220,2300,21,M/D,EA
QFNS220,2302,22,DF,EA
QFNS220,2330,23,PMC,EA
QFNS220,6008,24,SLB,EA
QFNS220,2403,25,C/D,EA
QFNS220,2410,26,S/P,EA
QFNS220,2420,27,SP-I,EA
QFNS220,2425,28,INK CURE,EA
QFNS220,2320,29,T/M,EA
QFNS220,2430,30,F/S,EA
QFNS220,2435,31,P/P,EA
QFNS220,2450,32,L/S,EA
QFNS220,2460,33,F/V,EA
QFNS220,2470,34,4IP,EA
QFNS220,2480,35,PACK,EA
QFNS220,2490,36,SHIP,EA
QFNS224,2000,1,IQC,PCS
QFNS224,2003,2,TPM,PCS
QFNS224,2005,3,TAPING,PCS
QFNS224,2010,4,LAPPING,PCS
QFNS224,2020,5,A21 QUEUE,PCS
QFNS224,2030,6,W/M,PCS
QFNS224,2040,7,D/S,PCS
QFNS224,2050,8,A31,EA
QFNS224,2060,9,2IP,EA
QFNS224,2070,10,D/A,EA
QFNS224,2080,11,D/A CURE,EA
QFNS224,2150,12,PLASMA,EA
QFNS224,2090,13,POST D/A Q,EA
QFNS224,2200,14,W/B,EA
QFNS224,2205,15,A41,EA
QFNS224,2210,16,3IP,EA
QFNS224,2230,17,M/D QUEUE,EA
QFNS224,2251,18,PLASMA,EA
QFNS224,2260,19,PMT,EA
QFNS224,2300,20,M/D,EA
QFNS224,2302,21,DF,EA
QFNS224,2330,22,PMC,EA
QFNS224,6008,23,SLB,EA
QFNS224,2403,24,C/D,EA
QFNS224,2410,25,S/P,EA
QFNS224,2420,26,SP-I,EA
QFNS224,2425,27,INK CURE,EA
QFNS224,2320,28,T/M,EA
QFNS224,2430,29,F/S,EA
QFNS224,2435,30,P/P,EA
QFNS224,2450,31,L/S,EA
QFNS224,2460,32,F/V,EA
QFNS224,2470,33,4IP,EA
QFNS224,2480,34,PACK,EA
QFNS224,2490,35,SHIP,EA
QFNS235,2000,1,IQC,PCS
QFNS235,2003,2,TPM,PCS
QFNS235,2005,3,TAPING,PCS
QFNS235,2010,4,LAPPING,PCS
QFNS235,2020,5,A21 QUEUE,PCS
QFNS235,2030,6,W/M,PCS
QFNS235,2040,7,D/S,PCS
QFNS235,2050,8,A31,EA
QFNS235,2060,9,2IP,EA
QFNS235,2070,10,D/A,EA
QFNS235,2080,11,D/A CURE,EA
QFNS235,2150,12,PLASMA,EA
QFNS235,2090,13,POST D/A Q,EA
QFNS235,2200,14,W/B,EA
QFNS235,2210,15,3IP,EA
QFNS235,2230,16,M/D QUEUE,EA
QFNS235,2251,17,PLASMA,EA
QFNS235,2260,18,PMT,EA
QFNS235,2300,19,M/D,EA
QFNS235,2302,20,DF,EA
QFNS235,2330,21,PMC,EA
QFNS235,6008,22,SLB,EA
QFNS235,2403,23,C/D,EA
QFNS235,2410,24,S/P,EA
QFNS235,2420,25,SP-I,EA
QFNS235,2425,26,INK CURE,EA
QFNS235,2320,27,T/M,EA
QFNS235,2430,28,F/S,EA
QFNS235,2435,29,P/P,EA
QFNS235,2460,30,F/V,EA
QFNS235,2470,31,4IP,EA
QFNS235,2480,32,PACK,EA
QFNS235,2490,33,SHIP,EA
QFNS243,2000,1,IQC,PCS
QFNS243,2003,2,TPM,PCS
QFNS243,2005,3,TAPING,PCS
QFNS243,2010,4,LAPPING,PCS
QFNS243,2020,5,A21 QUEUE,PCS
QFNS243,2030,6,W/M,PCS
QFNS243,2040,7,D/S,PCS
QFNS243,2050,8,A31,EA
QFNS243,2060,9,2IP,EA
QFNS243,2070,10,D/A,EA
QFNS243,2080,11,D/A CURE,EA
QFNS243,2150,12,PLASMA,EA
QFNS243,2090,13,POST D/A Q,EA
QFNS243,2200,14,W/B,EA
QFNS243,2209,15,BMP,EA
QFNS243,2210,16,3IP,EA
QFNS243,2230,17,M/D QUEUE,EA
QFNS243,2251,18,PLASMA,EA
QFNS243,2260,19,PMT,EA
QFNS243,2300,20,M/D,EA
QFNS243,2302,21,DF,EA
QFNS243,2330,22,PMC,EA
QFNS243,6008,23,SLB,EA
QFNS243,2403,24,C/D,EA
QFNS243,2410,25,S/P,EA
QFNS243,2420,26,SP-I,EA
QFNS243,2470,27,4IP,EA
QFNS243,2320,28,T/M,EA
QFNS243,2430,29,F/S,EA
QFNS243,2435,30,P/P,EA
QFNS243,2472,31,PKC,EA
QFNS243,2480,32,PACK,EA
QFNS243,2490,33,SHIP,EA
QFNS288,2000,1,IQC,PCS
QFNS288,2003,2,TPM,PCS
QFNS288,2005,3,TAPING,PCS
QFNS288,2010,4,LAPPING,PCS
QFNS288,2020,5,A21 QUEUE,PCS
QFNS288,2030,6,W/M,PCS
QFNS288,2040,7,D/S,PCS
QFNS288,2050,8,A31,EA
QFNS288,2060,9,2IP,EA
QFNS288,2070,10,D/A,EA
QFNS288,2080,11,D/A CURE,EA
QFNS288,2150,12,PLASMA,EA
QFNS288,2090,13,POST D/A Q,EA
QFNS288,2200,14,W/B,EA
QFNS288,2205,15,A41,EA
QFNS288,2209,16,BMP,EA
QFNS288,2210,17,3IP,EA
QFNS288,2230,18,M/D QUEUE,EA
QFNS288,2251,19,PLASMA,EA
QFNS288,2260,20,PMT,EA
QFNS288,2300,21,M/D,EA
QFNS288,2302,22,DF,EA
QFNS288,2330,23,PMC,EA
QFNS288,6008,24,SLB,EA
QFNS288,2403,25,C/D,EA
QFNS288,2410,26,S/P,EA
QFNS288,2420,27,SP-I,EA
QFNS288,2470,28,4IP,EA
QFNS288,2425,29,INK CURE,EA
QFNS288,2320,30,T/M,EA
QFNS288,2430,31,F/S,EA
QFNS288,2435,32,P/P,EA
QFNS288,2472,33,PKC,EA
QFNS288,2480,34,PACK,EA
QFNS288,2490,35,SHIP,EA
QFNS329,2000,1,IQC,PCS
QFNS329,2003,2,TPM,PCS
QFNS329,2005,3,TAPING,PCS
QFNS329,2010,4,LAPPING,PCS
QFNS329,2020,5,A21 QUEUE,PCS
QFNS329,2030,6,W/M,PCS
QFNS329,2040,7,D/S,PCS
QFNS329,2050,8,A31,EA
QFNS329,2060,9,2IP,EA
QFNS329,2061,10,UV,EA
QFNS329,2070,11,D/A,EA
QFNS329,2080,12,D/A CURE,EA
QFNS329,2150,13,PLASMA,EA
QFNS329,2090,14,POST D/A Q,EA
QFNS329,2200,15,W/B,EA
QFNS329,2209,16,BMP,EA
QFNS329,2210,17,3IP,EA
QFNS329,2230,18,M/D QUEUE,EA
QFNS329,2260,19,PMT,EA
QFNS329,2300,20,M/D,EA
QFNS329,2330,21,PMC,EA
QFNS329,2304,22,DF2,EA
QFNS329,2403,23,C/D,EA
QFNS329,2420,24,SP-I,EA
QFNS329,2320,25,T/M,EA
QFNS329,2430,26,F/S,EA
QFNS329,2435,27,P/P,EA
QFNS329,2450,28,L/S,EA
QFNS329,2460,29,F/V,EA
QFNS329,2470,30,4IP,EA
QFNS329,2480,31,PACK,EA
QFNS329,2490,32,SHIP,EA
QFNS482,2000,1,IQC,PCS
QFNS482,2003,2,TPM,PCS
QFNS482,2005,3,TAPING,PCS
QFNS482,2010,4,LAPPING,PCS
QFNS482,2020,5,A21 QUEUE,PCS
QFNS482,2030,6,W/M,PCS
QFNS482,2040,7,D/S,PCS
QFNS482,2050,8,A31,EA
QFNS482,2060,9,2IP,EA
QFNS482,2070,10,D/A,EA
QFNS482,2080,11,D/A CURE,EA
QFNS482,2150,12,PLASMA,EA
QFNS482,2090,13,POST D/A Q,EA
QFNS482,2200,14,W/B,EA
QFNS482,2209,15,BMP,EA
QFNS482,2210,16,3IP,EA
QFNS482,2230,17,M/D QUEUE,EA
QFNS482,2251,18,PLASMA,EA
QFNS482,2260,19,PMT,EA
QFNS482,2300,20,M/D,EA
QFNS482,2302,21,DF,EA
QFNS482,2330,22,PMC,EA
QFNS482,6008,23,SLB,EA
QFNS482,2403,24,C/D,EA
QFNS482,2410,25,S/P,EA
QFNS482,2420,26,SP-I,EA
QFNS482,2470,27,4IP,EA
QFNS482,2425,28,INK CURE,EA
QFNS482,2320,29,T/M,EA
QFNS482,2430,30,F/S,EA
QFNS482,2435,31,P/P,EA
QFNS482,2472,32,PKC,EA
QFNS482,2480,33,PACK,EA
QFNS482,2490,34,SHIP,EA
QFNS545,2000,1,IQC,PCS
QFNS545,2003,2,TPM,PCS
QFNS545,2005,3,TAPING,PCS
QFNS545,2010,4,LAPPING,PCS
QFNS545,2020,5,A21 QUEUE,PCS
QFNS545,2030,6,W/M,PCS
QFNS545,2040,7,D/S,PCS
QFNS545,2050,8,A31,EA
QFNS545,2060,9,2IP,EA
QFNS545,2061,10,UV,EA
QFNS545,2070,11,D/A,EA
QFNS545,2080,12,D/A CURE,EA
QFNS545,2150,13,PLASMA,EA
QFNS545,2090,14,POST D/A Q,EA
QFNS545,2200,15,W/B,EA
QFNS545,2209,16,BMP,EA
QFNS545,2210,17,3IP,EA
QFNS545,2230,18,M/D QUEUE,EA
QFNS545,2251,19,PLASMA,EA
QFNS545,2260,20,PMT,EA
QFNS545,2300,21,M/D,EA
QFNS545,2302,22,DF,EA
QFNS545,2330,23,PMC,EA
QFNS545,6008,24,SLB,EA
QFNS545,2403,25,C/D,EA
QFNS545,2410,26,S/P,EA
QFNS545,2420,27,SP-I,EA
QFNS545,2425,28,INK CURE,EA
QFNS545,2320,29,T/M,EA
QFNS545,2430,30,F/S,EA
QFNS545,2435,31,P/P,EA
QFNS545,2460,32,F/V,EA
QFNS545,2470,33,4IP,EA
QFNS545,2480,34,PACK,EA
QFNS545,2490,35,SHIP,EA
QFNS556,2000,1,IQC,PCS
QFNS556,2003,2,TPM,PCS
QFNS556,2005,3,TAPING,PCS
QFNS556,2010,4,LAPPING,PCS
QFNS556,2020,5,A21 QUEUE,PCS
QFNS556,2030,6,W/M,PCS
QFNS556,2040,7,D/S,PCS
QFNS556,2050,8,A31,EA
QFNS556,2056,9,AOI,EA
QFNS556,2059,10,AOIR,EA
QFNS556,2060,11,2IP,EA
QFNS556,2061,12,UV,EA
QFNS556,2070,13,D/A,EA
QFNS556,2415,14,IR,EA
QFNS556,2206,15,A51,EA
QFNS556,2230,16,M/D QUEUE,EA
QFNS556,2251,17,PLASMA,EA
QFNS556,2260,18,PMT,EA
QFNS556,2300,19,M/D,EA
QFNS556,2302,20,DF,EA
QFNS556,2330,21,PMC,EA
QFNS556,6008,22,SLB,EA
QFNS556,2403,23,C/D,EA
QFNS556,2410,24,S/P,EA
QFNS556,2420,25,SP-I,EA
QFNS556,2425,26,INK CURE,EA
QFNS556,2320,27,T/M,EA
QFNS556,2430,28,F/S,EA
QFNS556,2435,29,P/P,EA
QFNS556,2460,30,F/V,EA
QFNS556,2470,31,4IP,EA
QFNS556,2472,32,PKC,EA
QFNS556,2480,33,PACK,EA
QFNS556,2490,34,SHIP,EA
QFNS582,2000,1,IQC,PCS
QFNS582,2003,2,TPM,PCS
QFNS582,2005,3,TAPING,PCS
QFNS582,2010,4,LAPPING,PCS
QFNS582,2020,5,A21 QUEUE,PCS
QFNS582,2030,6,W/M,PCS
QFNS582,2040,7,D/S,PCS
QFNS582,2050,8,A31,EA
QFNS582,2056,9,AOI,EA
QFNS582,2059,10,AOIR,EA
QFNS582,2060,11,2IP,EA
QFNS582,2070,12,D/A,EA
QFNS582,2080,13,D/A CURE,EA
QFNS582,2150,14,PLASMA,EA
QFNS582,2090,15,POST D/A Q,EA
QFNS582,2200,16,W/B,EA
QFNS582,2209,17,BMP,EA
QFNS582,2210,18,3IP,EA
QFNS582,2230,19,M/D QUEUE,EA
QFNS582,2251,20,PLASMA,EA
QFNS582,2260,21,PMT,EA
QFNS582,2300,22,M/D,EA
QFNS582,2302,23,DF,EA
QFNS582,2330,24,PMC,EA
QFNS582,6008,25,SLB,EA
QFNS582,2403,26,C/D,EA
QFNS582,2410,27,S/P,EA
QFNS582,2420,28,SP-I,EA
QFNS582,2470,29,4IP,EA
QFNS582,2425,30,INK CURE,EA
QFNS582,2320,31,T/M,EA
QFNS582,2430,32,F/S,EA
QFNS582,2435,33,P/P,EA
QFNS582,2472,34,PKC,EA
QFNS582,2480,35,PACK,EA
QFNS582,2490,36,SHIP,EA
QFNS605,2000,1,IQC,PCS
QFNS605,2003,2,TPM,PCS
QFNS605,2005,3,TAPING,PCS
QFNS605,2010,4,LAPPING,PCS
QFNS605,2020,5,A21 QUEUE,PCS
QFNS605,2030,6,W/M,PCS
QFNS605,2040,7,D/S,PCS
QFNS605,2050,8,A31,EA
QFNS605,2060,9,2IP,EA
QFNS605,2070,10,D/A,EA
QFNS605,2080,11,D/A CURE,EA
QFNS605,2150,12,PLASMA,EA
QFNS605,2090,13,POST D/A Q,EA
QFNS605,2200,14,W/B,EA
QFNS605,2209,15,BMP,EA
QFNS605,2210,16,3IP,EA
QFNS605,2230,17,M/D QUEUE,EA
QFNS605,2251,18,PLASMA,EA
QFNS605,2260,19,PMT,EA
QFNS605,2300,20,M/D,EA
QFNS605,2302,21,DF,EA
QFNS605,2330,22,PMC,EA
QFNS605,6008,23,SLB,EA
QFNS605,2403,24,C/D,EA
QFNS605,2410,25,S/P,EA
QFNS605,2420,26,SP-I,EA
QFNS605,2425,27,INK CURE,EA
QFNS605,2320,28,T/M,EA
QFNS605,2430,29,F/S,EA
QFNS605,2435,30,P/P,EA
QFNS605,2460,31,F/V,EA
QFNS605,2470,32,4IP,EA
QFNS605,2480,33,PACK,EA
QFNS605,2490,34,SHIP,EA
SMT001,5030,1,SLM,EA
SMT001,2051,2,SMTC,EA
SMT001,2052,3,SMT,EA
SMT001,2054,4,SMTI,EA
SMT001,2063,5,WAF-TRLT,EA
TSOPLF01,5030,1,SLM,EA
TSOPLF01,5080,2,MAT-TRLT,EA
WL002,2000,1,IQC,PCS
WL002,2030,2,W/M,PCS
WL002,2040,3,D/S,PCS
WL002,2050,4,A31,EA
WL002,2060,5,2IP,EA
WL002,2061,6,UV,EA
WL002,2068,7,WPP,EA
WL002,3720,8,DTR,EA
WL002,2470,9,4IP,EA
WL002,2480,10,PACK,EA
WL002,2490,11,SHIP,EA
WL008,2000,1,IQC,PCS
WL008,2005,2,TAPING,PCS
WL008,2010,3,LAPPING,PCS
WL008,2020,4,A21 QUEUE,PCS
WL008,2021,5,WBC,PCS
WL008,2022,6,WC,PCS
WL008,2025,7,WMK,PCS
WL008,2027,8,2IP3,PCS
WL008,2480,9,PACK,EA
WL008,2490,10,SHIP,EA
WL009,2000,1,IQC,PCS
WL009,2030,2,W/M,PCS
WL009,2040,3,D/S,PCS
WL009,2050,4,A31,EA
WL009,2060,5,2IP,EA
WL009,2480,6,PACK,EA
WL009,2490,7,SHIP,EA
WL010,2000,1,IQC,PCS
WL010,2050,2,A31,EA
WL010,2061,3,UV,EA
WL010,2068,4,WPP,EA
WL010,3720,5,DTR,EA
WL010,2470,6,4IP,EA
WL010,2480,7,PACK,EA
WL010,2490,8,SHIP,EA
WL014,2000,1,IQC,PCS
WL014,2005,2,TAPING,PCS
WL014,2010,3,LAPPING,PCS
WL014,2020,4,A21 QUEUE,PCS
WL014,2021,5,WBC,PCS
WL014,2022,6,WC,PCS
WL014,2025,7,WMK,PCS
WL014,2027,8,2IP3,PCS
WL014,2030,9,W/M,PCS
WL014,2040,10,D/S,PCS
WL014,2050,11,A31,EA
WL014,2060,12,2IP,EA
WL014,2061,13,UV,EA
WL014,2068,14,WPP,EA
WL014,3720,15,DTR,EA
WL014,2470,16,4IP,EA
WL014,2480,17,PACK,EA
WL014,2490,18,SHIP,EA
WL020,2000,1,IQC,PCS
WL020,2005,2,TAPING,PCS
WL020,2010,3,LAPPING,PCS
WL020,2020,4,A21 QUEUE,PCS
WL020,2022,5,WC,PCS
WL020,2025,6,WMK,PCS
WL020,2027,7,2IP3,PCS
WL020,2040,8,D/S,PCS
WL020,2050,9,A31,EA
WL020,2060,10,2IP,EA
WL020,2068,11,WPP,EA
WL020,3720,12,DTR,EA
WL020,2470,13,4IP,EA
WL020,2480,14,PACK,EA
WL020,2490,15,SHIP,EA
WL032,2000,1,IQC,PCS
WL032,2005,2,TAPING,PCS
WL032,2010,3,LAPPING,PCS
WL032,2020,4,A21 QUEUE,PCS
WL032,2022,5,WC,PCS
WL032,2025,6,WMK,PCS
WL032,2027,7,2IP3,PCS
WL032,2036,8,LGV,PCS
WL032,2040,9,D/S,PCS
WL032,2050,10,A31,EA
WL032,2060,11,2IP,EA
WL032,2068,12,WPP,EA
WL032,3720,13,DTR,EA
WL032,2470,14,4IP,EA
WL032,2480,15,PACK,EA
WL032,2490,16,SHIP,EA
WL034,2000,1,IQC,PCS
WL034,2005,2,TAPING,PCS
WL034,2010,3,LAPPING,PCS
WL034,2020,4,A21 QUEUE,PCS
WL034,2022,5,WC,PCS
WL034,2025,6,WMK,PCS
WL034,2027,7,2IP3,PCS
WL034,2480,8,PACK,EA
WL034,2490,9,SHIP,EA
WL035,2000,1,IQC,PCS
WL035,2050,2,A31,EA
WL035,2068,3,WPP,EA
WL035,3720,4,DTR,EA
WL035,2470,5,4IP,EA
WL035,2480,6,PACK,EA
WL035,2490,7,SHIP,EA
WL044,2000,1,IQC,PCS
WL044,2005,2,TAPING,PCS
WL044,2010,3,LAPPING,PCS
WL044,2020,4,A21 QUEUE,PCS
WL044,2021,5,WBC,PCS
WL044,2022,6,WC,PCS
WL044,2025,7,WMK,PCS
WL044,2027,8,2IP3,PCS
WL044,2030,9,W/M,PCS
WL044,2480,10,PACK,EA
WL044,2490,11,SHIP,EA
WL048,2000,1,IQC,PCS
WL048,2040,2,D/S,PCS
WL048,2050,3,A31,EA
WL048,2060,4,2IP,EA
WL048,2480,5,PACK,EA
WL048,2490,6,SHIP,EA
WL050,2000,1,IQC,PCS
WL050,2005,2,TAPING,PCS
WL050,2010,3,LAPPING,PCS
WL050,2025,4,WMK,PCS
WL050,2027,5,2IP3,PCS
WL050,2020,6,A21 QUEUE,PCS
WL050,2030,7,W/M,PCS
WL050,2036,8,LGV,PCS
WL050,2040,9,D/S,PCS
WL050,2050,10,A31,EA
WL050,2060,11,2IP,EA
WL050,2061,12,UV,EA
WL050,2068,13,WPP,EA
WL050,3720,14,DTR,EA
WL050,2470,15,4IP,EA
WL050,2480,16,PACK,EA
WL050,2490,17,SHIP,EA
